year,ventana_inicio,station_complex_id,station_complex,borough,n_registros_ventana
2020,2020-02-15,1,"Astoria-Ditmars Blvd (N,W)",Queens,1041
2020,2020-05-15,1,"Astoria-Ditmars Blvd (N,W)",Queens,835
2020,2020-08-15,1,"Astoria-Ditmars Blvd (N,W)",Queens,976
2020,2020-11-15,1,"Astoria-Ditmars Blvd (N,W)",Queens,1048
2021,2021-02-15,1,"Astoria-Ditmars Blvd (N,W)",Queens,1034
2021,2021-05-15,1,"Astoria-Ditmars Blvd (N,W)",Queens,1137
2021,2021-08-15,1,"Astoria-Ditmars Blvd (N,W)",Queens,1144
2021,2021-11-15,1,"Astoria-Ditmars Blvd (N,W)",Queens,1204
2022,2022-02-15,1,"Astoria-Ditmars Blvd (N,W)",Queens,1189
2022,2022-05-15,1,"Astoria-Ditmars Blvd (N,W)",Queens,1195
2022,2022-08-15,1,"Astoria-Ditmars Blvd (N,W)",Queens,1189
2022,2022-11-15,1,"Astoria-Ditmars Blvd (N,W)",Queens,1214
2023,2023-02-15,1,"Astoria-Ditmars Blvd (N,W)",Queens,1216
2023,2023-05-15,1,"Astoria-Ditmars Blvd (N,W)",Queens,1256
2023,2023-08-15,1,"Astoria-Ditmars Blvd (N,W)",Queens,1242
2023,2023-11-15,1,"Astoria-Ditmars Blvd (N,W)",Queens,1273
2024,2024-02-15,1,"Astoria-Ditmars Blvd (N,W)",Queens,1268
2024,2024-05-15,1,"Astoria-Ditmars Blvd (N,W)",Queens,1285
2024,2024-08-15,1,"Astoria-Ditmars Blvd (N,W)",Queens,1293
2024,2024-11-15,1,"Astoria-Ditmars Blvd (N,W)",Queens,1492
2020,2020-02-15,10,"49 St (N,R,W)",Manhattan,1020
2020,2020-05-15,10,"49 St (N,R,W)",Manhattan,706
2020,2020-08-15,10,"49 St (N,R,W)",Manhattan,925
2020,2020-11-15,10,"49 St (N,R,W)",Manhattan,1012
2021,2021-02-15,10,"49 St (N,R,W)",Manhattan,983
2021,2021-05-15,10,"49 St (N,R,W)",Manhattan,1140
2021,2021-08-15,10,"49 St (N,R,W)",Manhattan,1152
2021,2021-11-15,10,"49 St (N,R,W)",Manhattan,1216
2022,2022-02-15,10,"49 St (N,R,W)",Manhattan,1180
2022,2022-05-15,10,"49 St (N,R,W)",Manhattan,1238
2022,2022-08-15,10,"49 St (N,R,W)",Manhattan,1193
2022,2022-11-15,10,"49 St (N,R,W)",Manhattan,1222
2023,2023-02-15,10,"49 St (N,R,W)",Manhattan,1260
2023,2023-05-15,10,"49 St (N,R,W)",Manhattan,1283
2023,2023-08-15,10,"49 St (N,R,W)",Manhattan,1274
2023,2023-11-15,10,"49 St (N,R,W)",Manhattan,1315
2024,2024-02-15,10,"49 St (N,R,W)",Manhattan,1264
2024,2024-05-15,10,"49 St (N,R,W)",Manhattan,1342
2024,2024-08-15,10,"49 St (N,R,W)",Manhattan,1326
2024,2024-11-15,10,"49 St (N,R,W)",Manhattan,1496
2020,2020-02-15,100,"Hewes St (M,J)",Brooklyn,958
2020,2020-05-15,100,"Hewes St (M,J)",Brooklyn,667
2020,2020-08-15,100,"Hewes St (M,J)",Brooklyn,707
2020,2020-11-15,100,"Hewes St (M,J)",Brooklyn,945
2021,2021-02-15,100,"Hewes St (M,J)",Brooklyn,878
2021,2021-05-15,100,"Hewes St (M,J)",Brooklyn,1034
2021,2021-08-15,100,"Hewes St (M,J)",Brooklyn,1001
2021,2021-11-15,100,"Hewes St (M,J)",Brooklyn,1066
2022,2022-02-15,100,"Hewes St (M,J)",Brooklyn,1006
2022,2022-05-15,100,"Hewes St (M,J)",Brooklyn,1067
2022,2022-08-15,100,"Hewes St (M,J)",Brooklyn,1016
2022,2022-11-15,100,"Hewes St (M,J)",Brooklyn,1051
2023,2023-02-15,100,"Hewes St (M,J)",Brooklyn,1034
2023,2023-05-15,100,"Hewes St (M,J)",Brooklyn,1063
2023,2023-08-15,100,"Hewes St (M,J)",Brooklyn,981
2023,2023-11-15,100,"Hewes St (M,J)",Brooklyn,1054
2024,2024-02-15,100,"Hewes St (M,J)",Brooklyn,1107
2024,2024-05-15,100,"Hewes St (M,J)",Brooklyn,1075
2024,2024-08-15,100,"Hewes St (M,J)",Brooklyn,1027
2024,2024-11-15,100,"Hewes St (M,J)",Brooklyn,1225
2020,2020-02-15,101,"Marcy Av (M,J,Z)",Brooklyn,1061
2020,2020-05-15,101,"Marcy Av (M,J,Z)",Brooklyn,907
2020,2020-08-15,101,"Marcy Av (M,J,Z)",Brooklyn,861
2020,2020-11-15,101,"Marcy Av (M,J,Z)",Brooklyn,962
2021,2021-02-15,101,"Marcy Av (M,J,Z)",Brooklyn,1034
2021,2021-05-15,101,"Marcy Av (M,J,Z)",Brooklyn,892
2021,2021-08-15,101,"Marcy Av (M,J,Z)",Brooklyn,1170
2021,2021-11-15,101,"Marcy Av (M,J,Z)",Brooklyn,1181
2022,2022-02-15,101,"Marcy Av (M,J,Z)",Brooklyn,1203
2022,2022-05-15,101,"Marcy Av (M,J,Z)",Brooklyn,1208
2022,2022-08-15,101,"Marcy Av (M,J,Z)",Brooklyn,1190
2022,2022-11-15,101,"Marcy Av (M,J,Z)",Brooklyn,1200
2023,2023-02-15,101,"Marcy Av (M,J,Z)",Brooklyn,1211
2023,2023-05-15,101,"Marcy Av (M,J,Z)",Brooklyn,1256
2023,2023-08-15,101,"Marcy Av (M,J,Z)",Brooklyn,1237
2023,2023-11-15,101,"Marcy Av (M,J,Z)",Brooklyn,1267
2024,2024-02-15,101,"Marcy Av (M,J,Z)",Brooklyn,832
2024,2024-05-15,101,"Marcy Av (M,J,Z)",Brooklyn,1267
2024,2024-08-15,101,"Marcy Av (M,J,Z)",Brooklyn,1244
2024,2024-11-15,101,"Marcy Av (M,J,Z)",Brooklyn,1047
2020,2020-02-15,103,"Bowery (J,Z)",Manhattan,955
2020,2020-05-15,103,"Bowery (J,Z)",Manhattan,540
2020,2020-08-15,103,"Bowery (J,Z)",Manhattan,746
2020,2020-11-15,103,"Bowery (J,Z)",Manhattan,757
2021,2021-02-15,103,"Bowery (J,Z)",Manhattan,810
2021,2021-05-15,103,"Bowery (J,Z)",Manhattan,701
2021,2021-08-15,103,"Bowery (J,Z)",Manhattan,989
2021,2021-11-15,103,"Bowery (J,Z)",Manhattan,1068
2022,2022-02-15,103,"Bowery (J,Z)",Manhattan,1053
2022,2022-05-15,103,"Bowery (J,Z)",Manhattan,791
2022,2022-08-15,103,"Bowery (J,Z)",Manhattan,1038
2022,2022-11-15,103,"Bowery (J,Z)",Manhattan,1073
2023,2023-02-15,103,"Bowery (J,Z)",Manhattan,1057
2023,2023-05-15,103,"Bowery (J,Z)",Manhattan,956
2023,2023-08-15,103,"Bowery (J,Z)",Manhattan,1058
2023,2023-11-15,103,"Bowery (J,Z)",Manhattan,781
2024,2024-02-15,103,"Bowery (J,Z)",Manhattan,612
2024,2024-05-15,103,"Bowery (J,Z)",Manhattan,1099
2024,2024-08-15,103,"Bowery (J,Z)",Manhattan,1069
2024,2024-11-15,103,"Bowery (J,Z)",Manhattan,800
2020,2020-02-15,107,"Broad St (J,Z)",Manhattan,916
2020,2020-05-15,107,"Broad St (J,Z)",Manhattan,629
2020,2020-08-15,107,"Broad St (J,Z)",Manhattan,787
2020,2020-11-15,107,"Broad St (J,Z)",Manhattan,823
2021,2021-02-15,107,"Broad St (J,Z)",Manhattan,859
2021,2021-05-15,107,"Broad St (J,Z)",Manhattan,740
2021,2021-08-15,107,"Broad St (J,Z)",Manhattan,1009
2021,2021-11-15,107,"Broad St (J,Z)",Manhattan,1034
2022,2022-02-15,107,"Broad St (J,Z)",Manhattan,1047
2022,2022-05-15,107,"Broad St (J,Z)",Manhattan,792
2022,2022-08-15,107,"Broad St (J,Z)",Manhattan,997
2022,2022-11-15,107,"Broad St (J,Z)",Manhattan,1063
2023,2023-02-15,107,"Broad St (J,Z)",Manhattan,1052
2023,2023-05-15,107,"Broad St (J,Z)",Manhattan,965
2023,2023-08-15,107,"Broad St (J,Z)",Manhattan,1060
2023,2023-11-15,107,"Broad St (J,Z)",Manhattan,815
2024,2024-02-15,107,"Broad St (J,Z)",Manhattan,666
2024,2024-05-15,107,"Broad St (J,Z)",Manhattan,1106
2024,2024-08-15,107,"Broad St (J,Z)",Manhattan,1041
2024,2024-11-15,107,"Broad St (J,Z)",Manhattan,907
2020,2020-02-15,108,Middle Village-Metropolitan Av (M),Queens,928
2020,2020-05-15,108,Middle Village-Metropolitan Av (M),Queens,709
2020,2020-08-15,108,Middle Village-Metropolitan Av (M),Queens,745
2020,2020-11-15,108,Middle Village-Metropolitan Av (M),Queens,859
2021,2021-02-15,108,Middle Village-Metropolitan Av (M),Queens,923
2021,2021-05-15,108,Middle Village-Metropolitan Av (M),Queens,1043
2021,2021-08-15,108,Middle Village-Metropolitan Av (M),Queens,828
2021,2021-11-15,108,Middle Village-Metropolitan Av (M),Queens,1055
2022,2022-02-15,108,Middle Village-Metropolitan Av (M),Queens,1052
2022,2022-05-15,108,Middle Village-Metropolitan Av (M),Queens,1079
2022,2022-08-15,108,Middle Village-Metropolitan Av (M),Queens,1081
2022,2022-11-15,108,Middle Village-Metropolitan Av (M),Queens,1085
2023,2023-02-15,108,Middle Village-Metropolitan Av (M),Queens,1085
2023,2023-05-15,108,Middle Village-Metropolitan Av (M),Queens,802
2023,2023-08-15,108,Middle Village-Metropolitan Av (M),Queens,1085
2023,2023-11-15,108,Middle Village-Metropolitan Av (M),Queens,1101
2024,2024-02-15,108,Middle Village-Metropolitan Av (M),Queens,1095
2024,2024-05-15,108,Middle Village-Metropolitan Av (M),Queens,1141
2024,2024-08-15,108,Middle Village-Metropolitan Av (M),Queens,1110
2024,2024-11-15,108,Middle Village-Metropolitan Av (M),Queens,1251
2020,2020-02-15,109,Fresh Pond Rd (M),Queens,972
2020,2020-05-15,109,Fresh Pond Rd (M),Queens,762
2020,2020-08-15,109,Fresh Pond Rd (M),Queens,778
2020,2020-11-15,109,Fresh Pond Rd (M),Queens,856
2021,2021-02-15,109,Fresh Pond Rd (M),Queens,934
2021,2021-05-15,109,Fresh Pond Rd (M),Queens,1055
2021,2021-08-15,109,Fresh Pond Rd (M),Queens,817
2021,2021-11-15,109,Fresh Pond Rd (M),Queens,1081
2022,2022-02-15,109,Fresh Pond Rd (M),Queens,1077
2022,2022-05-15,109,Fresh Pond Rd (M),Queens,1115
2022,2022-08-15,109,Fresh Pond Rd (M),Queens,1083
2022,2022-11-15,109,Fresh Pond Rd (M),Queens,1108
2023,2023-02-15,109,Fresh Pond Rd (M),Queens,1100
2023,2023-05-15,109,Fresh Pond Rd (M),Queens,834
2023,2023-08-15,109,Fresh Pond Rd (M),Queens,1095
2023,2023-11-15,109,Fresh Pond Rd (M),Queens,1119
2024,2024-02-15,109,Fresh Pond Rd (M),Queens,1113
2024,2024-05-15,109,Fresh Pond Rd (M),Queens,1135
2024,2024-08-15,109,Fresh Pond Rd (M),Queens,1110
2024,2024-11-15,109,Fresh Pond Rd (M),Queens,1246
2020,2020-02-15,110,Forest Av (M),Queens,924
2020,2020-05-15,110,Forest Av (M),Queens,585
2020,2020-08-15,110,Forest Av (M),Queens,671
2020,2020-11-15,110,Forest Av (M),Queens,787
2021,2021-02-15,110,Forest Av (M),Queens,854
2021,2021-05-15,110,Forest Av (M),Queens,960
2021,2021-08-15,110,Forest Av (M),Queens,742
2021,2021-11-15,110,Forest Av (M),Queens,1024
2022,2022-02-15,110,Forest Av (M),Queens,1013
2022,2022-05-15,110,Forest Av (M),Queens,1035
2022,2022-08-15,110,Forest Av (M),Queens,1011
2022,2022-11-15,110,Forest Av (M),Queens,1039
2023,2023-02-15,110,Forest Av (M),Queens,1026
2023,2023-05-15,110,Forest Av (M),Queens,753
2023,2023-08-15,110,Forest Av (M),Queens,1013
2023,2023-11-15,110,Forest Av (M),Queens,1038
2024,2024-02-15,110,Forest Av (M),Queens,1028
2024,2024-05-15,110,Forest Av (M),Queens,1075
2024,2024-08-15,110,Forest Av (M),Queens,1010
2024,2024-11-15,110,Forest Av (M),Queens,1166
2020,2020-02-15,111,Seneca Av (M),Queens,929
2020,2020-05-15,111,Seneca Av (M),Queens,588
2020,2020-08-15,111,Seneca Av (M),Queens,665
2020,2020-11-15,111,Seneca Av (M),Queens,767
2021,2021-02-15,111,Seneca Av (M),Queens,804
2021,2021-05-15,111,Seneca Av (M),Queens,899
2021,2021-08-15,111,Seneca Av (M),Queens,741
2021,2021-11-15,111,Seneca Av (M),Queens,985
2022,2022-02-15,111,Seneca Av (M),Queens,973
2022,2022-05-15,111,Seneca Av (M),Queens,986
2022,2022-08-15,111,Seneca Av (M),Queens,980
2022,2022-11-15,111,Seneca Av (M),Queens,883
2023,2023-02-15,111,Seneca Av (M),Queens,980
2023,2023-05-15,111,Seneca Av (M),Queens,745
2023,2023-08-15,111,Seneca Av (M),Queens,983
2023,2023-11-15,111,Seneca Av (M),Queens,994
2024,2024-02-15,111,Seneca Av (M),Queens,981
2024,2024-05-15,111,Seneca Av (M),Queens,1025
2024,2024-08-15,111,Seneca Av (M),Queens,967
2024,2024-11-15,111,Seneca Av (M),Queens,1056
2020,2020-02-15,113,Knickerbocker Av (M),Brooklyn,973
2020,2020-05-15,113,Knickerbocker Av (M),Brooklyn,667
2020,2020-08-15,113,Knickerbocker Av (M),Brooklyn,706
2020,2020-11-15,113,Knickerbocker Av (M),Brooklyn,799
2021,2021-02-15,113,Knickerbocker Av (M),Brooklyn,861
2021,2021-05-15,113,Knickerbocker Av (M),Brooklyn,968
2021,2021-08-15,113,Knickerbocker Av (M),Brooklyn,790
2021,2021-11-15,113,Knickerbocker Av (M),Brooklyn,1053
2022,2022-02-15,113,Knickerbocker Av (M),Brooklyn,1016
2022,2022-05-15,113,Knickerbocker Av (M),Brooklyn,1047
2022,2022-08-15,113,Knickerbocker Av (M),Brooklyn,1027
2022,2022-11-15,113,Knickerbocker Av (M),Brooklyn,1065
2023,2023-02-15,113,Knickerbocker Av (M),Brooklyn,1037
2023,2023-05-15,113,Knickerbocker Av (M),Brooklyn,773
2023,2023-08-15,113,Knickerbocker Av (M),Brooklyn,1036
2023,2023-11-15,113,Knickerbocker Av (M),Brooklyn,1029
2024,2024-02-15,113,Knickerbocker Av (M),Brooklyn,1018
2024,2024-05-15,113,Knickerbocker Av (M),Brooklyn,1065
2024,2024-08-15,113,Knickerbocker Av (M),Brooklyn,1043
2024,2024-11-15,113,Knickerbocker Av (M),Brooklyn,1154
2020,2020-02-15,114,Central Av (M),Brooklyn,931
2020,2020-05-15,114,Central Av (M),Brooklyn,592
2020,2020-08-15,114,Central Av (M),Brooklyn,661
2020,2020-11-15,114,Central Av (M),Brooklyn,755
2021,2021-02-15,114,Central Av (M),Brooklyn,829
2021,2021-05-15,114,Central Av (M),Brooklyn,940
2021,2021-08-15,114,Central Av (M),Brooklyn,791
2021,2021-11-15,114,Central Av (M),Brooklyn,1029
2022,2022-02-15,114,Central Av (M),Brooklyn,1009
2022,2022-05-15,114,Central Av (M),Brooklyn,1019
2022,2022-08-15,114,Central Av (M),Brooklyn,999
2022,2022-11-15,114,Central Av (M),Brooklyn,1035
2023,2023-02-15,114,Central Av (M),Brooklyn,1006
2023,2023-05-15,114,Central Av (M),Brooklyn,770
2023,2023-08-15,114,Central Av (M),Brooklyn,999
2023,2023-11-15,114,Central Av (M),Brooklyn,1011
2024,2024-02-15,114,Central Av (M),Brooklyn,1040
2024,2024-05-15,114,Central Av (M),Brooklyn,1058
2024,2024-08-15,114,Central Av (M),Brooklyn,1020
2024,2024-11-15,114,Central Av (M),Brooklyn,1085
2020,2020-02-15,118,3 Av (L),Manhattan,920
2020,2020-05-15,118,3 Av (L),Manhattan,675
2020,2020-08-15,118,3 Av (L),Manhattan,768
2020,2020-11-15,118,3 Av (L),Manhattan,947
2021,2021-02-15,118,3 Av (L),Manhattan,934
2021,2021-05-15,118,3 Av (L),Manhattan,1074
2021,2021-08-15,118,3 Av (L),Manhattan,1070
2021,2021-11-15,118,3 Av (L),Manhattan,1142
2022,2022-02-15,118,3 Av (L),Manhattan,1117
2022,2022-05-15,118,3 Av (L),Manhattan,1156
2022,2022-08-15,118,3 Av (L),Manhattan,1076
2022,2022-11-15,118,3 Av (L),Manhattan,1119
2023,2023-02-15,118,3 Av (L),Manhattan,1142
2023,2023-05-15,118,3 Av (L),Manhattan,1161
2023,2023-08-15,118,3 Av (L),Manhattan,1109
2023,2023-11-15,118,3 Av (L),Manhattan,1188
2024,2024-02-15,118,3 Av (L),Manhattan,1181
2024,2024-05-15,118,3 Av (L),Manhattan,1173
2024,2024-08-15,118,3 Av (L),Manhattan,1143
2024,2024-11-15,118,3 Av (L),Manhattan,1283
2020,2020-02-15,119,1 Av (L),Manhattan,1019
2020,2020-05-15,119,1 Av (L),Manhattan,856
2020,2020-08-15,119,1 Av (L),Manhattan,846
2020,2020-11-15,119,1 Av (L),Manhattan,1062
2021,2021-02-15,119,1 Av (L),Manhattan,1042
2021,2021-05-15,119,1 Av (L),Manhattan,1170
2021,2021-08-15,119,1 Av (L),Manhattan,1184
2021,2021-11-15,119,1 Av (L),Manhattan,1234
2022,2022-02-15,119,1 Av (L),Manhattan,1212
2022,2022-05-15,119,1 Av (L),Manhattan,1237
2022,2022-08-15,119,1 Av (L),Manhattan,1199
2022,2022-11-15,119,1 Av (L),Manhattan,1258
2023,2023-02-15,119,1 Av (L),Manhattan,1290
2023,2023-05-15,119,1 Av (L),Manhattan,1319
2023,2023-08-15,119,1 Av (L),Manhattan,1276
2023,2023-11-15,119,1 Av (L),Manhattan,1329
2024,2024-02-15,119,1 Av (L),Manhattan,1316
2024,2024-05-15,119,1 Av (L),Manhattan,1334
2024,2024-08-15,119,1 Av (L),Manhattan,1303
2024,2024-11-15,119,1 Av (L),Manhattan,1511
2020,2020-02-15,120,Bedford Av (L),Brooklyn,1047
2020,2020-05-15,120,Bedford Av (L),Brooklyn,832
2020,2020-08-15,120,Bedford Av (L),Brooklyn,850
2020,2020-11-15,120,Bedford Av (L),Brooklyn,1047
2021,2021-02-15,120,Bedford Av (L),Brooklyn,1033
2021,2021-05-15,120,Bedford Av (L),Brooklyn,1149
2021,2021-08-15,120,Bedford Av (L),Brooklyn,1205
2021,2021-11-15,120,Bedford Av (L),Brooklyn,1212
2022,2022-02-15,120,Bedford Av (L),Brooklyn,1214
2022,2022-05-15,120,Bedford Av (L),Brooklyn,1243
2022,2022-08-15,120,Bedford Av (L),Brooklyn,1223
2022,2022-11-15,120,Bedford Av (L),Brooklyn,1262
2023,2023-02-15,120,Bedford Av (L),Brooklyn,1277
2023,2023-05-15,120,Bedford Av (L),Brooklyn,1330
2023,2023-08-15,120,Bedford Av (L),Brooklyn,1306
2023,2023-11-15,120,Bedford Av (L),Brooklyn,1335
2024,2024-02-15,120,Bedford Av (L),Brooklyn,1323
2024,2024-05-15,120,Bedford Av (L),Brooklyn,1351
2024,2024-08-15,120,Bedford Av (L),Brooklyn,1430
2024,2024-11-15,120,Bedford Av (L),Brooklyn,1530
2020,2020-02-15,122,Graham Av (L),Brooklyn,585
2020,2020-05-15,122,Graham Av (L),Brooklyn,754
2020,2020-08-15,122,Graham Av (L),Brooklyn,791
2020,2020-11-15,122,Graham Av (L),Brooklyn,973
2021,2021-02-15,122,Graham Av (L),Brooklyn,970
2021,2021-05-15,122,Graham Av (L),Brooklyn,1088
2021,2021-08-15,122,Graham Av (L),Brooklyn,1106
2021,2021-11-15,122,Graham Av (L),Brooklyn,1159
2022,2022-02-15,122,Graham Av (L),Brooklyn,1128
2022,2022-05-15,122,Graham Av (L),Brooklyn,1154
2022,2022-08-15,122,Graham Av (L),Brooklyn,827
2022,2022-11-15,122,Graham Av (L),Brooklyn,849
2023,2023-02-15,122,Graham Av (L),Brooklyn,1139
2023,2023-05-15,122,Graham Av (L),Brooklyn,1174
2023,2023-08-15,122,Graham Av (L),Brooklyn,1146
2023,2023-11-15,122,Graham Av (L),Brooklyn,1188
2024,2024-02-15,122,Graham Av (L),Brooklyn,1178
2024,2024-05-15,122,Graham Av (L),Brooklyn,1188
2024,2024-08-15,122,Graham Av (L),Brooklyn,1151
2024,2024-11-15,122,Graham Av (L),Brooklyn,1338
2020,2020-02-15,123,Grand St (L),Brooklyn,580
2020,2020-05-15,123,Grand St (L),Brooklyn,777
2020,2020-08-15,123,Grand St (L),Brooklyn,788
2020,2020-11-15,123,Grand St (L),Brooklyn,970
2021,2021-02-15,123,Grand St (L),Brooklyn,956
2021,2021-05-15,123,Grand St (L),Brooklyn,1094
2021,2021-08-15,123,Grand St (L),Brooklyn,1097
2021,2021-11-15,123,Grand St (L),Brooklyn,1149
2022,2022-02-15,123,Grand St (L),Brooklyn,1139
2022,2022-05-15,123,Grand St (L),Brooklyn,1174
2022,2022-08-15,123,Grand St (L),Brooklyn,841
2022,2022-11-15,123,Grand St (L),Brooklyn,856
2023,2023-02-15,123,Grand St (L),Brooklyn,1175
2023,2023-05-15,123,Grand St (L),Brooklyn,1206
2023,2023-08-15,123,Grand St (L),Brooklyn,1159
2023,2023-11-15,123,Grand St (L),Brooklyn,1212
2024,2024-02-15,123,Grand St (L),Brooklyn,1184
2024,2024-05-15,123,Grand St (L),Brooklyn,1193
2024,2024-08-15,123,Grand St (L),Brooklyn,1185
2024,2024-11-15,123,Grand St (L),Brooklyn,1376
2020,2020-02-15,124,Montrose Av (L),Brooklyn,588
2020,2020-05-15,124,Montrose Av (L),Brooklyn,764
2020,2020-08-15,124,Montrose Av (L),Brooklyn,793
2020,2020-11-15,124,Montrose Av (L),Brooklyn,972
2021,2021-02-15,124,Montrose Av (L),Brooklyn,944
2021,2021-05-15,124,Montrose Av (L),Brooklyn,1109
2021,2021-08-15,124,Montrose Av (L),Brooklyn,1130
2021,2021-11-15,124,Montrose Av (L),Brooklyn,1186
2022,2022-02-15,124,Montrose Av (L),Brooklyn,1169
2022,2022-05-15,124,Montrose Av (L),Brooklyn,1184
2022,2022-08-15,124,Montrose Av (L),Brooklyn,830
2022,2022-11-15,124,Montrose Av (L),Brooklyn,841
2023,2023-02-15,124,Montrose Av (L),Brooklyn,1165
2023,2023-05-15,124,Montrose Av (L),Brooklyn,1196
2023,2023-08-15,124,Montrose Av (L),Brooklyn,1158
2023,2023-11-15,124,Montrose Av (L),Brooklyn,1186
2024,2024-02-15,124,Montrose Av (L),Brooklyn,1193
2024,2024-05-15,124,Montrose Av (L),Brooklyn,1169
2024,2024-08-15,124,Montrose Av (L),Brooklyn,1169
2024,2024-11-15,124,Montrose Av (L),Brooklyn,1350
2020,2020-02-15,125,Morgan Av (L),Brooklyn,574
2020,2020-05-15,125,Morgan Av (L),Brooklyn,728
2020,2020-08-15,125,Morgan Av (L),Brooklyn,742
2020,2020-11-15,125,Morgan Av (L),Brooklyn,942
2021,2021-02-15,125,Morgan Av (L),Brooklyn,908
2021,2021-05-15,125,Morgan Av (L),Brooklyn,1053
2021,2021-08-15,125,Morgan Av (L),Brooklyn,1071
2021,2021-11-15,125,Morgan Av (L),Brooklyn,1139
2022,2022-02-15,125,Morgan Av (L),Brooklyn,1115
2022,2022-05-15,125,Morgan Av (L),Brooklyn,1123
2022,2022-08-15,125,Morgan Av (L),Brooklyn,817
2022,2022-11-15,125,Morgan Av (L),Brooklyn,832
2023,2023-02-15,125,Morgan Av (L),Brooklyn,1139
2023,2023-05-15,125,Morgan Av (L),Brooklyn,1157
2023,2023-08-15,125,Morgan Av (L),Brooklyn,1110
2023,2023-11-15,125,Morgan Av (L),Brooklyn,1163
2024,2024-02-15,125,Morgan Av (L),Brooklyn,1138
2024,2024-05-15,125,Morgan Av (L),Brooklyn,1150
2024,2024-08-15,125,Morgan Av (L),Brooklyn,1136
2024,2024-11-15,125,Morgan Av (L),Brooklyn,1283
2020,2020-02-15,126,Jefferson St (L),Brooklyn,579
2020,2020-05-15,126,Jefferson St (L),Brooklyn,728
2020,2020-08-15,126,Jefferson St (L),Brooklyn,776
2020,2020-11-15,126,Jefferson St (L),Brooklyn,971
2021,2021-02-15,126,Jefferson St (L),Brooklyn,938
2021,2021-05-15,126,Jefferson St (L),Brooklyn,1095
2021,2021-08-15,126,Jefferson St (L),Brooklyn,1139
2021,2021-11-15,126,Jefferson St (L),Brooklyn,1178
2022,2022-02-15,126,Jefferson St (L),Brooklyn,1155
2022,2022-05-15,126,Jefferson St (L),Brooklyn,1183
2022,2022-08-15,126,Jefferson St (L),Brooklyn,881
2022,2022-11-15,126,Jefferson St (L),Brooklyn,856
2023,2023-02-15,126,Jefferson St (L),Brooklyn,1189
2023,2023-05-15,126,Jefferson St (L),Brooklyn,1203
2023,2023-08-15,126,Jefferson St (L),Brooklyn,1201
2023,2023-11-15,126,Jefferson St (L),Brooklyn,1194
2024,2024-02-15,126,Jefferson St (L),Brooklyn,1205
2024,2024-05-15,126,Jefferson St (L),Brooklyn,1203
2024,2024-08-15,126,Jefferson St (L),Brooklyn,1207
2024,2024-11-15,126,Jefferson St (L),Brooklyn,1371
2020,2020-02-15,127,DeKalb Av (L),Brooklyn,622
2020,2020-05-15,127,DeKalb Av (L),Brooklyn,830
2020,2020-08-15,127,DeKalb Av (L),Brooklyn,829
2020,2020-11-15,127,DeKalb Av (L),Brooklyn,1028
2021,2021-02-15,127,DeKalb Av (L),Brooklyn,1021
2021,2021-05-15,127,DeKalb Av (L),Brooklyn,1154
2021,2021-08-15,127,DeKalb Av (L),Brooklyn,1161
2021,2021-11-15,127,DeKalb Av (L),Brooklyn,1192
2022,2022-02-15,127,DeKalb Av (L),Brooklyn,1183
2022,2022-05-15,127,DeKalb Av (L),Brooklyn,1193
2022,2022-08-15,127,DeKalb Av (L),Brooklyn,864
2022,2022-11-15,127,DeKalb Av (L),Brooklyn,861
2023,2023-02-15,127,DeKalb Av (L),Brooklyn,1168
2023,2023-05-15,127,DeKalb Av (L),Brooklyn,1203
2023,2023-08-15,127,DeKalb Av (L),Brooklyn,1179
2023,2023-11-15,127,DeKalb Av (L),Brooklyn,1215
2024,2024-02-15,127,DeKalb Av (L),Brooklyn,1204
2024,2024-05-15,127,DeKalb Av (L),Brooklyn,1201
2024,2024-08-15,127,DeKalb Av (L),Brooklyn,1204
2024,2024-11-15,127,DeKalb Av (L),Brooklyn,1376
2020,2020-02-15,129,Halsey St (L),Queens,597
2020,2020-05-15,129,Halsey St (L),Queens,792
2020,2020-08-15,129,Halsey St (L),Queens,780
2020,2020-11-15,129,Halsey St (L),Queens,971
2021,2021-02-15,129,Halsey St (L),Queens,947
2021,2021-05-15,129,Halsey St (L),Queens,1113
2021,2021-08-15,129,Halsey St (L),Queens,1149
2021,2021-11-15,129,Halsey St (L),Queens,1171
2022,2022-02-15,129,Halsey St (L),Queens,1162
2022,2022-05-15,129,Halsey St (L),Queens,1159
2022,2022-08-15,129,Halsey St (L),Queens,1126
2022,2022-11-15,129,Halsey St (L),Queens,1151
2023,2023-02-15,129,Halsey St (L),Queens,1180
2023,2023-05-15,129,Halsey St (L),Queens,1152
2023,2023-08-15,129,Halsey St (L),Queens,1179
2023,2023-11-15,129,Halsey St (L),Queens,1176
2024,2024-02-15,129,Halsey St (L),Queens,1180
2024,2024-05-15,129,Halsey St (L),Queens,1196
2024,2024-08-15,129,Halsey St (L),Queens,1161
2024,2024-11-15,129,Halsey St (L),Queens,1352
2020,2020-02-15,13,"28 St (R,W)",Manhattan,954
2020,2020-05-15,13,"28 St (R,W)",Manhattan,644
2020,2020-08-15,13,"28 St (R,W)",Manhattan,894
2020,2020-11-15,13,"28 St (R,W)",Manhattan,936
2021,2021-02-15,13,"28 St (R,W)",Manhattan,894
2021,2021-05-15,13,"28 St (R,W)",Manhattan,1031
2021,2021-08-15,13,"28 St (R,W)",Manhattan,1073
2021,2021-11-15,13,"28 St (R,W)",Manhattan,1122
2022,2022-02-15,13,"28 St (R,W)",Manhattan,1106
2022,2022-05-15,13,"28 St (R,W)",Manhattan,1143
2022,2022-08-15,13,"28 St (R,W)",Manhattan,1092
2022,2022-11-15,13,"28 St (R,W)",Manhattan,1150
2023,2023-02-15,13,"28 St (R,W)",Manhattan,1167
2023,2023-05-15,13,"28 St (R,W)",Manhattan,1196
2023,2023-08-15,13,"28 St (R,W)",Manhattan,1177
2023,2023-11-15,13,"28 St (R,W)",Manhattan,1219
2024,2024-02-15,13,"28 St (R,W)",Manhattan,1181
2024,2024-05-15,13,"28 St (R,W)",Manhattan,1226
2024,2024-08-15,13,"28 St (R,W)",Manhattan,1208
2024,2024-11-15,13,"28 St (R,W)",Manhattan,1344
2020,2020-02-15,130,Wilson Av (L),Brooklyn,558
2020,2020-05-15,130,Wilson Av (L),Brooklyn,648
2020,2020-08-15,130,Wilson Av (L),Brooklyn,718
2020,2020-11-15,130,Wilson Av (L),Brooklyn,910
2021,2021-02-15,130,Wilson Av (L),Brooklyn,881
2021,2021-05-15,130,Wilson Av (L),Brooklyn,1040
2021,2021-08-15,130,Wilson Av (L),Brooklyn,1044
2021,2021-11-15,130,Wilson Av (L),Brooklyn,1083
2022,2022-02-15,130,Wilson Av (L),Brooklyn,1083
2022,2022-05-15,130,Wilson Av (L),Brooklyn,1097
2022,2022-08-15,130,Wilson Av (L),Brooklyn,1066
2022,2022-11-15,130,Wilson Av (L),Brooklyn,1079
2023,2023-02-15,130,Wilson Av (L),Brooklyn,1112
2023,2023-05-15,130,Wilson Av (L),Brooklyn,1117
2023,2023-08-15,130,Wilson Av (L),Brooklyn,1044
2023,2023-11-15,130,Wilson Av (L),Brooklyn,1088
2024,2024-02-15,130,Wilson Av (L),Brooklyn,1101
2024,2024-05-15,130,Wilson Av (L),Brooklyn,1126
2024,2024-08-15,130,Wilson Av (L),Brooklyn,1059
2024,2024-11-15,130,Wilson Av (L),Brooklyn,1248
2020,2020-02-15,131,Bushwick Av-Aberdeen St (L),Brooklyn,514
2020,2020-05-15,131,Bushwick Av-Aberdeen St (L),Brooklyn,570
2020,2020-08-15,131,Bushwick Av-Aberdeen St (L),Brooklyn,668
2020,2020-11-15,131,Bushwick Av-Aberdeen St (L),Brooklyn,835
2021,2021-02-15,131,Bushwick Av-Aberdeen St (L),Brooklyn,824
2021,2021-05-15,131,Bushwick Av-Aberdeen St (L),Brooklyn,972
2021,2021-08-15,131,Bushwick Av-Aberdeen St (L),Brooklyn,957
2021,2021-11-15,131,Bushwick Av-Aberdeen St (L),Brooklyn,1004
2022,2022-02-15,131,Bushwick Av-Aberdeen St (L),Brooklyn,1000
2022,2022-05-15,131,Bushwick Av-Aberdeen St (L),Brooklyn,1018
2022,2022-08-15,131,Bushwick Av-Aberdeen St (L),Brooklyn,951
2022,2022-11-15,131,Bushwick Av-Aberdeen St (L),Brooklyn,968
2023,2023-02-15,131,Bushwick Av-Aberdeen St (L),Brooklyn,1001
2023,2023-05-15,131,Bushwick Av-Aberdeen St (L),Brooklyn,1001
2023,2023-08-15,131,Bushwick Av-Aberdeen St (L),Brooklyn,962
2023,2023-11-15,131,Bushwick Av-Aberdeen St (L),Brooklyn,1014
2024,2024-02-15,131,Bushwick Av-Aberdeen St (L),Brooklyn,1039
2024,2024-05-15,131,Bushwick Av-Aberdeen St (L),Brooklyn,1047
2024,2024-08-15,131,Bushwick Av-Aberdeen St (L),Brooklyn,997
2024,2024-11-15,131,Bushwick Av-Aberdeen St (L),Brooklyn,1104
2020,2020-02-15,133,Atlantic Av (L),Brooklyn,798
2020,2020-05-15,133,Atlantic Av (L),Brooklyn,617
2020,2020-08-15,133,Atlantic Av (L),Brooklyn,631
2020,2020-11-15,133,Atlantic Av (L),Brooklyn,774
2021,2021-02-15,133,Atlantic Av (L),Brooklyn,582
2021,2021-05-15,133,Atlantic Av (L),Brooklyn,931
2021,2021-08-15,133,Atlantic Av (L),Brooklyn,799
2021,2021-11-15,133,Atlantic Av (L),Brooklyn,969
2022,2022-02-15,133,Atlantic Av (L),Brooklyn,954
2022,2022-05-15,133,Atlantic Av (L),Brooklyn,978
2022,2022-08-15,133,Atlantic Av (L),Brooklyn,887
2022,2022-11-15,133,Atlantic Av (L),Brooklyn,1007
2023,2023-02-15,133,Atlantic Av (L),Brooklyn,974
2023,2023-05-15,133,Atlantic Av (L),Brooklyn,1010
2023,2023-08-15,133,Atlantic Av (L),Brooklyn,967
2023,2023-11-15,133,Atlantic Av (L),Brooklyn,1000
2024,2024-02-15,133,Atlantic Av (L),Brooklyn,1024
2024,2024-05-15,133,Atlantic Av (L),Brooklyn,771
2024,2024-08-15,133,Atlantic Av (L),Brooklyn,1000
2024,2024-11-15,133,Atlantic Av (L),Brooklyn,1132
2020,2020-02-15,134,Sutter Av (L),Brooklyn,982
2020,2020-05-15,134,Sutter Av (L),Brooklyn,829
2020,2020-08-15,134,Sutter Av (L),Brooklyn,786
2020,2020-11-15,134,Sutter Av (L),Brooklyn,896
2021,2021-02-15,134,Sutter Av (L),Brooklyn,683
2021,2021-05-15,134,Sutter Av (L),Brooklyn,1065
2021,2021-08-15,134,Sutter Av (L),Brooklyn,920
2021,2021-11-15,134,Sutter Av (L),Brooklyn,1095
2022,2022-02-15,134,Sutter Av (L),Brooklyn,1077
2022,2022-05-15,134,Sutter Av (L),Brooklyn,1086
2022,2022-08-15,134,Sutter Av (L),Brooklyn,1085
2022,2022-11-15,134,Sutter Av (L),Brooklyn,1100
2023,2023-02-15,134,Sutter Av (L),Brooklyn,1085
2023,2023-05-15,134,Sutter Av (L),Brooklyn,1143
2023,2023-08-15,134,Sutter Av (L),Brooklyn,1093
2023,2023-11-15,134,Sutter Av (L),Brooklyn,1097
2024,2024-02-15,134,Sutter Av (L),Brooklyn,1098
2024,2024-05-15,134,Sutter Av (L),Brooklyn,856
2024,2024-08-15,134,Sutter Av (L),Brooklyn,1119
2024,2024-11-15,134,Sutter Av (L),Brooklyn,1279
2020,2020-02-15,135,Livonia Av (L),Brooklyn,961
2020,2020-05-15,135,Livonia Av (L),Brooklyn,799
2020,2020-08-15,135,Livonia Av (L),Brooklyn,770
2020,2020-11-15,135,Livonia Av (L),Brooklyn,737
2021,2021-02-15,135,Livonia Av (L),Brooklyn,639
2021,2021-05-15,135,Livonia Av (L),Brooklyn,917
2021,2021-08-15,135,Livonia Av (L),Brooklyn,881
2021,2021-11-15,135,Livonia Av (L),Brooklyn,1083
2022,2022-02-15,135,Livonia Av (L),Brooklyn,1071
2022,2022-05-15,135,Livonia Av (L),Brooklyn,1083
2022,2022-08-15,135,Livonia Av (L),Brooklyn,1071
2022,2022-11-15,135,Livonia Av (L),Brooklyn,1093
2023,2023-02-15,135,Livonia Av (L),Brooklyn,1124
2023,2023-05-15,135,Livonia Av (L),Brooklyn,1125
2023,2023-08-15,135,Livonia Av (L),Brooklyn,1102
2023,2023-11-15,135,Livonia Av (L),Brooklyn,1107
2024,2024-02-15,135,Livonia Av (L),Brooklyn,1125
2024,2024-05-15,135,Livonia Av (L),Brooklyn,885
2024,2024-08-15,135,Livonia Av (L),Brooklyn,1104
2024,2024-11-15,135,Livonia Av (L),Brooklyn,1246
2020,2020-02-15,136,New Lots Av (L),Brooklyn,994
2020,2020-05-15,136,New Lots Av (L),Brooklyn,842
2020,2020-08-15,136,New Lots Av (L),Brooklyn,816
2020,2020-11-15,136,New Lots Av (L),Brooklyn,910
2021,2021-02-15,136,New Lots Av (L),Brooklyn,717
2021,2021-05-15,136,New Lots Av (L),Brooklyn,1104
2021,2021-08-15,136,New Lots Av (L),Brooklyn,974
2021,2021-11-15,136,New Lots Av (L),Brooklyn,1153
2022,2022-02-15,136,New Lots Av (L),Brooklyn,1140
2022,2022-05-15,136,New Lots Av (L),Brooklyn,1148
2022,2022-08-15,136,New Lots Av (L),Brooklyn,1144
2022,2022-11-15,136,New Lots Av (L),Brooklyn,1150
2023,2023-02-15,136,New Lots Av (L),Brooklyn,1156
2023,2023-05-15,136,New Lots Av (L),Brooklyn,1182
2023,2023-08-15,136,New Lots Av (L),Brooklyn,1153
2023,2023-11-15,136,New Lots Av (L),Brooklyn,1176
2024,2024-02-15,136,New Lots Av (L),Brooklyn,1169
2024,2024-05-15,136,New Lots Av (L),Brooklyn,893
2024,2024-08-15,136,New Lots Av (L),Brooklyn,1169
2024,2024-11-15,136,New Lots Av (L),Brooklyn,1317
2020,2020-02-15,137,East 105 St (L),Brooklyn,981
2020,2020-05-15,137,East 105 St (L),Brooklyn,798
2020,2020-08-15,137,East 105 St (L),Brooklyn,787
2020,2020-11-15,137,East 105 St (L),Brooklyn,863
2021,2021-02-15,137,East 105 St (L),Brooklyn,695
2021,2021-05-15,137,East 105 St (L),Brooklyn,1048
2021,2021-08-15,137,East 105 St (L),Brooklyn,871
2021,2021-11-15,137,East 105 St (L),Brooklyn,1104
2022,2022-02-15,137,East 105 St (L),Brooklyn,1072
2022,2022-05-15,137,East 105 St (L),Brooklyn,1093
2022,2022-08-15,137,East 105 St (L),Brooklyn,1081
2022,2022-11-15,137,East 105 St (L),Brooklyn,1087
2023,2023-02-15,137,East 105 St (L),Brooklyn,1093
2023,2023-05-15,137,East 105 St (L),Brooklyn,1112
2023,2023-08-15,137,East 105 St (L),Brooklyn,1089
2023,2023-11-15,137,East 105 St (L),Brooklyn,1132
2024,2024-02-15,137,East 105 St (L),Brooklyn,1138
2024,2024-05-15,137,East 105 St (L),Brooklyn,860
2024,2024-08-15,137,East 105 St (L),Brooklyn,1096
2024,2024-11-15,137,East 105 St (L),Brooklyn,1246
2020,2020-02-15,138,Canarsie-Rockaway Pkwy (L),Brooklyn,1065
2020,2020-05-15,138,Canarsie-Rockaway Pkwy (L),Brooklyn,835
2020,2020-08-15,138,Canarsie-Rockaway Pkwy (L),Brooklyn,840
2020,2020-11-15,138,Canarsie-Rockaway Pkwy (L),Brooklyn,853
2021,2021-02-15,138,Canarsie-Rockaway Pkwy (L),Brooklyn,770
2021,2021-05-15,138,Canarsie-Rockaway Pkwy (L),Brooklyn,1121
2021,2021-08-15,138,Canarsie-Rockaway Pkwy (L),Brooklyn,1040
2021,2021-11-15,138,Canarsie-Rockaway Pkwy (L),Brooklyn,1173
2022,2022-02-15,138,Canarsie-Rockaway Pkwy (L),Brooklyn,1134
2022,2022-05-15,138,Canarsie-Rockaway Pkwy (L),Brooklyn,1158
2022,2022-08-15,138,Canarsie-Rockaway Pkwy (L),Brooklyn,1117
2022,2022-11-15,138,Canarsie-Rockaway Pkwy (L),Brooklyn,1153
2023,2023-02-15,138,Canarsie-Rockaway Pkwy (L),Brooklyn,1117
2023,2023-05-15,138,Canarsie-Rockaway Pkwy (L),Brooklyn,1142
2023,2023-08-15,138,Canarsie-Rockaway Pkwy (L),Brooklyn,1105
2023,2023-11-15,138,Canarsie-Rockaway Pkwy (L),Brooklyn,1135
2024,2024-02-15,138,Canarsie-Rockaway Pkwy (L),Brooklyn,1131
2024,2024-05-15,138,Canarsie-Rockaway Pkwy (L),Brooklyn,924
2024,2024-08-15,138,Canarsie-Rockaway Pkwy (L),Brooklyn,1084
2024,2024-11-15,138,Canarsie-Rockaway Pkwy (L),Brooklyn,1209
2020,2020-02-15,14,"23 St (R,W)",Manhattan,981
2020,2020-05-15,14,"23 St (R,W)",Manhattan,767
2020,2020-08-15,14,"23 St (R,W)",Manhattan,940
2020,2020-11-15,14,"23 St (R,W)",Manhattan,1007
2021,2021-02-15,14,"23 St (R,W)",Manhattan,977
2021,2021-05-15,14,"23 St (R,W)",Manhattan,1088
2021,2021-08-15,14,"23 St (R,W)",Manhattan,1102
2021,2021-11-15,14,"23 St (R,W)",Manhattan,1148
2022,2022-02-15,14,"23 St (R,W)",Manhattan,1162
2022,2022-05-15,14,"23 St (R,W)",Manhattan,1180
2022,2022-08-15,14,"23 St (R,W)",Manhattan,1146
2022,2022-11-15,14,"23 St (R,W)",Manhattan,1208
2023,2023-02-15,14,"23 St (R,W)",Manhattan,1217
2023,2023-05-15,14,"23 St (R,W)",Manhattan,1262
2023,2023-08-15,14,"23 St (R,W)",Manhattan,1228
2023,2023-11-15,14,"23 St (R,W)",Manhattan,1270
2024,2024-02-15,14,"23 St (R,W)",Manhattan,1202
2024,2024-05-15,14,"23 St (R,W)",Manhattan,1272
2024,2024-08-15,14,"23 St (R,W)",Manhattan,1295
2024,2024-11-15,14,"23 St (R,W)",Manhattan,1403
2020,2020-02-15,141,Park Pl (S),Brooklyn,865
2020,2020-05-15,141,Park Pl (S),Brooklyn,544
2020,2020-08-15,141,Park Pl (S),Brooklyn,703
2020,2020-11-15,141,Park Pl (S),Brooklyn,805
2021,2021-02-15,141,Park Pl (S),Brooklyn,753
2021,2021-05-15,141,Park Pl (S),Brooklyn,875
2021,2021-08-15,141,Park Pl (S),Brooklyn,881
2021,2021-11-15,141,Park Pl (S),Brooklyn,958
2022,2022-02-15,141,Park Pl (S),Brooklyn,937
2022,2022-05-15,141,Park Pl (S),Brooklyn,967
2022,2022-08-15,141,Park Pl (S),Brooklyn,929
2022,2022-11-15,141,Park Pl (S),Brooklyn,957
2023,2023-02-15,141,Park Pl (S),Brooklyn,917
2023,2023-05-15,141,Park Pl (S),Brooklyn,953
2023,2023-08-15,141,Park Pl (S),Brooklyn,916
2023,2023-11-15,141,Park Pl (S),Brooklyn,965
2024,2024-02-15,141,Park Pl (S),Brooklyn,919
2024,2024-05-15,141,Park Pl (S),Brooklyn,974
2024,2024-08-15,141,Park Pl (S),Brooklyn,657
2024,2024-11-15,141,Park Pl (S),Brooklyn,1008
2020,2020-02-15,143,Inwood-207 St (A),Manhattan,1235
2020,2020-05-15,143,Inwood-207 St (A),Manhattan,737
2020,2020-08-15,143,Inwood-207 St (A),Manhattan,981
2020,2020-11-15,143,Inwood-207 St (A),Manhattan,1025
2021,2021-02-15,143,Inwood-207 St (A),Manhattan,1025
2021,2021-05-15,143,Inwood-207 St (A),Manhattan,1136
2021,2021-08-15,143,Inwood-207 St (A),Manhattan,1155
2021,2021-11-15,143,Inwood-207 St (A),Manhattan,1172
2022,2022-02-15,143,Inwood-207 St (A),Manhattan,1161
2022,2022-05-15,143,Inwood-207 St (A),Manhattan,1186
2022,2022-08-15,143,Inwood-207 St (A),Manhattan,1165
2022,2022-11-15,143,Inwood-207 St (A),Manhattan,904
2023,2023-02-15,143,Inwood-207 St (A),Manhattan,1193
2023,2023-05-15,143,Inwood-207 St (A),Manhattan,1231
2023,2023-08-15,143,Inwood-207 St (A),Manhattan,1204
2023,2023-11-15,143,Inwood-207 St (A),Manhattan,1264
2024,2024-02-15,143,Inwood-207 St (A),Manhattan,1302
2024,2024-05-15,143,Inwood-207 St (A),Manhattan,1287
2024,2024-08-15,143,Inwood-207 St (A),Manhattan,1223
2024,2024-11-15,143,Inwood-207 St (A),Manhattan,1397
2020,2020-02-15,144,Dyckman St (A),Manhattan,1192
2020,2020-05-15,144,Dyckman St (A),Manhattan,670
2020,2020-08-15,144,Dyckman St (A),Manhattan,944
2020,2020-11-15,144,Dyckman St (A),Manhattan,992
2021,2021-02-15,144,Dyckman St (A),Manhattan,993
2021,2021-05-15,144,Dyckman St (A),Manhattan,1091
2021,2021-08-15,144,Dyckman St (A),Manhattan,1110
2021,2021-11-15,144,Dyckman St (A),Manhattan,1134
2022,2022-02-15,144,Dyckman St (A),Manhattan,1117
2022,2022-05-15,144,Dyckman St (A),Manhattan,1138
2022,2022-08-15,144,Dyckman St (A),Manhattan,1151
2022,2022-11-15,144,Dyckman St (A),Manhattan,804
2023,2023-02-15,144,Dyckman St (A),Manhattan,1134
2023,2023-05-15,144,Dyckman St (A),Manhattan,1183
2023,2023-08-15,144,Dyckman St (A),Manhattan,1123
2023,2023-11-15,144,Dyckman St (A),Manhattan,1199
2024,2024-02-15,144,Dyckman St (A),Manhattan,1245
2024,2024-05-15,144,Dyckman St (A),Manhattan,1257
2024,2024-08-15,144,Dyckman St (A),Manhattan,1156
2024,2024-11-15,144,Dyckman St (A),Manhattan,1295
2020,2020-02-15,145,190 St (A),Manhattan,1123
2020,2020-05-15,145,190 St (A),Manhattan,538
2020,2020-08-15,145,190 St (A),Manhattan,864
2020,2020-11-15,145,190 St (A),Manhattan,873
2021,2021-02-15,145,190 St (A),Manhattan,885
2021,2021-05-15,145,190 St (A),Manhattan,948
2021,2021-08-15,145,190 St (A),Manhattan,946
2021,2021-11-15,145,190 St (A),Manhattan,999
2022,2022-02-15,145,190 St (A),Manhattan,987
2022,2022-05-15,145,190 St (A),Manhattan,1058
2022,2022-08-15,145,190 St (A),Manhattan,1038
2022,2022-11-15,145,190 St (A),Manhattan,744
2023,2023-02-15,145,190 St (A),Manhattan,1049
2023,2023-05-15,145,190 St (A),Manhattan,1125
2023,2023-08-15,145,190 St (A),Manhattan,1074
2023,2023-11-15,145,190 St (A),Manhattan,1137
2024,2024-02-15,145,190 St (A),Manhattan,1156
2024,2024-05-15,145,190 St (A),Manhattan,1185
2024,2024-08-15,145,190 St (A),Manhattan,1099
2024,2024-11-15,145,190 St (A),Manhattan,1181
2020,2020-02-15,146,181 St (A),Manhattan,1199
2020,2020-05-15,146,181 St (A),Manhattan,738
2020,2020-08-15,146,181 St (A),Manhattan,933
2020,2020-11-15,146,181 St (A),Manhattan,1008
2021,2021-02-15,146,181 St (A),Manhattan,1022
2021,2021-05-15,146,181 St (A),Manhattan,1114
2021,2021-08-15,146,181 St (A),Manhattan,1122
2021,2021-11-15,146,181 St (A),Manhattan,1161
2022,2022-02-15,146,181 St (A),Manhattan,1127
2022,2022-05-15,146,181 St (A),Manhattan,1151
2022,2022-08-15,146,181 St (A),Manhattan,1119
2022,2022-11-15,146,181 St (A),Manhattan,850
2023,2023-02-15,146,181 St (A),Manhattan,1172
2023,2023-05-15,146,181 St (A),Manhattan,1192
2023,2023-08-15,146,181 St (A),Manhattan,1164
2023,2023-11-15,146,181 St (A),Manhattan,1222
2024,2024-02-15,146,181 St (A),Manhattan,1264
2024,2024-05-15,146,181 St (A),Manhattan,1235
2024,2024-08-15,146,181 St (A),Manhattan,1173
2024,2024-11-15,146,181 St (A),Manhattan,1302
2020,2020-02-15,147,175 St (A),Manhattan,1201
2020,2020-05-15,147,175 St (A),Manhattan,781
2020,2020-08-15,147,175 St (A),Manhattan,969
2020,2020-11-15,147,175 St (A),Manhattan,1019
2021,2021-02-15,147,175 St (A),Manhattan,1004
2021,2021-05-15,147,175 St (A),Manhattan,1108
2021,2021-08-15,147,175 St (A),Manhattan,1114
2021,2021-11-15,147,175 St (A),Manhattan,1173
2022,2022-02-15,147,175 St (A),Manhattan,1143
2022,2022-05-15,147,175 St (A),Manhattan,1183
2022,2022-08-15,147,175 St (A),Manhattan,1152
2022,2022-11-15,147,175 St (A),Manhattan,877
2023,2023-02-15,147,175 St (A),Manhattan,1200
2023,2023-05-15,147,175 St (A),Manhattan,1249
2023,2023-08-15,147,175 St (A),Manhattan,1234
2023,2023-11-15,147,175 St (A),Manhattan,1278
2024,2024-02-15,147,175 St (A),Manhattan,1281
2024,2024-05-15,147,175 St (A),Manhattan,1272
2024,2024-08-15,147,175 St (A),Manhattan,1222
2024,2024-11-15,147,175 St (A),Manhattan,1410
2020,2020-02-15,149,163 St-Amsterdam Av (C),Manhattan,1151
2020,2020-05-15,149,163 St-Amsterdam Av (C),Manhattan,853
2020,2020-08-15,149,163 St-Amsterdam Av (C),Manhattan,904
2020,2020-11-15,149,163 St-Amsterdam Av (C),Manhattan,969
2021,2021-02-15,149,163 St-Amsterdam Av (C),Manhattan,942
2021,2021-05-15,149,163 St-Amsterdam Av (C),Manhattan,1052
2021,2021-08-15,149,163 St-Amsterdam Av (C),Manhattan,1074
2021,2021-11-15,149,163 St-Amsterdam Av (C),Manhattan,1100
2022,2022-02-15,149,163 St-Amsterdam Av (C),Manhattan,1098
2022,2022-05-15,149,163 St-Amsterdam Av (C),Manhattan,1122
2022,2022-08-15,149,163 St-Amsterdam Av (C),Manhattan,1093
2022,2022-11-15,149,163 St-Amsterdam Av (C),Manhattan,1057
2023,2023-02-15,149,163 St-Amsterdam Av (C),Manhattan,1123
2023,2023-05-15,149,163 St-Amsterdam Av (C),Manhattan,1156
2023,2023-08-15,149,163 St-Amsterdam Av (C),Manhattan,1133
2023,2023-11-15,149,163 St-Amsterdam Av (C),Manhattan,1168
2024,2024-02-15,149,163 St-Amsterdam Av (C),Manhattan,1178
2024,2024-05-15,149,163 St-Amsterdam Av (C),Manhattan,1186
2024,2024-08-15,149,163 St-Amsterdam Av (C),Manhattan,1095
2024,2024-11-15,149,163 St-Amsterdam Av (C),Manhattan,1166
2020,2020-02-15,150,155 St (C),Manhattan,1105
2020,2020-05-15,150,155 St (C),Manhattan,688
2020,2020-08-15,150,155 St (C),Manhattan,816
2020,2020-11-15,150,155 St (C),Manhattan,885
2021,2021-02-15,150,155 St (C),Manhattan,888
2021,2021-05-15,150,155 St (C),Manhattan,995
2021,2021-08-15,150,155 St (C),Manhattan,976
2021,2021-11-15,150,155 St (C),Manhattan,1004
2022,2022-02-15,150,155 St (C),Manhattan,1021
2022,2022-05-15,150,155 St (C),Manhattan,1037
2022,2022-08-15,150,155 St (C),Manhattan,1016
2022,2022-11-15,150,155 St (C),Manhattan,1016
2023,2023-02-15,150,155 St (C),Manhattan,1032
2023,2023-05-15,150,155 St (C),Manhattan,1052
2023,2023-08-15,150,155 St (C),Manhattan,1054
2023,2023-11-15,150,155 St (C),Manhattan,1096
2024,2024-02-15,150,155 St (C),Manhattan,1119
2024,2024-05-15,150,155 St (C),Manhattan,1096
2024,2024-08-15,150,155 St (C),Manhattan,1022
2024,2024-11-15,150,155 St (C),Manhattan,1078
2020,2020-02-15,151,"145 St (A,C,B,D)",Manhattan,1249
2020,2020-05-15,151,"145 St (A,C,B,D)",Manhattan,1079
2020,2020-08-15,151,"145 St (A,C,B,D)",Manhattan,1024
2020,2020-11-15,151,"145 St (A,C,B,D)",Manhattan,1096
2021,2021-02-15,151,"145 St (A,C,B,D)",Manhattan,1063
2021,2021-05-15,151,"145 St (A,C,B,D)",Manhattan,1210
2021,2021-08-15,151,"145 St (A,C,B,D)",Manhattan,1227
2021,2021-11-15,151,"145 St (A,C,B,D)",Manhattan,1240
2022,2022-02-15,151,"145 St (A,C,B,D)",Manhattan,1236
2022,2022-05-15,151,"145 St (A,C,B,D)",Manhattan,1257
2022,2022-08-15,151,"145 St (A,C,B,D)",Manhattan,1235
2022,2022-11-15,151,"145 St (A,C,B,D)",Manhattan,1276
2023,2023-02-15,151,"145 St (A,C,B,D)",Manhattan,1293
2023,2023-05-15,151,"145 St (A,C,B,D)",Manhattan,1312
2023,2023-08-15,151,"145 St (A,C,B,D)",Manhattan,1309
2023,2023-11-15,151,"145 St (A,C,B,D)",Manhattan,1319
2024,2024-02-15,151,"145 St (A,C,B,D)",Manhattan,1338
2024,2024-05-15,151,"145 St (A,C,B,D)",Manhattan,1344
2024,2024-08-15,151,"145 St (A,C,B,D)",Manhattan,1271
2024,2024-11-15,151,"145 St (A,C,B,D)",Manhattan,1513
2020,2020-02-15,152,"135 St (C,B)",Manhattan,1131
2020,2020-05-15,152,"135 St (C,B)",Manhattan,839
2020,2020-08-15,152,"135 St (C,B)",Manhattan,864
2020,2020-11-15,152,"135 St (C,B)",Manhattan,956
2021,2021-02-15,152,"135 St (C,B)",Manhattan,919
2021,2021-05-15,152,"135 St (C,B)",Manhattan,1055
2021,2021-08-15,152,"135 St (C,B)",Manhattan,1083
2021,2021-11-15,152,"135 St (C,B)",Manhattan,1097
2022,2022-02-15,152,"135 St (C,B)",Manhattan,1069
2022,2022-05-15,152,"135 St (C,B)",Manhattan,1130
2022,2022-08-15,152,"135 St (C,B)",Manhattan,1117
2022,2022-11-15,152,"135 St (C,B)",Manhattan,1068
2023,2023-02-15,152,"135 St (C,B)",Manhattan,1118
2023,2023-05-15,152,"135 St (C,B)",Manhattan,1131
2023,2023-08-15,152,"135 St (C,B)",Manhattan,1167
2023,2023-11-15,152,"135 St (C,B)",Manhattan,1181
2024,2024-02-15,152,"135 St (C,B)",Manhattan,1165
2024,2024-05-15,152,"135 St (C,B)",Manhattan,1187
2024,2024-08-15,152,"135 St (C,B)",Manhattan,1131
2024,2024-11-15,152,"135 St (C,B)",Manhattan,937
2020,2020-02-15,153,"125 St (A,C,B,D)",Manhattan,1254
2020,2020-05-15,153,"125 St (A,C,B,D)",Manhattan,1079
2020,2020-08-15,153,"125 St (A,C,B,D)",Manhattan,1028
2020,2020-11-15,153,"125 St (A,C,B,D)",Manhattan,1092
2021,2021-02-15,153,"125 St (A,C,B,D)",Manhattan,1075
2021,2021-05-15,153,"125 St (A,C,B,D)",Manhattan,1204
2021,2021-08-15,153,"125 St (A,C,B,D)",Manhattan,1229
2021,2021-11-15,153,"125 St (A,C,B,D)",Manhattan,1254
2022,2022-02-15,153,"125 St (A,C,B,D)",Manhattan,1251
2022,2022-05-15,153,"125 St (A,C,B,D)",Manhattan,1267
2022,2022-08-15,153,"125 St (A,C,B,D)",Manhattan,1244
2022,2022-11-15,153,"125 St (A,C,B,D)",Manhattan,1287
2023,2023-02-15,153,"125 St (A,C,B,D)",Manhattan,1324
2023,2023-05-15,153,"125 St (A,C,B,D)",Manhattan,1344
2023,2023-08-15,153,"125 St (A,C,B,D)",Manhattan,1329
2023,2023-11-15,153,"125 St (A,C,B,D)",Manhattan,1368
2024,2024-02-15,153,"125 St (A,C,B,D)",Manhattan,1363
2024,2024-05-15,153,"125 St (A,C,B,D)",Manhattan,1378
2024,2024-08-15,153,"125 St (A,C,B,D)",Manhattan,1328
2024,2024-11-15,153,"125 St (A,C,B,D)",Manhattan,1128
2020,2020-02-15,154,"116 St (C,B)",Manhattan,1151
2020,2020-05-15,154,"116 St (C,B)",Manhattan,882
2020,2020-08-15,154,"116 St (C,B)",Manhattan,888
2020,2020-11-15,154,"116 St (C,B)",Manhattan,986
2021,2021-02-15,154,"116 St (C,B)",Manhattan,952
2021,2021-05-15,154,"116 St (C,B)",Manhattan,1085
2021,2021-08-15,154,"116 St (C,B)",Manhattan,1098
2021,2021-11-15,154,"116 St (C,B)",Manhattan,837
2022,2022-02-15,154,"116 St (C,B)",Manhattan,1104
2022,2022-05-15,154,"116 St (C,B)",Manhattan,1157
2022,2022-08-15,154,"116 St (C,B)",Manhattan,1141
2022,2022-11-15,154,"116 St (C,B)",Manhattan,1103
2023,2023-02-15,154,"116 St (C,B)",Manhattan,1172
2023,2023-05-15,154,"116 St (C,B)",Manhattan,1208
2023,2023-08-15,154,"116 St (C,B)",Manhattan,1173
2023,2023-11-15,154,"116 St (C,B)",Manhattan,1209
2024,2024-02-15,154,"116 St (C,B)",Manhattan,1201
2024,2024-05-15,154,"116 St (C,B)",Manhattan,1227
2024,2024-08-15,154,"116 St (C,B)",Manhattan,1106
2024,2024-11-15,154,"116 St (C,B)",Manhattan,943
2020,2020-02-15,155,"Cathedral Pkwy (110 St) (C,B)",Manhattan,1149
2020,2020-05-15,155,"Cathedral Pkwy (110 St) (C,B)",Manhattan,864
2020,2020-08-15,155,"Cathedral Pkwy (110 St) (C,B)",Manhattan,932
2020,2020-11-15,155,"Cathedral Pkwy (110 St) (C,B)",Manhattan,1010
2021,2021-02-15,155,"Cathedral Pkwy (110 St) (C,B)",Manhattan,984
2021,2021-05-15,155,"Cathedral Pkwy (110 St) (C,B)",Manhattan,1090
2021,2021-08-15,155,"Cathedral Pkwy (110 St) (C,B)",Manhattan,1085
2021,2021-11-15,155,"Cathedral Pkwy (110 St) (C,B)",Manhattan,838
2022,2022-02-15,155,"Cathedral Pkwy (110 St) (C,B)",Manhattan,1122
2022,2022-05-15,155,"Cathedral Pkwy (110 St) (C,B)",Manhattan,1152
2022,2022-08-15,155,"Cathedral Pkwy (110 St) (C,B)",Manhattan,1139
2022,2022-11-15,155,"Cathedral Pkwy (110 St) (C,B)",Manhattan,1116
2023,2023-02-15,155,"Cathedral Pkwy (110 St) (C,B)",Manhattan,1173
2023,2023-05-15,155,"Cathedral Pkwy (110 St) (C,B)",Manhattan,1198
2023,2023-08-15,155,"Cathedral Pkwy (110 St) (C,B)",Manhattan,1194
2023,2023-11-15,155,"Cathedral Pkwy (110 St) (C,B)",Manhattan,1211
2024,2024-02-15,155,"Cathedral Pkwy (110 St) (C,B)",Manhattan,1221
2024,2024-05-15,155,"Cathedral Pkwy (110 St) (C,B)",Manhattan,1208
2024,2024-08-15,155,"Cathedral Pkwy (110 St) (C,B)",Manhattan,1129
2024,2024-11-15,155,"Cathedral Pkwy (110 St) (C,B)",Manhattan,952
2020,2020-02-15,156,"103 St (C,B)",Manhattan,1111
2020,2020-05-15,156,"103 St (C,B)",Manhattan,806
2020,2020-08-15,156,"103 St (C,B)",Manhattan,855
2020,2020-11-15,156,"103 St (C,B)",Manhattan,944
2021,2021-02-15,156,"103 St (C,B)",Manhattan,932
2021,2021-05-15,156,"103 St (C,B)",Manhattan,1023
2021,2021-08-15,156,"103 St (C,B)",Manhattan,985
2021,2021-11-15,156,"103 St (C,B)",Manhattan,758
2022,2022-02-15,156,"103 St (C,B)",Manhattan,1042
2022,2022-05-15,156,"103 St (C,B)",Manhattan,1076
2022,2022-08-15,156,"103 St (C,B)",Manhattan,1039
2022,2022-11-15,156,"103 St (C,B)",Manhattan,1073
2023,2023-02-15,156,"103 St (C,B)",Manhattan,1115
2023,2023-05-15,156,"103 St (C,B)",Manhattan,1139
2023,2023-08-15,156,"103 St (C,B)",Manhattan,1094
2023,2023-11-15,156,"103 St (C,B)",Manhattan,1136
2024,2024-02-15,156,"103 St (C,B)",Manhattan,1129
2024,2024-05-15,156,"103 St (C,B)",Manhattan,1134
2024,2024-08-15,156,"103 St (C,B)",Manhattan,1070
2024,2024-11-15,156,"103 St (C,B)",Manhattan,865
2020,2020-02-15,157,"96 St (C,B)",Manhattan,1091
2020,2020-05-15,157,"96 St (C,B)",Manhattan,855
2020,2020-08-15,157,"96 St (C,B)",Manhattan,878
2020,2020-11-15,157,"96 St (C,B)",Manhattan,964
2021,2021-02-15,157,"96 St (C,B)",Manhattan,959
2021,2021-05-15,157,"96 St (C,B)",Manhattan,1025
2021,2021-08-15,157,"96 St (C,B)",Manhattan,1031
2021,2021-11-15,157,"96 St (C,B)",Manhattan,809
2022,2022-02-15,157,"96 St (C,B)",Manhattan,1042
2022,2022-05-15,157,"96 St (C,B)",Manhattan,1080
2022,2022-08-15,157,"96 St (C,B)",Manhattan,1057
2022,2022-11-15,157,"96 St (C,B)",Manhattan,1085
2023,2023-02-15,157,"96 St (C,B)",Manhattan,1111
2023,2023-05-15,157,"96 St (C,B)",Manhattan,1177
2023,2023-08-15,157,"96 St (C,B)",Manhattan,1161
2023,2023-11-15,157,"96 St (C,B)",Manhattan,1182
2024,2024-02-15,157,"96 St (C,B)",Manhattan,1178
2024,2024-05-15,157,"96 St (C,B)",Manhattan,1181
2024,2024-08-15,157,"96 St (C,B)",Manhattan,1098
2024,2024-11-15,157,"96 St (C,B)",Manhattan,933
2020,2020-02-15,158,"86 St (C,B)",Manhattan,1106
2020,2020-05-15,158,"86 St (C,B)",Manhattan,772
2020,2020-08-15,158,"86 St (C,B)",Manhattan,888
2020,2020-11-15,158,"86 St (C,B)",Manhattan,966
2021,2021-02-15,158,"86 St (C,B)",Manhattan,975
2021,2021-05-15,158,"86 St (C,B)",Manhattan,1038
2021,2021-08-15,158,"86 St (C,B)",Manhattan,1055
2021,2021-11-15,158,"86 St (C,B)",Manhattan,798
2022,2022-02-15,158,"86 St (C,B)",Manhattan,1072
2022,2022-05-15,158,"86 St (C,B)",Manhattan,1102
2022,2022-08-15,158,"86 St (C,B)",Manhattan,1071
2022,2022-11-15,158,"86 St (C,B)",Manhattan,1090
2023,2023-02-15,158,"86 St (C,B)",Manhattan,1143
2023,2023-05-15,158,"86 St (C,B)",Manhattan,1195
2023,2023-08-15,158,"86 St (C,B)",Manhattan,1166
2023,2023-11-15,158,"86 St (C,B)",Manhattan,1186
2024,2024-02-15,158,"86 St (C,B)",Manhattan,1184
2024,2024-05-15,158,"86 St (C,B)",Manhattan,1202
2024,2024-08-15,158,"86 St (C,B)",Manhattan,1107
2024,2024-11-15,158,"86 St (C,B)",Manhattan,901
2020,2020-02-15,159,"81 St-Museum of Natural History (C,B)",Manhattan,1087
2020,2020-05-15,159,"81 St-Museum of Natural History (C,B)",Manhattan,739
2020,2020-08-15,159,"81 St-Museum of Natural History (C,B)",Manhattan,873
2020,2020-11-15,159,"81 St-Museum of Natural History (C,B)",Manhattan,966
2021,2021-02-15,159,"81 St-Museum of Natural History (C,B)",Manhattan,947
2021,2021-05-15,159,"81 St-Museum of Natural History (C,B)",Manhattan,1075
2021,2021-08-15,159,"81 St-Museum of Natural History (C,B)",Manhattan,1065
2021,2021-11-15,159,"81 St-Museum of Natural History (C,B)",Manhattan,821
2022,2022-02-15,159,"81 St-Museum of Natural History (C,B)",Manhattan,1060
2022,2022-05-15,159,"81 St-Museum of Natural History (C,B)",Manhattan,1101
2022,2022-08-15,159,"81 St-Museum of Natural History (C,B)",Manhattan,1077
2022,2022-11-15,159,"81 St-Museum of Natural History (C,B)",Manhattan,1113
2023,2023-02-15,159,"81 St-Museum of Natural History (C,B)",Manhattan,1122
2023,2023-05-15,159,"81 St-Museum of Natural History (C,B)",Manhattan,1210
2023,2023-08-15,159,"81 St-Museum of Natural History (C,B)",Manhattan,1168
2023,2023-11-15,159,"81 St-Museum of Natural History (C,B)",Manhattan,1225
2024,2024-02-15,159,"81 St-Museum of Natural History (C,B)",Manhattan,1194
2024,2024-05-15,159,"81 St-Museum of Natural History (C,B)",Manhattan,1223
2024,2024-08-15,159,"81 St-Museum of Natural History (C,B)",Manhattan,1104
2024,2024-11-15,159,"81 St-Museum of Natural History (C,B)",Manhattan,921
2020,2020-02-15,16,"8 St-NYU (R,W)",Manhattan,1010
2020,2020-05-15,16,"8 St-NYU (R,W)",Manhattan,664
2020,2020-08-15,16,"8 St-NYU (R,W)",Manhattan,919
2020,2020-11-15,16,"8 St-NYU (R,W)",Manhattan,988
2021,2021-02-15,16,"8 St-NYU (R,W)",Manhattan,959
2021,2021-05-15,16,"8 St-NYU (R,W)",Manhattan,1119
2021,2021-08-15,16,"8 St-NYU (R,W)",Manhattan,1113
2021,2021-11-15,16,"8 St-NYU (R,W)",Manhattan,1181
2022,2022-02-15,16,"8 St-NYU (R,W)",Manhattan,1167
2022,2022-05-15,16,"8 St-NYU (R,W)",Manhattan,1180
2022,2022-08-15,16,"8 St-NYU (R,W)",Manhattan,1131
2022,2022-11-15,16,"8 St-NYU (R,W)",Manhattan,1223
2023,2023-02-15,16,"8 St-NYU (R,W)",Manhattan,1230
2023,2023-05-15,16,"8 St-NYU (R,W)",Manhattan,1265
2023,2023-08-15,16,"8 St-NYU (R,W)",Manhattan,1239
2023,2023-11-15,16,"8 St-NYU (R,W)",Manhattan,1292
2024,2024-02-15,16,"8 St-NYU (R,W)",Manhattan,1260
2024,2024-05-15,16,"8 St-NYU (R,W)",Manhattan,1283
2024,2024-08-15,16,"8 St-NYU (R,W)",Manhattan,1241
2024,2024-11-15,16,"8 St-NYU (R,W)",Manhattan,1421
2020,2020-02-15,160,"72 St (C,B)",Manhattan,1047
2020,2020-05-15,160,"72 St (C,B)",Manhattan,675
2020,2020-08-15,160,"72 St (C,B)",Manhattan,818
2020,2020-11-15,160,"72 St (C,B)",Manhattan,915
2021,2021-02-15,160,"72 St (C,B)",Manhattan,893
2021,2021-05-15,160,"72 St (C,B)",Manhattan,1016
2021,2021-08-15,160,"72 St (C,B)",Manhattan,996
2021,2021-11-15,160,"72 St (C,B)",Manhattan,752
2022,2022-02-15,160,"72 St (C,B)",Manhattan,994
2022,2022-05-15,160,"72 St (C,B)",Manhattan,1076
2022,2022-08-15,160,"72 St (C,B)",Manhattan,1005
2022,2022-11-15,160,"72 St (C,B)",Manhattan,1054
2023,2023-02-15,160,"72 St (C,B)",Manhattan,1080
2023,2023-05-15,160,"72 St (C,B)",Manhattan,1144
2023,2023-08-15,160,"72 St (C,B)",Manhattan,1101
2023,2023-11-15,160,"72 St (C,B)",Manhattan,1146
2024,2024-02-15,160,"72 St (C,B)",Manhattan,1141
2024,2024-05-15,160,"72 St (C,B)",Manhattan,1162
2024,2024-08-15,160,"72 St (C,B)",Manhattan,1057
2024,2024-11-15,160,"72 St (C,B)",Manhattan,871
2020,2020-02-15,162,"50 St (C,E)",Manhattan,1210
2020,2020-05-15,162,"50 St (C,E)",Manhattan,963
2020,2020-08-15,162,"50 St (C,E)",Manhattan,981
2020,2020-11-15,162,"50 St (C,E)",Manhattan,994
2021,2021-02-15,162,"50 St (C,E)",Manhattan,988
2021,2021-05-15,162,"50 St (C,E)",Manhattan,1164
2021,2021-08-15,162,"50 St (C,E)",Manhattan,1188
2021,2021-11-15,162,"50 St (C,E)",Manhattan,1230
2022,2022-02-15,162,"50 St (C,E)",Manhattan,722
2022,2022-05-15,162,"50 St (C,E)",Manhattan,1186
2022,2022-08-15,162,"50 St (C,E)",Manhattan,1209
2022,2022-11-15,162,"50 St (C,E)",Manhattan,1258
2023,2023-02-15,162,"50 St (C,E)",Manhattan,1239
2023,2023-05-15,162,"50 St (C,E)",Manhattan,1322
2023,2023-08-15,162,"50 St (C,E)",Manhattan,1292
2023,2023-11-15,162,"50 St (C,E)",Manhattan,1299
2024,2024-02-15,162,"50 St (C,E)",Manhattan,1329
2024,2024-05-15,162,"50 St (C,E)",Manhattan,1342
2024,2024-08-15,162,"50 St (C,E)",Manhattan,1313
2024,2024-11-15,162,"50 St (C,E)",Manhattan,1511
2020,2020-02-15,164,"34 St-Penn Station (A,C,E)",Manhattan,1256
2020,2020-05-15,164,"34 St-Penn Station (A,C,E)",Manhattan,1080
2020,2020-08-15,164,"34 St-Penn Station (A,C,E)",Manhattan,1029
2020,2020-11-15,164,"34 St-Penn Station (A,C,E)",Manhattan,1070
2021,2021-02-15,164,"34 St-Penn Station (A,C,E)",Manhattan,1078
2021,2021-05-15,164,"34 St-Penn Station (A,C,E)",Manhattan,1226
2021,2021-08-15,164,"34 St-Penn Station (A,C,E)",Manhattan,1231
2021,2021-11-15,164,"34 St-Penn Station (A,C,E)",Manhattan,1265
2022,2022-02-15,164,"34 St-Penn Station (A,C,E)",Manhattan,757
2022,2022-05-15,164,"34 St-Penn Station (A,C,E)",Manhattan,1274
2022,2022-08-15,164,"34 St-Penn Station (A,C,E)",Manhattan,1264
2022,2022-11-15,164,"34 St-Penn Station (A,C,E)",Manhattan,1362
2023,2023-02-15,164,"34 St-Penn Station (A,C,E)",Manhattan,1377
2023,2023-05-15,164,"34 St-Penn Station (A,C,E)",Manhattan,1404
2023,2023-08-15,164,"34 St-Penn Station (A,C,E)",Manhattan,1389
2023,2023-11-15,164,"34 St-Penn Station (A,C,E)",Manhattan,1424
2024,2024-02-15,164,"34 St-Penn Station (A,C,E)",Manhattan,1443
2024,2024-05-15,164,"34 St-Penn Station (A,C,E)",Manhattan,1431
2024,2024-08-15,164,"34 St-Penn Station (A,C,E)",Manhattan,1517
2024,2024-11-15,164,"34 St-Penn Station (A,C,E)",Manhattan,1629
2020,2020-02-15,165,"23 St (C,E)",Manhattan,1206
2020,2020-05-15,165,"23 St (C,E)",Manhattan,956
2020,2020-08-15,165,"23 St (C,E)",Manhattan,968
2020,2020-11-15,165,"23 St (C,E)",Manhattan,1018
2021,2021-02-15,165,"23 St (C,E)",Manhattan,1015
2021,2021-05-15,165,"23 St (C,E)",Manhattan,1156
2021,2021-08-15,165,"23 St (C,E)",Manhattan,1175
2021,2021-11-15,165,"23 St (C,E)",Manhattan,1212
2022,2022-02-15,165,"23 St (C,E)",Manhattan,772
2022,2022-05-15,165,"23 St (C,E)",Manhattan,1205
2022,2022-08-15,165,"23 St (C,E)",Manhattan,1186
2022,2022-11-15,165,"23 St (C,E)",Manhattan,1217
2023,2023-02-15,165,"23 St (C,E)",Manhattan,1268
2023,2023-05-15,165,"23 St (C,E)",Manhattan,1319
2023,2023-08-15,165,"23 St (C,E)",Manhattan,1264
2023,2023-11-15,165,"23 St (C,E)",Manhattan,1335
2024,2024-02-15,165,"23 St (C,E)",Manhattan,1303
2024,2024-05-15,165,"23 St (C,E)",Manhattan,1322
2024,2024-08-15,165,"23 St (C,E)",Manhattan,1308
2024,2024-11-15,165,"23 St (C,E)",Manhattan,1491
2020,2020-02-15,167,"W 4 St-Wash Sq (A,C,E,B,D,F,M)",Manhattan,1236
2020,2020-05-15,167,"W 4 St-Wash Sq (A,C,E,B,D,F,M)",Manhattan,997
2020,2020-08-15,167,"W 4 St-Wash Sq (A,C,E,B,D,F,M)",Manhattan,992
2020,2020-11-15,167,"W 4 St-Wash Sq (A,C,E,B,D,F,M)",Manhattan,1071
2021,2021-02-15,167,"W 4 St-Wash Sq (A,C,E,B,D,F,M)",Manhattan,1045
2021,2021-05-15,167,"W 4 St-Wash Sq (A,C,E,B,D,F,M)",Manhattan,1197
2021,2021-08-15,167,"W 4 St-Wash Sq (A,C,E,B,D,F,M)",Manhattan,1215
2021,2021-11-15,167,"W 4 St-Wash Sq (A,C,E,B,D,F,M)",Manhattan,1243
2022,2022-02-15,167,"W 4 St-Wash Sq (A,C,E,B,D,F,M)",Manhattan,1253
2022,2022-05-15,167,"W 4 St-Wash Sq (A,C,E,B,D,F,M)",Manhattan,1275
2022,2022-08-15,167,"W 4 St-Wash Sq (A,C,E,B,D,F,M)",Manhattan,1227
2022,2022-11-15,167,"W 4 St-Wash Sq (A,C,E,B,D,F,M)",Manhattan,1323
2023,2023-02-15,167,"W 4 St-Wash Sq (A,C,E,B,D,F,M)",Manhattan,1346
2023,2023-05-15,167,"W 4 St-Wash Sq (A,C,E,B,D,F,M)",Manhattan,1366
2023,2023-08-15,167,"W 4 St-Wash Sq (A,C,E,B,D,F,M)",Manhattan,1357
2023,2023-11-15,167,"W 4 St-Wash Sq (A,C,E,B,D,F,M)",Manhattan,1375
2024,2024-02-15,167,"W 4 St-Wash Sq (A,C,E,B,D,F,M)",Manhattan,1373
2024,2024-05-15,167,"W 4 St-Wash Sq (A,C,E,B,D,F,M)",Manhattan,1380
2024,2024-08-15,167,"W 4 St-Wash Sq (A,C,E,B,D,F,M)",Manhattan,1349
2024,2024-11-15,167,"W 4 St-Wash Sq (A,C,E,B,D,F,M)",Manhattan,1543
2020,2020-02-15,168,"Spring St (C,E)",Manhattan,1114
2020,2020-05-15,168,"Spring St (C,E)",Manhattan,716
2020,2020-08-15,168,"Spring St (C,E)",Manhattan,873
2020,2020-11-15,168,"Spring St (C,E)",Manhattan,896
2021,2021-02-15,168,"Spring St (C,E)",Manhattan,896
2021,2021-05-15,168,"Spring St (C,E)",Manhattan,1034
2021,2021-08-15,168,"Spring St (C,E)",Manhattan,1046
2021,2021-11-15,168,"Spring St (C,E)",Manhattan,1101
2022,2022-02-15,168,"Spring St (C,E)",Manhattan,989
2022,2022-05-15,168,"Spring St (C,E)",Manhattan,1113
2022,2022-08-15,168,"Spring St (C,E)",Manhattan,1061
2022,2022-11-15,168,"Spring St (C,E)",Manhattan,1060
2023,2023-02-15,168,"Spring St (C,E)",Manhattan,1134
2023,2023-05-15,168,"Spring St (C,E)",Manhattan,1155
2023,2023-08-15,168,"Spring St (C,E)",Manhattan,1118
2023,2023-11-15,168,"Spring St (C,E)",Manhattan,1207
2024,2024-02-15,168,"Spring St (C,E)",Manhattan,1098
2024,2024-05-15,168,"Spring St (C,E)",Manhattan,1174
2024,2024-08-15,168,"Spring St (C,E)",Manhattan,1173
2024,2024-11-15,168,"Spring St (C,E)",Manhattan,1329
2020,2020-02-15,169,"Canal St (A,C,E)",Manhattan,1165
2020,2020-05-15,169,"Canal St (A,C,E)",Manhattan,836
2020,2020-08-15,169,"Canal St (A,C,E)",Manhattan,938
2020,2020-11-15,169,"Canal St (A,C,E)",Manhattan,929
2021,2021-02-15,169,"Canal St (A,C,E)",Manhattan,990
2021,2021-05-15,169,"Canal St (A,C,E)",Manhattan,1111
2021,2021-08-15,169,"Canal St (A,C,E)",Manhattan,1122
2021,2021-11-15,169,"Canal St (A,C,E)",Manhattan,1179
2022,2022-02-15,169,"Canal St (A,C,E)",Manhattan,1060
2022,2022-05-15,169,"Canal St (A,C,E)",Manhattan,1168
2022,2022-08-15,169,"Canal St (A,C,E)",Manhattan,1149
2022,2022-11-15,169,"Canal St (A,C,E)",Manhattan,1202
2023,2023-02-15,169,"Canal St (A,C,E)",Manhattan,1221
2023,2023-05-15,169,"Canal St (A,C,E)",Manhattan,1250
2023,2023-08-15,169,"Canal St (A,C,E)",Manhattan,1248
2023,2023-11-15,169,"Canal St (A,C,E)",Manhattan,1275
2024,2024-02-15,169,"Canal St (A,C,E)",Manhattan,1298
2024,2024-05-15,169,"Canal St (A,C,E)",Manhattan,1314
2024,2024-08-15,169,"Canal St (A,C,E)",Manhattan,1286
2024,2024-11-15,169,"Canal St (A,C,E)",Manhattan,1444
2020,2020-02-15,17,"Prince St (R,W)",Manhattan,930
2020,2020-05-15,17,"Prince St (R,W)",Manhattan,534
2020,2020-08-15,17,"Prince St (R,W)",Manhattan,879
2020,2020-11-15,17,"Prince St (R,W)",Manhattan,944
2021,2021-02-15,17,"Prince St (R,W)",Manhattan,891
2021,2021-05-15,17,"Prince St (R,W)",Manhattan,1036
2021,2021-08-15,17,"Prince St (R,W)",Manhattan,1048
2021,2021-11-15,17,"Prince St (R,W)",Manhattan,1127
2022,2022-02-15,17,"Prince St (R,W)",Manhattan,1115
2022,2022-05-15,17,"Prince St (R,W)",Manhattan,1141
2022,2022-08-15,17,"Prince St (R,W)",Manhattan,1087
2022,2022-11-15,17,"Prince St (R,W)",Manhattan,1122
2023,2023-02-15,17,"Prince St (R,W)",Manhattan,1154
2023,2023-05-15,17,"Prince St (R,W)",Manhattan,1169
2023,2023-08-15,17,"Prince St (R,W)",Manhattan,1175
2023,2023-11-15,17,"Prince St (R,W)",Manhattan,1191
2024,2024-02-15,17,"Prince St (R,W)",Manhattan,1146
2024,2024-05-15,17,"Prince St (R,W)",Manhattan,1195
2024,2024-08-15,17,"Prince St (R,W)",Manhattan,1163
2024,2024-11-15,17,"Prince St (R,W)",Manhattan,1303
2020,2020-02-15,173,"High St (A,C)",Brooklyn,1101
2020,2020-05-15,173,"High St (A,C)",Brooklyn,771
2020,2020-08-15,173,"High St (A,C)",Brooklyn,892
2020,2020-11-15,173,"High St (A,C)",Brooklyn,902
2021,2021-02-15,173,"High St (A,C)",Brooklyn,944
2021,2021-05-15,173,"High St (A,C)",Brooklyn,1068
2021,2021-08-15,173,"High St (A,C)",Brooklyn,1041
2021,2021-11-15,173,"High St (A,C)",Brooklyn,1113
2022,2022-02-15,173,"High St (A,C)",Brooklyn,1003
2022,2022-05-15,173,"High St (A,C)",Brooklyn,1086
2022,2022-08-15,173,"High St (A,C)",Brooklyn,1059
2022,2022-11-15,173,"High St (A,C)",Brooklyn,1076
2023,2023-02-15,173,"High St (A,C)",Brooklyn,1100
2023,2023-05-15,173,"High St (A,C)",Brooklyn,935
2023,2023-08-15,173,"High St (A,C)",Brooklyn,1146
2023,2023-11-15,173,"High St (A,C)",Brooklyn,1203
2024,2024-02-15,173,"High St (A,C)",Brooklyn,1127
2024,2024-05-15,173,"High St (A,C)",Brooklyn,1176
2024,2024-08-15,173,"High St (A,C)",Brooklyn,1162
2024,2024-11-15,173,"High St (A,C)",Brooklyn,1278
2020,2020-02-15,175,"Hoyt-Schermerhorn Sts (A,C,G)",Brooklyn,1032
2020,2020-05-15,175,"Hoyt-Schermerhorn Sts (A,C,G)",Brooklyn,918
2020,2020-08-15,175,"Hoyt-Schermerhorn Sts (A,C,G)",Brooklyn,950
2020,2020-11-15,175,"Hoyt-Schermerhorn Sts (A,C,G)",Brooklyn,1011
2021,2021-02-15,175,"Hoyt-Schermerhorn Sts (A,C,G)",Brooklyn,978
2021,2021-05-15,175,"Hoyt-Schermerhorn Sts (A,C,G)",Brooklyn,1102
2021,2021-08-15,175,"Hoyt-Schermerhorn Sts (A,C,G)",Brooklyn,1117
2021,2021-11-15,175,"Hoyt-Schermerhorn Sts (A,C,G)",Brooklyn,1175
2022,2022-02-15,175,"Hoyt-Schermerhorn Sts (A,C,G)",Brooklyn,1155
2022,2022-05-15,175,"Hoyt-Schermerhorn Sts (A,C,G)",Brooklyn,1162
2022,2022-08-15,175,"Hoyt-Schermerhorn Sts (A,C,G)",Brooklyn,1142
2022,2022-11-15,175,"Hoyt-Schermerhorn Sts (A,C,G)",Brooklyn,1182
2023,2023-02-15,175,"Hoyt-Schermerhorn Sts (A,C,G)",Brooklyn,1187
2023,2023-05-15,175,"Hoyt-Schermerhorn Sts (A,C,G)",Brooklyn,1216
2023,2023-08-15,175,"Hoyt-Schermerhorn Sts (A,C,G)",Brooklyn,1209
2023,2023-11-15,175,"Hoyt-Schermerhorn Sts (A,C,G)",Brooklyn,1243
2024,2024-02-15,175,"Hoyt-Schermerhorn Sts (A,C,G)",Brooklyn,1233
2024,2024-05-15,175,"Hoyt-Schermerhorn Sts (A,C,G)",Brooklyn,1254
2024,2024-08-15,175,"Hoyt-Schermerhorn Sts (A,C,G)",Brooklyn,1221
2024,2024-11-15,175,"Hoyt-Schermerhorn Sts (A,C,G)",Brooklyn,1425
2020,2020-02-15,176,Lafayette Av (C),Brooklyn,997
2020,2020-05-15,176,Lafayette Av (C),Brooklyn,785
2020,2020-08-15,176,Lafayette Av (C),Brooklyn,881
2020,2020-11-15,176,Lafayette Av (C),Brooklyn,959
2021,2021-02-15,176,Lafayette Av (C),Brooklyn,916
2021,2021-05-15,176,Lafayette Av (C),Brooklyn,1044
2021,2021-08-15,176,Lafayette Av (C),Brooklyn,1057
2021,2021-11-15,176,Lafayette Av (C),Brooklyn,1126
2022,2022-02-15,176,Lafayette Av (C),Brooklyn,1099
2022,2022-05-15,176,Lafayette Av (C),Brooklyn,1145
2022,2022-08-15,176,Lafayette Av (C),Brooklyn,1073
2022,2022-11-15,176,Lafayette Av (C),Brooklyn,1136
2023,2023-02-15,176,Lafayette Av (C),Brooklyn,1139
2023,2023-05-15,176,Lafayette Av (C),Brooklyn,1171
2023,2023-08-15,176,Lafayette Av (C),Brooklyn,1123
2023,2023-11-15,176,Lafayette Av (C),Brooklyn,1179
2024,2024-02-15,176,Lafayette Av (C),Brooklyn,1150
2024,2024-05-15,176,Lafayette Av (C),Brooklyn,1199
2024,2024-08-15,176,Lafayette Av (C),Brooklyn,1179
2024,2024-11-15,176,Lafayette Av (C),Brooklyn,1330
2020,2020-02-15,177,Clinton-Washington Avs (C),Brooklyn,975
2020,2020-05-15,177,Clinton-Washington Avs (C),Brooklyn,728
2020,2020-08-15,177,Clinton-Washington Avs (C),Brooklyn,845
2020,2020-11-15,177,Clinton-Washington Avs (C),Brooklyn,918
2021,2021-02-15,177,Clinton-Washington Avs (C),Brooklyn,894
2021,2021-05-15,177,Clinton-Washington Avs (C),Brooklyn,1027
2021,2021-08-15,177,Clinton-Washington Avs (C),Brooklyn,1040
2021,2021-11-15,177,Clinton-Washington Avs (C),Brooklyn,1111
2022,2022-02-15,177,Clinton-Washington Avs (C),Brooklyn,1065
2022,2022-05-15,177,Clinton-Washington Avs (C),Brooklyn,1112
2022,2022-08-15,177,Clinton-Washington Avs (C),Brooklyn,1061
2022,2022-11-15,177,Clinton-Washington Avs (C),Brooklyn,1101
2023,2023-02-15,177,Clinton-Washington Avs (C),Brooklyn,1074
2023,2023-05-15,177,Clinton-Washington Avs (C),Brooklyn,1132
2023,2023-08-15,177,Clinton-Washington Avs (C),Brooklyn,1088
2023,2023-11-15,177,Clinton-Washington Avs (C),Brooklyn,1137
2024,2024-02-15,177,Clinton-Washington Avs (C),Brooklyn,1128
2024,2024-05-15,177,Clinton-Washington Avs (C),Brooklyn,1183
2024,2024-08-15,177,Clinton-Washington Avs (C),Brooklyn,1158
2024,2024-11-15,177,Clinton-Washington Avs (C),Brooklyn,1268
2020,2020-02-15,179,"Nostrand Av (A,C)",Brooklyn,1064
2020,2020-05-15,179,"Nostrand Av (A,C)",Brooklyn,1048
2020,2020-08-15,179,"Nostrand Av (A,C)",Brooklyn,998
2020,2020-11-15,179,"Nostrand Av (A,C)",Brooklyn,1067
2021,2021-02-15,179,"Nostrand Av (A,C)",Brooklyn,1022
2021,2021-05-15,179,"Nostrand Av (A,C)",Brooklyn,1181
2021,2021-08-15,179,"Nostrand Av (A,C)",Brooklyn,1195
2021,2021-11-15,179,"Nostrand Av (A,C)",Brooklyn,1208
2022,2022-02-15,179,"Nostrand Av (A,C)",Brooklyn,1196
2022,2022-05-15,179,"Nostrand Av (A,C)",Brooklyn,1229
2022,2022-08-15,179,"Nostrand Av (A,C)",Brooklyn,1208
2022,2022-11-15,179,"Nostrand Av (A,C)",Brooklyn,1224
2023,2023-02-15,179,"Nostrand Av (A,C)",Brooklyn,1239
2023,2023-05-15,179,"Nostrand Av (A,C)",Brooklyn,1268
2023,2023-08-15,179,"Nostrand Av (A,C)",Brooklyn,1256
2023,2023-11-15,179,"Nostrand Av (A,C)",Brooklyn,1269
2024,2024-02-15,179,"Nostrand Av (A,C)",Brooklyn,1275
2024,2024-05-15,179,"Nostrand Av (A,C)",Brooklyn,1294
2024,2024-08-15,179,"Nostrand Av (A,C)",Brooklyn,1267
2024,2024-11-15,179,"Nostrand Av (A,C)",Brooklyn,1470
2020,2020-02-15,180,Kingston-Throop Avs (C),Brooklyn,1021
2020,2020-05-15,180,Kingston-Throop Avs (C),Brooklyn,917
2020,2020-08-15,180,Kingston-Throop Avs (C),Brooklyn,937
2020,2020-11-15,180,Kingston-Throop Avs (C),Brooklyn,997
2021,2021-02-15,180,Kingston-Throop Avs (C),Brooklyn,976
2021,2021-05-15,180,Kingston-Throop Avs (C),Brooklyn,1110
2021,2021-08-15,180,Kingston-Throop Avs (C),Brooklyn,1102
2021,2021-11-15,180,Kingston-Throop Avs (C),Brooklyn,1134
2022,2022-02-15,180,Kingston-Throop Avs (C),Brooklyn,1137
2022,2022-05-15,180,Kingston-Throop Avs (C),Brooklyn,1147
2022,2022-08-15,180,Kingston-Throop Avs (C),Brooklyn,1111
2022,2022-11-15,180,Kingston-Throop Avs (C),Brooklyn,1157
2023,2023-02-15,180,Kingston-Throop Avs (C),Brooklyn,1155
2023,2023-05-15,180,Kingston-Throop Avs (C),Brooklyn,1170
2023,2023-08-15,180,Kingston-Throop Avs (C),Brooklyn,1161
2023,2023-11-15,180,Kingston-Throop Avs (C),Brooklyn,1194
2024,2024-02-15,180,Kingston-Throop Avs (C),Brooklyn,1191
2024,2024-05-15,180,Kingston-Throop Avs (C),Brooklyn,1211
2024,2024-08-15,180,Kingston-Throop Avs (C),Brooklyn,1180
2024,2024-11-15,180,Kingston-Throop Avs (C),Brooklyn,1334
2020,2020-02-15,181,"Utica Av (A,C)",Brooklyn,1068
2020,2020-05-15,181,"Utica Av (A,C)",Brooklyn,1057
2020,2020-08-15,181,"Utica Av (A,C)",Brooklyn,1015
2020,2020-11-15,181,"Utica Av (A,C)",Brooklyn,1084
2021,2021-02-15,181,"Utica Av (A,C)",Brooklyn,1061
2021,2021-05-15,181,"Utica Av (A,C)",Brooklyn,1186
2021,2021-08-15,181,"Utica Av (A,C)",Brooklyn,1196
2021,2021-11-15,181,"Utica Av (A,C)",Brooklyn,1230
2022,2022-02-15,181,"Utica Av (A,C)",Brooklyn,1208
2022,2022-05-15,181,"Utica Av (A,C)",Brooklyn,1235
2022,2022-08-15,181,"Utica Av (A,C)",Brooklyn,1209
2022,2022-11-15,181,"Utica Av (A,C)",Brooklyn,1232
2023,2023-02-15,181,"Utica Av (A,C)",Brooklyn,1246
2023,2023-05-15,181,"Utica Av (A,C)",Brooklyn,1254
2023,2023-08-15,181,"Utica Av (A,C)",Brooklyn,1247
2023,2023-11-15,181,"Utica Av (A,C)",Brooklyn,1270
2024,2024-02-15,181,"Utica Av (A,C)",Brooklyn,1270
2024,2024-05-15,181,"Utica Av (A,C)",Brooklyn,1270
2024,2024-08-15,181,"Utica Av (A,C)",Brooklyn,1268
2024,2024-11-15,181,"Utica Av (A,C)",Brooklyn,1469
2020,2020-02-15,182,Ralph Av (C),Brooklyn,1036
2020,2020-05-15,182,Ralph Av (C),Brooklyn,962
2020,2020-08-15,182,Ralph Av (C),Brooklyn,955
2020,2020-11-15,182,Ralph Av (C),Brooklyn,1040
2021,2021-02-15,182,Ralph Av (C),Brooklyn,993
2021,2021-05-15,182,Ralph Av (C),Brooklyn,1117
2021,2021-08-15,182,Ralph Av (C),Brooklyn,1104
2021,2021-11-15,182,Ralph Av (C),Brooklyn,1165
2022,2022-02-15,182,Ralph Av (C),Brooklyn,1096
2022,2022-05-15,182,Ralph Av (C),Brooklyn,1147
2022,2022-08-15,182,Ralph Av (C),Brooklyn,1136
2022,2022-11-15,182,Ralph Av (C),Brooklyn,1151
2023,2023-02-15,182,Ralph Av (C),Brooklyn,1138
2023,2023-05-15,182,Ralph Av (C),Brooklyn,1187
2023,2023-08-15,182,Ralph Av (C),Brooklyn,1165
2023,2023-11-15,182,Ralph Av (C),Brooklyn,1186
2024,2024-02-15,182,Ralph Av (C),Brooklyn,1166
2024,2024-05-15,182,Ralph Av (C),Brooklyn,1195
2024,2024-08-15,182,Ralph Av (C),Brooklyn,1139
2024,2024-11-15,182,Ralph Av (C),Brooklyn,1326
2020,2020-02-15,183,Rockaway Av (C),Brooklyn,1023
2020,2020-05-15,183,Rockaway Av (C),Brooklyn,980
2020,2020-08-15,183,Rockaway Av (C),Brooklyn,944
2020,2020-11-15,183,Rockaway Av (C),Brooklyn,1038
2021,2021-02-15,183,Rockaway Av (C),Brooklyn,983
2021,2021-05-15,183,Rockaway Av (C),Brooklyn,1104
2021,2021-08-15,183,Rockaway Av (C),Brooklyn,1110
2021,2021-11-15,183,Rockaway Av (C),Brooklyn,1165
2022,2022-02-15,183,Rockaway Av (C),Brooklyn,1110
2022,2022-05-15,183,Rockaway Av (C),Brooklyn,1142
2022,2022-08-15,183,Rockaway Av (C),Brooklyn,1124
2022,2022-11-15,183,Rockaway Av (C),Brooklyn,1148
2023,2023-02-15,183,Rockaway Av (C),Brooklyn,1121
2023,2023-05-15,183,Rockaway Av (C),Brooklyn,1170
2023,2023-08-15,183,Rockaway Av (C),Brooklyn,1145
2023,2023-11-15,183,Rockaway Av (C),Brooklyn,1166
2024,2024-02-15,183,Rockaway Av (C),Brooklyn,1124
2024,2024-05-15,183,Rockaway Av (C),Brooklyn,1166
2024,2024-08-15,183,Rockaway Av (C),Brooklyn,1158
2024,2024-11-15,183,Rockaway Av (C),Brooklyn,1327
2020,2020-02-15,185,Liberty Av (C),Brooklyn,975
2020,2020-05-15,185,Liberty Av (C),Brooklyn,813
2020,2020-08-15,185,Liberty Av (C),Brooklyn,841
2020,2020-11-15,185,Liberty Av (C),Brooklyn,938
2021,2021-02-15,185,Liberty Av (C),Brooklyn,890
2021,2021-05-15,185,Liberty Av (C),Brooklyn,1017
2021,2021-08-15,185,Liberty Av (C),Brooklyn,1013
2021,2021-11-15,185,Liberty Av (C),Brooklyn,1047
2022,2022-02-15,185,Liberty Av (C),Brooklyn,1023
2022,2022-05-15,185,Liberty Av (C),Brooklyn,1050
2022,2022-08-15,185,Liberty Av (C),Brooklyn,1029
2022,2022-11-15,185,Liberty Av (C),Brooklyn,1064
2023,2023-02-15,185,Liberty Av (C),Brooklyn,1055
2023,2023-05-15,185,Liberty Av (C),Brooklyn,1088
2023,2023-08-15,185,Liberty Av (C),Brooklyn,1053
2023,2023-11-15,185,Liberty Av (C),Brooklyn,1103
2024,2024-02-15,185,Liberty Av (C),Brooklyn,1055
2024,2024-05-15,185,Liberty Av (C),Brooklyn,1095
2024,2024-08-15,185,Liberty Av (C),Brooklyn,1045
2024,2024-11-15,185,Liberty Av (C),Brooklyn,1189
2020,2020-02-15,186,Van Siclen Av (C),Brooklyn,977
2020,2020-05-15,186,Van Siclen Av (C),Brooklyn,840
2020,2020-08-15,186,Van Siclen Av (C),Brooklyn,867
2020,2020-11-15,186,Van Siclen Av (C),Brooklyn,953
2021,2021-02-15,186,Van Siclen Av (C),Brooklyn,888
2021,2021-05-15,186,Van Siclen Av (C),Brooklyn,1036
2021,2021-08-15,186,Van Siclen Av (C),Brooklyn,1025
2021,2021-11-15,186,Van Siclen Av (C),Brooklyn,1057
2022,2022-02-15,186,Van Siclen Av (C),Brooklyn,1041
2022,2022-05-15,186,Van Siclen Av (C),Brooklyn,1086
2022,2022-08-15,186,Van Siclen Av (C),Brooklyn,1041
2022,2022-11-15,186,Van Siclen Av (C),Brooklyn,1063
2023,2023-02-15,186,Van Siclen Av (C),Brooklyn,1054
2023,2023-05-15,186,Van Siclen Av (C),Brooklyn,1096
2023,2023-08-15,186,Van Siclen Av (C),Brooklyn,1073
2023,2023-11-15,186,Van Siclen Av (C),Brooklyn,1081
2024,2024-02-15,186,Van Siclen Av (C),Brooklyn,1090
2024,2024-05-15,186,Van Siclen Av (C),Brooklyn,1103
2024,2024-08-15,186,Van Siclen Av (C),Brooklyn,1073
2024,2024-11-15,186,Van Siclen Av (C),Brooklyn,1204
2020,2020-02-15,187,Shepherd Av (C),Brooklyn,971
2020,2020-05-15,187,Shepherd Av (C),Brooklyn,815
2020,2020-08-15,187,Shepherd Av (C),Brooklyn,833
2020,2020-11-15,187,Shepherd Av (C),Brooklyn,967
2021,2021-02-15,187,Shepherd Av (C),Brooklyn,909
2021,2021-05-15,187,Shepherd Av (C),Brooklyn,1020
2021,2021-08-15,187,Shepherd Av (C),Brooklyn,1059
2021,2021-11-15,187,Shepherd Av (C),Brooklyn,1087
2022,2022-02-15,187,Shepherd Av (C),Brooklyn,1067
2022,2022-05-15,187,Shepherd Av (C),Brooklyn,1094
2022,2022-08-15,187,Shepherd Av (C),Brooklyn,1068
2022,2022-11-15,187,Shepherd Av (C),Brooklyn,1076
2023,2023-02-15,187,Shepherd Av (C),Brooklyn,1063
2023,2023-05-15,187,Shepherd Av (C),Brooklyn,1106
2023,2023-08-15,187,Shepherd Av (C),Brooklyn,1096
2023,2023-11-15,187,Shepherd Av (C),Brooklyn,1109
2024,2024-02-15,187,Shepherd Av (C),Brooklyn,1112
2024,2024-05-15,187,Shepherd Av (C),Brooklyn,1115
2024,2024-08-15,187,Shepherd Av (C),Brooklyn,1086
2024,2024-11-15,187,Shepherd Av (C),Brooklyn,1217
2020,2020-02-15,188,"Euclid Av (A,C)",Brooklyn,1062
2020,2020-05-15,188,"Euclid Av (A,C)",Brooklyn,1058
2020,2020-08-15,188,"Euclid Av (A,C)",Brooklyn,1003
2020,2020-11-15,188,"Euclid Av (A,C)",Brooklyn,1073
2021,2021-02-15,188,"Euclid Av (A,C)",Brooklyn,1027
2021,2021-05-15,188,"Euclid Av (A,C)",Brooklyn,1164
2021,2021-08-15,188,"Euclid Av (A,C)",Brooklyn,1187
2021,2021-11-15,188,"Euclid Av (A,C)",Brooklyn,1205
2022,2022-02-15,188,"Euclid Av (A,C)",Brooklyn,1199
2022,2022-05-15,188,"Euclid Av (A,C)",Brooklyn,1210
2022,2022-08-15,188,"Euclid Av (A,C)",Brooklyn,1191
2022,2022-11-15,188,"Euclid Av (A,C)",Brooklyn,1225
2023,2023-02-15,188,"Euclid Av (A,C)",Brooklyn,1222
2023,2023-05-15,188,"Euclid Av (A,C)",Brooklyn,1250
2023,2023-08-15,188,"Euclid Av (A,C)",Brooklyn,1221
2023,2023-11-15,188,"Euclid Av (A,C)",Brooklyn,1259
2024,2024-02-15,188,"Euclid Av (A,C)",Brooklyn,1248
2024,2024-05-15,188,"Euclid Av (A,C)",Brooklyn,1264
2024,2024-08-15,188,"Euclid Av (A,C)",Brooklyn,1239
2024,2024-11-15,188,"Euclid Av (A,C)",Brooklyn,1439
2020,2020-02-15,189,Grant Av (A),Brooklyn,1016
2020,2020-05-15,189,Grant Av (A),Brooklyn,815
2020,2020-08-15,189,Grant Av (A),Brooklyn,811
2020,2020-11-15,189,Grant Av (A),Brooklyn,1015
2021,2021-02-15,189,Grant Av (A),Brooklyn,975
2021,2021-05-15,189,Grant Av (A),Brooklyn,1092
2021,2021-08-15,189,Grant Av (A),Brooklyn,1104
2021,2021-11-15,189,Grant Av (A),Brooklyn,1142
2022,2022-02-15,189,Grant Av (A),Brooklyn,1132
2022,2022-05-15,189,Grant Av (A),Brooklyn,1156
2022,2022-08-15,189,Grant Av (A),Brooklyn,1121
2022,2022-11-15,189,Grant Av (A),Brooklyn,1141
2023,2023-02-15,189,Grant Av (A),Brooklyn,1155
2023,2023-05-15,189,Grant Av (A),Brooklyn,1161
2023,2023-08-15,189,Grant Av (A),Brooklyn,1174
2023,2023-11-15,189,Grant Av (A),Brooklyn,1160
2024,2024-02-15,189,Grant Av (A),Brooklyn,1156
2024,2024-05-15,189,Grant Av (A),Brooklyn,1189
2024,2024-08-15,189,Grant Av (A),Brooklyn,1188
2024,2024-11-15,189,Grant Av (A),Brooklyn,1338
2020,2020-02-15,190,80 St (A),Queens,969
2020,2020-05-15,190,80 St (A),Queens,737
2020,2020-08-15,190,80 St (A),Queens,737
2020,2020-11-15,190,80 St (A),Queens,925
2021,2021-02-15,190,80 St (A),Queens,896
2021,2021-05-15,190,80 St (A),Queens,1013
2021,2021-08-15,190,80 St (A),Queens,1034
2021,2021-11-15,190,80 St (A),Queens,1078
2022,2022-02-15,190,80 St (A),Queens,1072
2022,2022-05-15,190,80 St (A),Queens,1095
2022,2022-08-15,190,80 St (A),Queens,1070
2022,2022-11-15,190,80 St (A),Queens,1096
2023,2023-02-15,190,80 St (A),Queens,1119
2023,2023-05-15,190,80 St (A),Queens,1119
2023,2023-08-15,190,80 St (A),Queens,1102
2023,2023-11-15,190,80 St (A),Queens,1126
2024,2024-02-15,190,80 St (A),Queens,1095
2024,2024-05-15,190,80 St (A),Queens,1153
2024,2024-08-15,190,80 St (A),Queens,1131
2024,2024-11-15,190,80 St (A),Queens,1267
2020,2020-02-15,191,88 St (A),Queens,896
2020,2020-05-15,191,88 St (A),Queens,602
2020,2020-08-15,191,88 St (A),Queens,683
2020,2020-11-15,191,88 St (A),Queens,846
2021,2021-02-15,191,88 St (A),Queens,830
2021,2021-05-15,191,88 St (A),Queens,941
2021,2021-08-15,191,88 St (A),Queens,938
2021,2021-11-15,191,88 St (A),Queens,999
2022,2022-02-15,191,88 St (A),Queens,980
2022,2022-05-15,191,88 St (A),Queens,1015
2022,2022-08-15,191,88 St (A),Queens,984
2022,2022-11-15,191,88 St (A),Queens,1012
2023,2023-02-15,191,88 St (A),Queens,1009
2023,2023-05-15,191,88 St (A),Queens,1032
2023,2023-08-15,191,88 St (A),Queens,1001
2023,2023-11-15,191,88 St (A),Queens,1039
2024,2024-02-15,191,88 St (A),Queens,1026
2024,2024-05-15,191,88 St (A),Queens,1040
2024,2024-08-15,191,88 St (A),Queens,1036
2024,2024-11-15,191,88 St (A),Queens,1123
2020,2020-02-15,192,Rockaway Blvd (A),Queens,1047
2020,2020-05-15,192,Rockaway Blvd (A),Queens,861
2020,2020-08-15,192,Rockaway Blvd (A),Queens,845
2020,2020-11-15,192,Rockaway Blvd (A),Queens,928
2021,2021-02-15,192,Rockaway Blvd (A),Queens,983
2021,2021-05-15,192,Rockaway Blvd (A),Queens,1157
2021,2021-08-15,192,Rockaway Blvd (A),Queens,1153
2021,2021-11-15,192,Rockaway Blvd (A),Queens,1202
2022,2022-02-15,192,Rockaway Blvd (A),Queens,1205
2022,2022-05-15,192,Rockaway Blvd (A),Queens,1213
2022,2022-08-15,192,Rockaway Blvd (A),Queens,1183
2022,2022-11-15,192,Rockaway Blvd (A),Queens,1202
2023,2023-02-15,192,Rockaway Blvd (A),Queens,1188
2023,2023-05-15,192,Rockaway Blvd (A),Queens,1206
2023,2023-08-15,192,Rockaway Blvd (A),Queens,1212
2023,2023-11-15,192,Rockaway Blvd (A),Queens,1224
2024,2024-02-15,192,Rockaway Blvd (A),Queens,1233
2024,2024-05-15,192,Rockaway Blvd (A),Queens,1283
2024,2024-08-15,192,Rockaway Blvd (A),Queens,1235
2024,2024-11-15,192,Rockaway Blvd (A),Queens,1371
2020,2020-02-15,193,104 St (A),Queens,837
2020,2020-05-15,193,104 St (A),Queens,502
2020,2020-08-15,193,104 St (A),Queens,573
2020,2020-11-15,193,104 St (A),Queens,661
2021,2021-02-15,193,104 St (A),Queens,689
2021,2021-05-15,193,104 St (A),Queens,829
2021,2021-08-15,193,104 St (A),Queens,848
2021,2021-11-15,193,104 St (A),Queens,918
2022,2022-02-15,193,104 St (A),Queens,894
2022,2022-05-15,193,104 St (A),Queens,929
2022,2022-08-15,193,104 St (A),Queens,895
2022,2022-11-15,193,104 St (A),Queens,960
2023,2023-02-15,193,104 St (A),Queens,973
2023,2023-05-15,193,104 St (A),Queens,955
2023,2023-08-15,193,104 St (A),Queens,942
2023,2023-11-15,193,104 St (A),Queens,962
2024,2024-02-15,193,104 St (A),Queens,932
2024,2024-05-15,193,104 St (A),Queens,1000
2024,2024-08-15,193,104 St (A),Queens,918
2024,2024-11-15,193,104 St (A),Queens,1046
2020,2020-02-15,194,111 St (A),Queens,880
2020,2020-05-15,194,111 St (A),Queens,538
2020,2020-08-15,194,111 St (A),Queens,643
2020,2020-11-15,194,111 St (A),Queens,756
2021,2021-02-15,194,111 St (A),Queens,737
2021,2021-05-15,194,111 St (A),Queens,879
2021,2021-08-15,194,111 St (A),Queens,860
2021,2021-11-15,194,111 St (A),Queens,949
2022,2022-02-15,194,111 St (A),Queens,942
2022,2022-05-15,194,111 St (A),Queens,969
2022,2022-08-15,194,111 St (A),Queens,959
2022,2022-11-15,194,111 St (A),Queens,1007
2023,2023-02-15,194,111 St (A),Queens,980
2023,2023-05-15,194,111 St (A),Queens,1002
2023,2023-08-15,194,111 St (A),Queens,966
2023,2023-11-15,194,111 St (A),Queens,992
2024,2024-02-15,194,111 St (A),Queens,975
2024,2024-05-15,194,111 St (A),Queens,1031
2024,2024-08-15,194,111 St (A),Queens,979
2024,2024-11-15,194,111 St (A),Queens,1068
2020,2020-02-15,195,Ozone Park-Lefferts Blvd (A),Queens,1024
2020,2020-05-15,195,Ozone Park-Lefferts Blvd (A),Queens,843
2020,2020-08-15,195,Ozone Park-Lefferts Blvd (A),Queens,813
2020,2020-11-15,195,Ozone Park-Lefferts Blvd (A),Queens,990
2021,2021-02-15,195,Ozone Park-Lefferts Blvd (A),Queens,984
2021,2021-05-15,195,Ozone Park-Lefferts Blvd (A),Queens,1106
2021,2021-08-15,195,Ozone Park-Lefferts Blvd (A),Queens,1131
2021,2021-11-15,195,Ozone Park-Lefferts Blvd (A),Queens,1172
2022,2022-02-15,195,Ozone Park-Lefferts Blvd (A),Queens,1157
2022,2022-05-15,195,Ozone Park-Lefferts Blvd (A),Queens,1180
2022,2022-08-15,195,Ozone Park-Lefferts Blvd (A),Queens,1159
2022,2022-11-15,195,Ozone Park-Lefferts Blvd (A),Queens,1185
2023,2023-02-15,195,Ozone Park-Lefferts Blvd (A),Queens,1187
2023,2023-05-15,195,Ozone Park-Lefferts Blvd (A),Queens,1210
2023,2023-08-15,195,Ozone Park-Lefferts Blvd (A),Queens,1219
2023,2023-11-15,195,Ozone Park-Lefferts Blvd (A),Queens,1214
2024,2024-02-15,195,Ozone Park-Lefferts Blvd (A),Queens,1227
2024,2024-05-15,195,Ozone Park-Lefferts Blvd (A),Queens,1251
2024,2024-08-15,195,Ozone Park-Lefferts Blvd (A),Queens,1218
2024,2024-11-15,195,Ozone Park-Lefferts Blvd (A),Queens,1361
2020,2020-02-15,196,Aqueduct Racetrack (A),Queens,916
2020,2020-05-15,196,Aqueduct Racetrack (A),Queens,111
2020,2020-08-15,196,Aqueduct Racetrack (A),Queens,171
2020,2020-11-15,196,Aqueduct Racetrack (A),Queens,693
2021,2021-02-15,196,Aqueduct Racetrack (A),Queens,733
2021,2021-05-15,196,Aqueduct Racetrack (A),Queens,949
2021,2021-08-15,196,Aqueduct Racetrack (A),Queens,942
2021,2021-11-15,196,Aqueduct Racetrack (A),Queens,1029
2022,2022-02-15,196,Aqueduct Racetrack (A),Queens,925
2022,2022-05-15,196,Aqueduct Racetrack (A),Queens,984
2022,2022-08-15,196,Aqueduct Racetrack (A),Queens,940
2022,2022-11-15,196,Aqueduct Racetrack (A),Queens,902
2023,2023-02-15,196,Aqueduct Racetrack (A),Queens,968
2023,2023-05-15,196,Aqueduct Racetrack (A),Queens,985
2023,2023-08-15,196,Aqueduct Racetrack (A),Queens,1024
2023,2023-11-15,196,Aqueduct Racetrack (A),Queens,1015
2024,2024-02-15,196,Aqueduct Racetrack (A),Queens,952
2024,2024-05-15,196,Aqueduct Racetrack (A),Queens,690
2024,2024-08-15,196,Aqueduct Racetrack (A),Queens,948
2024,2024-11-15,196,Aqueduct Racetrack (A),Queens,961
2020,2020-02-15,197,Aqueduct-N Conduit Av (A),Queens,763
2020,2020-05-15,197,Aqueduct-N Conduit Av (A),Queens,323
2020,2020-08-15,197,Aqueduct-N Conduit Av (A),Queens,391
2020,2020-11-15,197,Aqueduct-N Conduit Av (A),Queens,532
2021,2021-02-15,197,Aqueduct-N Conduit Av (A),Queens,558
2021,2021-05-15,197,Aqueduct-N Conduit Av (A),Queens,717
2021,2021-08-15,197,Aqueduct-N Conduit Av (A),Queens,681
2021,2021-11-15,197,Aqueduct-N Conduit Av (A),Queens,788
2022,2022-02-15,197,Aqueduct-N Conduit Av (A),Queens,702
2022,2022-05-15,197,Aqueduct-N Conduit Av (A),Queens,741
2022,2022-08-15,197,Aqueduct-N Conduit Av (A),Queens,704
2022,2022-11-15,197,Aqueduct-N Conduit Av (A),Queens,734
2023,2023-02-15,197,Aqueduct-N Conduit Av (A),Queens,801
2023,2023-05-15,197,Aqueduct-N Conduit Av (A),Queens,783
2023,2023-08-15,197,Aqueduct-N Conduit Av (A),Queens,817
2023,2023-11-15,197,Aqueduct-N Conduit Av (A),Queens,804
2024,2024-02-15,197,Aqueduct-N Conduit Av (A),Queens,786
2024,2024-05-15,197,Aqueduct-N Conduit Av (A),Queens,605
2024,2024-08-15,197,Aqueduct-N Conduit Av (A),Queens,776
2024,2024-11-15,197,Aqueduct-N Conduit Av (A),Queens,839
2020,2020-02-15,198,Howard Beach-JFK Airport (A),Queens,949
2020,2020-05-15,198,Howard Beach-JFK Airport (A),Queens,523
2020,2020-08-15,198,Howard Beach-JFK Airport (A),Queens,716
2020,2020-11-15,198,Howard Beach-JFK Airport (A),Queens,812
2021,2021-02-15,198,Howard Beach-JFK Airport (A),Queens,794
2021,2021-05-15,198,Howard Beach-JFK Airport (A),Queens,983
2021,2021-08-15,198,Howard Beach-JFK Airport (A),Queens,1013
2021,2021-11-15,198,Howard Beach-JFK Airport (A),Queens,1083
2022,2022-02-15,198,Howard Beach-JFK Airport (A),Queens,1076
2022,2022-05-15,198,Howard Beach-JFK Airport (A),Queens,1105
2022,2022-08-15,198,Howard Beach-JFK Airport (A),Queens,1087
2022,2022-11-15,198,Howard Beach-JFK Airport (A),Queens,1140
2023,2023-02-15,198,Howard Beach-JFK Airport (A),Queens,1106
2023,2023-05-15,198,Howard Beach-JFK Airport (A),Queens,1190
2023,2023-08-15,198,Howard Beach-JFK Airport (A),Queens,1118
2023,2023-11-15,198,Howard Beach-JFK Airport (A),Queens,1156
2024,2024-02-15,198,Howard Beach-JFK Airport (A),Queens,1174
2024,2024-05-15,198,Howard Beach-JFK Airport (A),Queens,885
2024,2024-08-15,198,Howard Beach-JFK Airport (A),Queens,1167
2024,2024-11-15,198,Howard Beach-JFK Airport (A),Queens,1283
2020,2020-02-15,199,"Broad Channel (A,S)",Queens,438
2020,2020-05-15,199,"Broad Channel (A,S)",Queens,191
2020,2020-08-15,199,"Broad Channel (A,S)",Queens,246
2020,2020-11-15,199,"Broad Channel (A,S)",Queens,301
2021,2021-02-15,199,"Broad Channel (A,S)",Queens,272
2021,2021-05-15,199,"Broad Channel (A,S)",Queens,429
2021,2021-08-15,199,"Broad Channel (A,S)",Queens,420
2021,2021-11-15,199,"Broad Channel (A,S)",Queens,447
2022,2022-02-15,199,"Broad Channel (A,S)",Queens,467
2022,2022-05-15,199,"Broad Channel (A,S)",Queens,461
2022,2022-08-15,199,"Broad Channel (A,S)",Queens,446
2022,2022-11-15,199,"Broad Channel (A,S)",Queens,438
2023,2023-02-15,199,"Broad Channel (A,S)",Queens,405
2023,2023-05-15,199,"Broad Channel (A,S)",Queens,482
2023,2023-08-15,199,"Broad Channel (A,S)",Queens,439
2023,2023-11-15,199,"Broad Channel (A,S)",Queens,491
2024,2024-02-15,199,"Broad Channel (A,S)",Queens,417
2024,2024-05-15,199,"Broad Channel (A,S)",Queens,396
2024,2024-08-15,199,"Broad Channel (A,S)",Queens,456
2024,2024-11-15,199,"Broad Channel (A,S)",Queens,506
2020,2020-02-15,2,"Astoria Blvd (N,W)",Queens,992
2020,2020-05-15,2,"Astoria Blvd (N,W)",Queens,730
2020,2020-08-15,2,"Astoria Blvd (N,W)",Queens,938
2020,2020-11-15,2,"Astoria Blvd (N,W)",Queens,1013
2021,2021-02-15,2,"Astoria Blvd (N,W)",Queens,980
2021,2021-05-15,2,"Astoria Blvd (N,W)",Queens,1114
2021,2021-08-15,2,"Astoria Blvd (N,W)",Queens,1118
2021,2021-11-15,2,"Astoria Blvd (N,W)",Queens,1155
2022,2022-02-15,2,"Astoria Blvd (N,W)",Queens,1160
2022,2022-05-15,2,"Astoria Blvd (N,W)",Queens,1186
2022,2022-08-15,2,"Astoria Blvd (N,W)",Queens,1160
2022,2022-11-15,2,"Astoria Blvd (N,W)",Queens,1194
2023,2023-02-15,2,"Astoria Blvd (N,W)",Queens,1181
2023,2023-05-15,2,"Astoria Blvd (N,W)",Queens,1218
2023,2023-08-15,2,"Astoria Blvd (N,W)",Queens,1189
2023,2023-11-15,2,"Astoria Blvd (N,W)",Queens,1208
2024,2024-02-15,2,"Astoria Blvd (N,W)",Queens,1210
2024,2024-05-15,2,"Astoria Blvd (N,W)",Queens,1245
2024,2024-08-15,2,"Astoria Blvd (N,W)",Queens,1239
2024,2024-11-15,2,"Astoria Blvd (N,W)",Queens,1404
2020,2020-02-15,20,"City Hall (R,W)",Manhattan,813
2020,2020-05-15,20,"City Hall (R,W)",Manhattan,513
2020,2020-08-15,20,"City Hall (R,W)",Manhattan,786
2020,2020-11-15,20,"City Hall (R,W)",Manhattan,735
2021,2021-02-15,20,"City Hall (R,W)",Manhattan,787
2021,2021-05-15,20,"City Hall (R,W)",Manhattan,916
2021,2021-08-15,20,"City Hall (R,W)",Manhattan,909
2021,2021-11-15,20,"City Hall (R,W)",Manhattan,955
2022,2022-02-15,20,"City Hall (R,W)",Manhattan,872
2022,2022-05-15,20,"City Hall (R,W)",Manhattan,1024
2022,2022-08-15,20,"City Hall (R,W)",Manhattan,930
2022,2022-11-15,20,"City Hall (R,W)",Manhattan,1027
2023,2023-02-15,20,"City Hall (R,W)",Manhattan,611
2023,2023-05-15,20,"City Hall (R,W)",Manhattan,995
2023,2023-08-15,20,"City Hall (R,W)",Manhattan,1026
2023,2023-11-15,20,"City Hall (R,W)",Manhattan,1041
2024,2024-02-15,20,"City Hall (R,W)",Manhattan,1030
2024,2024-05-15,20,"City Hall (R,W)",Manhattan,1019
2024,2024-08-15,20,"City Hall (R,W)",Manhattan,1053
2024,2024-11-15,20,"City Hall (R,W)",Manhattan,1125
2020,2020-02-15,200,"Beach 90 St (A,S)",Queens,819
2020,2020-05-15,200,"Beach 90 St (A,S)",Queens,373
2020,2020-08-15,200,"Beach 90 St (A,S)",Queens,551
2020,2020-11-15,200,"Beach 90 St (A,S)",Queens,536
2021,2021-02-15,200,"Beach 90 St (A,S)",Queens,512
2021,2021-05-15,200,"Beach 90 St (A,S)",Queens,430
2021,2021-08-15,200,"Beach 90 St (A,S)",Queens,743
2021,2021-11-15,200,"Beach 90 St (A,S)",Queens,704
2022,2022-02-15,200,"Beach 90 St (A,S)",Queens,662
2022,2022-05-15,200,"Beach 90 St (A,S)",Queens,927
2022,2022-08-15,200,"Beach 90 St (A,S)",Queens,825
2022,2022-11-15,200,"Beach 90 St (A,S)",Queens,761
2023,2023-02-15,200,"Beach 90 St (A,S)",Queens,737
2023,2023-05-15,200,"Beach 90 St (A,S)",Queens,915
2023,2023-08-15,200,"Beach 90 St (A,S)",Queens,830
2023,2023-11-15,200,"Beach 90 St (A,S)",Queens,743
2024,2024-02-15,200,"Beach 90 St (A,S)",Queens,688
2024,2024-05-15,200,"Beach 90 St (A,S)",Queens,690
2024,2024-08-15,200,"Beach 90 St (A,S)",Queens,788
2024,2024-11-15,200,"Beach 90 St (A,S)",Queens,587
2020,2020-02-15,201,"Beach 98 St (A,S)",Queens,584
2020,2020-05-15,201,"Beach 98 St (A,S)",Queens,260
2020,2020-08-15,201,"Beach 98 St (A,S)",Queens,379
2020,2020-11-15,201,"Beach 98 St (A,S)",Queens,399
2021,2021-02-15,201,"Beach 98 St (A,S)",Queens,350
2021,2021-05-15,201,"Beach 98 St (A,S)",Queens,320
2021,2021-08-15,201,"Beach 98 St (A,S)",Queens,609
2021,2021-11-15,201,"Beach 98 St (A,S)",Queens,576
2022,2022-02-15,201,"Beach 98 St (A,S)",Queens,593
2022,2022-05-15,201,"Beach 98 St (A,S)",Queens,686
2022,2022-08-15,201,"Beach 98 St (A,S)",Queens,671
2022,2022-11-15,201,"Beach 98 St (A,S)",Queens,620
2023,2023-02-15,201,"Beach 98 St (A,S)",Queens,605
2023,2023-05-15,201,"Beach 98 St (A,S)",Queens,624
2023,2023-08-15,201,"Beach 98 St (A,S)",Queens,694
2023,2023-11-15,201,"Beach 98 St (A,S)",Queens,631
2024,2024-02-15,201,"Beach 98 St (A,S)",Queens,608
2024,2024-05-15,201,"Beach 98 St (A,S)",Queens,565
2024,2024-08-15,201,"Beach 98 St (A,S)",Queens,621
2024,2024-11-15,201,"Beach 98 St (A,S)",Queens,463
2020,2020-02-15,202,"Beach 105 St (A,S)",Queens,329
2020,2020-05-15,202,"Beach 105 St (A,S)",Queens,133
2020,2020-08-15,202,"Beach 105 St (A,S)",Queens,288
2020,2020-11-15,202,"Beach 105 St (A,S)",Queens,213
2021,2021-02-15,202,"Beach 105 St (A,S)",Queens,198
2021,2021-05-15,202,"Beach 105 St (A,S)",Queens,230
2021,2021-08-15,202,"Beach 105 St (A,S)",Queens,434
2021,2021-11-15,202,"Beach 105 St (A,S)",Queens,347
2022,2022-02-15,202,"Beach 105 St (A,S)",Queens,335
2022,2022-05-15,202,"Beach 105 St (A,S)",Queens,415
2022,2022-08-15,202,"Beach 105 St (A,S)",Queens,496
2022,2022-11-15,202,"Beach 105 St (A,S)",Queens,376
2023,2023-02-15,202,"Beach 105 St (A,S)",Queens,390
2023,2023-05-15,202,"Beach 105 St (A,S)",Queens,453
2023,2023-08-15,202,"Beach 105 St (A,S)",Queens,551
2023,2023-11-15,202,"Beach 105 St (A,S)",Queens,398
2024,2024-02-15,202,"Beach 105 St (A,S)",Queens,361
2024,2024-05-15,202,"Beach 105 St (A,S)",Queens,367
2024,2024-08-15,202,"Beach 105 St (A,S)",Queens,491
2024,2024-11-15,202,"Beach 105 St (A,S)",Queens,344
2020,2020-02-15,203,"Rockaway Park-Beach 116 St (A,S)",Queens,800
2020,2020-05-15,203,"Rockaway Park-Beach 116 St (A,S)",Queens,471
2020,2020-08-15,203,"Rockaway Park-Beach 116 St (A,S)",Queens,575
2020,2020-11-15,203,"Rockaway Park-Beach 116 St (A,S)",Queens,638
2021,2021-02-15,203,"Rockaway Park-Beach 116 St (A,S)",Queens,578
2021,2021-05-15,203,"Rockaway Park-Beach 116 St (A,S)",Queens,479
2021,2021-08-15,203,"Rockaway Park-Beach 116 St (A,S)",Queens,774
2021,2021-11-15,203,"Rockaway Park-Beach 116 St (A,S)",Queens,800
2022,2022-02-15,203,"Rockaway Park-Beach 116 St (A,S)",Queens,795
2022,2022-05-15,203,"Rockaway Park-Beach 116 St (A,S)",Queens,883
2022,2022-08-15,203,"Rockaway Park-Beach 116 St (A,S)",Queens,889
2022,2022-11-15,203,"Rockaway Park-Beach 116 St (A,S)",Queens,840
2023,2023-02-15,203,"Rockaway Park-Beach 116 St (A,S)",Queens,792
2023,2023-05-15,203,"Rockaway Park-Beach 116 St (A,S)",Queens,896
2023,2023-08-15,203,"Rockaway Park-Beach 116 St (A,S)",Queens,888
2023,2023-11-15,203,"Rockaway Park-Beach 116 St (A,S)",Queens,866
2024,2024-02-15,203,"Rockaway Park-Beach 116 St (A,S)",Queens,835
2024,2024-05-15,203,"Rockaway Park-Beach 116 St (A,S)",Queens,858
2024,2024-08-15,203,"Rockaway Park-Beach 116 St (A,S)",Queens,848
2024,2024-11-15,203,"Rockaway Park-Beach 116 St (A,S)",Queens,639
2020,2020-02-15,204,Beach 67 St (A),Queens,738
2020,2020-05-15,204,Beach 67 St (A),Queens,752
2020,2020-08-15,204,Beach 67 St (A),Queens,747
2020,2020-11-15,204,Beach 67 St (A),Queens,809
2021,2021-02-15,204,Beach 67 St (A),Queens,867
2021,2021-05-15,204,Beach 67 St (A),Queens,1003
2021,2021-08-15,204,Beach 67 St (A),Queens,1028
2021,2021-11-15,204,Beach 67 St (A),Queens,1026
2022,2022-02-15,204,Beach 67 St (A),Queens,1014
2022,2022-05-15,204,Beach 67 St (A),Queens,759
2022,2022-08-15,204,Beach 67 St (A),Queens,1057
2022,2022-11-15,204,Beach 67 St (A),Queens,1067
2023,2023-02-15,204,Beach 67 St (A),Queens,1060
2023,2023-05-15,204,Beach 67 St (A),Queens,800
2023,2023-08-15,204,Beach 67 St (A),Queens,1073
2023,2023-11-15,204,Beach 67 St (A),Queens,1072
2024,2024-02-15,204,Beach 67 St (A),Queens,1061
2024,2024-05-15,204,Beach 67 St (A),Queens,974
2024,2024-08-15,204,Beach 67 St (A),Queens,1059
2024,2024-11-15,204,Beach 67 St (A),Queens,1239
2020,2020-02-15,205,Beach 60 St (A),Queens,766
2020,2020-05-15,205,Beach 60 St (A),Queens,749
2020,2020-08-15,205,Beach 60 St (A),Queens,753
2020,2020-11-15,205,Beach 60 St (A),Queens,839
2021,2021-02-15,205,Beach 60 St (A),Queens,876
2021,2021-05-15,205,Beach 60 St (A),Queens,1020
2021,2021-08-15,205,Beach 60 St (A),Queens,1032
2021,2021-11-15,205,Beach 60 St (A),Queens,1071
2022,2022-02-15,205,Beach 60 St (A),Queens,1019
2022,2022-05-15,205,Beach 60 St (A),Queens,766
2022,2022-08-15,205,Beach 60 St (A),Queens,1053
2022,2022-11-15,205,Beach 60 St (A),Queens,1043
2023,2023-02-15,205,Beach 60 St (A),Queens,1043
2023,2023-05-15,205,Beach 60 St (A),Queens,782
2023,2023-08-15,205,Beach 60 St (A),Queens,1065
2023,2023-11-15,205,Beach 60 St (A),Queens,1049
2024,2024-02-15,205,Beach 60 St (A),Queens,1042
2024,2024-05-15,205,Beach 60 St (A),Queens,956
2024,2024-08-15,205,Beach 60 St (A),Queens,1033
2024,2024-11-15,205,Beach 60 St (A),Queens,1151
2020,2020-02-15,206,Beach 44 St (A),Queens,593
2020,2020-05-15,206,Beach 44 St (A),Queens,476
2020,2020-08-15,206,Beach 44 St (A),Queens,524
2020,2020-11-15,206,Beach 44 St (A),Queens,614
2021,2021-02-15,206,Beach 44 St (A),Queens,616
2021,2021-05-15,206,Beach 44 St (A),Queens,707
2021,2021-08-15,206,Beach 44 St (A),Queens,733
2021,2021-11-15,206,Beach 44 St (A),Queens,802
2022,2022-02-15,206,Beach 44 St (A),Queens,784
2022,2022-05-15,206,Beach 44 St (A),Queens,609
2022,2022-08-15,206,Beach 44 St (A),Queens,790
2022,2022-11-15,206,Beach 44 St (A),Queens,834
2023,2023-02-15,206,Beach 44 St (A),Queens,788
2023,2023-05-15,206,Beach 44 St (A),Queens,646
2023,2023-08-15,206,Beach 44 St (A),Queens,828
2023,2023-11-15,206,Beach 44 St (A),Queens,847
2024,2024-02-15,206,Beach 44 St (A),Queens,814
2024,2024-05-15,206,Beach 44 St (A),Queens,781
2024,2024-08-15,206,Beach 44 St (A),Queens,820
2024,2024-11-15,206,Beach 44 St (A),Queens,878
2020,2020-02-15,207,Beach 36 St (A),Queens,658
2020,2020-05-15,207,Beach 36 St (A),Queens,568
2020,2020-08-15,207,Beach 36 St (A),Queens,567
2020,2020-11-15,207,Beach 36 St (A),Queens,677
2021,2021-02-15,207,Beach 36 St (A),Queens,668
2021,2021-05-15,207,Beach 36 St (A),Queens,851
2021,2021-08-15,207,Beach 36 St (A),Queens,848
2021,2021-11-15,207,Beach 36 St (A),Queens,858
2022,2022-02-15,207,Beach 36 St (A),Queens,852
2022,2022-05-15,207,Beach 36 St (A),Queens,658
2022,2022-08-15,207,Beach 36 St (A),Queens,870
2022,2022-11-15,207,Beach 36 St (A),Queens,879
2023,2023-02-15,207,Beach 36 St (A),Queens,890
2023,2023-05-15,207,Beach 36 St (A),Queens,684
2023,2023-08-15,207,Beach 36 St (A),Queens,860
2023,2023-11-15,207,Beach 36 St (A),Queens,905
2024,2024-02-15,207,Beach 36 St (A),Queens,849
2024,2024-05-15,207,Beach 36 St (A),Queens,810
2024,2024-08-15,207,Beach 36 St (A),Queens,814
2024,2024-11-15,207,Beach 36 St (A),Queens,878
2020,2020-02-15,208,Beach 25 St (A),Queens,687
2020,2020-05-15,208,Beach 25 St (A),Queens,626
2020,2020-08-15,208,Beach 25 St (A),Queens,645
2020,2020-11-15,208,Beach 25 St (A),Queens,755
2021,2021-02-15,208,Beach 25 St (A),Queens,776
2021,2021-05-15,208,Beach 25 St (A),Queens,911
2021,2021-08-15,208,Beach 25 St (A),Queens,939
2021,2021-11-15,208,Beach 25 St (A),Queens,965
2022,2022-02-15,208,Beach 25 St (A),Queens,976
2022,2022-05-15,208,Beach 25 St (A),Queens,729
2022,2022-08-15,208,Beach 25 St (A),Queens,951
2022,2022-11-15,208,Beach 25 St (A),Queens,955
2023,2023-02-15,208,Beach 25 St (A),Queens,999
2023,2023-05-15,208,Beach 25 St (A),Queens,773
2023,2023-08-15,208,Beach 25 St (A),Queens,973
2023,2023-11-15,208,Beach 25 St (A),Queens,998
2024,2024-02-15,208,Beach 25 St (A),Queens,991
2024,2024-05-15,208,Beach 25 St (A),Queens,946
2024,2024-08-15,208,Beach 25 St (A),Queens,966
2024,2024-11-15,208,Beach 25 St (A),Queens,1080
2020,2020-02-15,209,Far Rockaway-Mott Av (A),Queens,825
2020,2020-05-15,209,Far Rockaway-Mott Av (A),Queens,859
2020,2020-08-15,209,Far Rockaway-Mott Av (A),Queens,812
2020,2020-11-15,209,Far Rockaway-Mott Av (A),Queens,923
2021,2021-02-15,209,Far Rockaway-Mott Av (A),Queens,953
2021,2021-05-15,209,Far Rockaway-Mott Av (A),Queens,1107
2021,2021-08-15,209,Far Rockaway-Mott Av (A),Queens,1119
2021,2021-11-15,209,Far Rockaway-Mott Av (A),Queens,1149
2022,2022-02-15,209,Far Rockaway-Mott Av (A),Queens,1137
2022,2022-05-15,209,Far Rockaway-Mott Av (A),Queens,839
2022,2022-08-15,209,Far Rockaway-Mott Av (A),Queens,1136
2022,2022-11-15,209,Far Rockaway-Mott Av (A),Queens,1172
2023,2023-02-15,209,Far Rockaway-Mott Av (A),Queens,1190
2023,2023-05-15,209,Far Rockaway-Mott Av (A),Queens,889
2023,2023-08-15,209,Far Rockaway-Mott Av (A),Queens,1192
2023,2023-11-15,209,Far Rockaway-Mott Av (A),Queens,1183
2024,2024-02-15,209,Far Rockaway-Mott Av (A),Queens,1196
2024,2024-05-15,209,Far Rockaway-Mott Av (A),Queens,1169
2024,2024-08-15,209,Far Rockaway-Mott Av (A),Queens,1193
2024,2024-11-15,209,Far Rockaway-Mott Av (A),Queens,1421
2020,2020-02-15,210,Norwood-205 St (D),Bronx,977
2020,2020-05-15,210,Norwood-205 St (D),Bronx,890
2020,2020-08-15,210,Norwood-205 St (D),Bronx,955
2020,2020-11-15,210,Norwood-205 St (D),Bronx,1038
2021,2021-02-15,210,Norwood-205 St (D),Bronx,987
2021,2021-05-15,210,Norwood-205 St (D),Bronx,1126
2021,2021-08-15,210,Norwood-205 St (D),Bronx,1135
2021,2021-11-15,210,Norwood-205 St (D),Bronx,1154
2022,2022-02-15,210,Norwood-205 St (D),Bronx,1168
2022,2022-05-15,210,Norwood-205 St (D),Bronx,1200
2022,2022-08-15,210,Norwood-205 St (D),Bronx,1155
2022,2022-11-15,210,Norwood-205 St (D),Bronx,921
2023,2023-02-15,210,Norwood-205 St (D),Bronx,1188
2023,2023-05-15,210,Norwood-205 St (D),Bronx,905
2023,2023-08-15,210,Norwood-205 St (D),Bronx,30
2023,2023-11-15,210,Norwood-205 St (D),Bronx,878
2024,2024-02-15,210,Norwood-205 St (D),Bronx,725
2024,2024-05-15,210,Norwood-205 St (D),Bronx,1214
2024,2024-08-15,210,Norwood-205 St (D),Bronx,1151
2024,2024-11-15,210,Norwood-205 St (D),Bronx,1357
2020,2020-02-15,211,"Bedford Park Blvd (B,D)",Bronx,1043
2020,2020-05-15,211,"Bedford Park Blvd (B,D)",Bronx,846
2020,2020-08-15,211,"Bedford Park Blvd (B,D)",Bronx,949
2020,2020-11-15,211,"Bedford Park Blvd (B,D)",Bronx,1038
2021,2021-02-15,211,"Bedford Park Blvd (B,D)",Bronx,976
2021,2021-05-15,211,"Bedford Park Blvd (B,D)",Bronx,1145
2021,2021-08-15,211,"Bedford Park Blvd (B,D)",Bronx,1130
2021,2021-11-15,211,"Bedford Park Blvd (B,D)",Bronx,1171
2022,2022-02-15,211,"Bedford Park Blvd (B,D)",Bronx,1159
2022,2022-05-15,211,"Bedford Park Blvd (B,D)",Bronx,1187
2022,2022-08-15,211,"Bedford Park Blvd (B,D)",Bronx,1135
2022,2022-11-15,211,"Bedford Park Blvd (B,D)",Bronx,874
2023,2023-02-15,211,"Bedford Park Blvd (B,D)",Bronx,1178
2023,2023-05-15,211,"Bedford Park Blvd (B,D)",Bronx,913
2023,2023-08-15,211,"Bedford Park Blvd (B,D)",Bronx,1252
2023,2023-11-15,211,"Bedford Park Blvd (B,D)",Bronx,931
2024,2024-02-15,211,"Bedford Park Blvd (B,D)",Bronx,738
2024,2024-05-15,211,"Bedford Park Blvd (B,D)",Bronx,1200
2024,2024-08-15,211,"Bedford Park Blvd (B,D)",Bronx,1182
2024,2024-11-15,211,"Bedford Park Blvd (B,D)",Bronx,1306
2020,2020-02-15,212,"Kingsbridge Rd (B,D)",Bronx,1060
2020,2020-05-15,212,"Kingsbridge Rd (B,D)",Bronx,872
2020,2020-08-15,212,"Kingsbridge Rd (B,D)",Bronx,944
2020,2020-11-15,212,"Kingsbridge Rd (B,D)",Bronx,1033
2021,2021-02-15,212,"Kingsbridge Rd (B,D)",Bronx,986
2021,2021-05-15,212,"Kingsbridge Rd (B,D)",Bronx,1120
2021,2021-08-15,212,"Kingsbridge Rd (B,D)",Bronx,1121
2021,2021-11-15,212,"Kingsbridge Rd (B,D)",Bronx,1171
2022,2022-02-15,212,"Kingsbridge Rd (B,D)",Bronx,1154
2022,2022-05-15,212,"Kingsbridge Rd (B,D)",Bronx,1187
2022,2022-08-15,212,"Kingsbridge Rd (B,D)",Bronx,1117
2022,2022-11-15,212,"Kingsbridge Rd (B,D)",Bronx,877
2023,2023-02-15,212,"Kingsbridge Rd (B,D)",Bronx,1158
2023,2023-05-15,212,"Kingsbridge Rd (B,D)",Bronx,913
2023,2023-08-15,212,"Kingsbridge Rd (B,D)",Bronx,1134
2023,2023-11-15,212,"Kingsbridge Rd (B,D)",Bronx,868
2024,2024-02-15,212,"Kingsbridge Rd (B,D)",Bronx,720
2024,2024-05-15,212,"Kingsbridge Rd (B,D)",Bronx,1175
2024,2024-08-15,212,"Kingsbridge Rd (B,D)",Bronx,1131
2024,2024-11-15,212,"Kingsbridge Rd (B,D)",Bronx,1322
2020,2020-02-15,213,"Fordham Rd (B,D)",Bronx,1062
2020,2020-05-15,213,"Fordham Rd (B,D)",Bronx,906
2020,2020-08-15,213,"Fordham Rd (B,D)",Bronx,980
2020,2020-11-15,213,"Fordham Rd (B,D)",Bronx,1064
2021,2021-02-15,213,"Fordham Rd (B,D)",Bronx,1012
2021,2021-05-15,213,"Fordham Rd (B,D)",Bronx,1140
2021,2021-08-15,213,"Fordham Rd (B,D)",Bronx,1163
2021,2021-11-15,213,"Fordham Rd (B,D)",Bronx,1201
2022,2022-02-15,213,"Fordham Rd (B,D)",Bronx,1180
2022,2022-05-15,213,"Fordham Rd (B,D)",Bronx,1219
2022,2022-08-15,213,"Fordham Rd (B,D)",Bronx,1162
2022,2022-11-15,213,"Fordham Rd (B,D)",Bronx,998
2023,2023-02-15,213,"Fordham Rd (B,D)",Bronx,1207
2023,2023-05-15,213,"Fordham Rd (B,D)",Bronx,955
2023,2023-08-15,213,"Fordham Rd (B,D)",Bronx,1198
2023,2023-11-15,213,"Fordham Rd (B,D)",Bronx,957
2024,2024-02-15,213,"Fordham Rd (B,D)",Bronx,908
2024,2024-05-15,213,"Fordham Rd (B,D)",Bronx,1279
2024,2024-08-15,213,"Fordham Rd (B,D)",Bronx,1257
2024,2024-11-15,213,"Fordham Rd (B,D)",Bronx,1366
2020,2020-02-15,214,"182-183 Sts (B,D)",Bronx,1029
2020,2020-05-15,214,"182-183 Sts (B,D)",Bronx,837
2020,2020-08-15,214,"182-183 Sts (B,D)",Bronx,929
2020,2020-11-15,214,"182-183 Sts (B,D)",Bronx,1012
2021,2021-02-15,214,"182-183 Sts (B,D)",Bronx,932
2021,2021-05-15,214,"182-183 Sts (B,D)",Bronx,1088
2021,2021-08-15,214,"182-183 Sts (B,D)",Bronx,1109
2021,2021-11-15,214,"182-183 Sts (B,D)",Bronx,1109
2022,2022-02-15,214,"182-183 Sts (B,D)",Bronx,1092
2022,2022-05-15,214,"182-183 Sts (B,D)",Bronx,1143
2022,2022-08-15,214,"182-183 Sts (B,D)",Bronx,1091
2022,2022-11-15,214,"182-183 Sts (B,D)",Bronx,842
2023,2023-02-15,214,"182-183 Sts (B,D)",Bronx,1124
2023,2023-05-15,214,"182-183 Sts (B,D)",Bronx,846
2023,2023-08-15,214,"182-183 Sts (B,D)",Bronx,1123
2023,2023-11-15,214,"182-183 Sts (B,D)",Bronx,855
2024,2024-02-15,214,"182-183 Sts (B,D)",Bronx,679
2024,2024-05-15,214,"182-183 Sts (B,D)",Bronx,1169
2024,2024-08-15,214,"182-183 Sts (B,D)",Bronx,1133
2024,2024-11-15,214,"182-183 Sts (B,D)",Bronx,1264
2020,2020-02-15,215,"Tremont Av (B,D)",Bronx,1056
2020,2020-05-15,215,"Tremont Av (B,D)",Bronx,891
2020,2020-08-15,215,"Tremont Av (B,D)",Bronx,959
2020,2020-11-15,215,"Tremont Av (B,D)",Bronx,1054
2021,2021-02-15,215,"Tremont Av (B,D)",Bronx,999
2021,2021-05-15,215,"Tremont Av (B,D)",Bronx,1136
2021,2021-08-15,215,"Tremont Av (B,D)",Bronx,1164
2021,2021-11-15,215,"Tremont Av (B,D)",Bronx,1205
2022,2022-02-15,215,"Tremont Av (B,D)",Bronx,1191
2022,2022-05-15,215,"Tremont Av (B,D)",Bronx,1222
2022,2022-08-15,215,"Tremont Av (B,D)",Bronx,1150
2022,2022-11-15,215,"Tremont Av (B,D)",Bronx,933
2023,2023-02-15,215,"Tremont Av (B,D)",Bronx,1184
2023,2023-05-15,215,"Tremont Av (B,D)",Bronx,929
2023,2023-08-15,215,"Tremont Av (B,D)",Bronx,1179
2023,2023-11-15,215,"Tremont Av (B,D)",Bronx,892
2024,2024-02-15,215,"Tremont Av (B,D)",Bronx,733
2024,2024-05-15,215,"Tremont Av (B,D)",Bronx,1224
2024,2024-08-15,215,"Tremont Av (B,D)",Bronx,1227
2024,2024-11-15,215,"Tremont Av (B,D)",Bronx,1348
2020,2020-02-15,216,"174-175 Sts (B,D)",Bronx,1018
2020,2020-05-15,216,"174-175 Sts (B,D)",Bronx,822
2020,2020-08-15,216,"174-175 Sts (B,D)",Bronx,919
2020,2020-11-15,216,"174-175 Sts (B,D)",Bronx,999
2021,2021-02-15,216,"174-175 Sts (B,D)",Bronx,923
2021,2021-05-15,216,"174-175 Sts (B,D)",Bronx,1067
2021,2021-08-15,216,"174-175 Sts (B,D)",Bronx,1071
2021,2021-11-15,216,"174-175 Sts (B,D)",Bronx,1106
2022,2022-02-15,216,"174-175 Sts (B,D)",Bronx,1115
2022,2022-05-15,216,"174-175 Sts (B,D)",Bronx,1125
2022,2022-08-15,216,"174-175 Sts (B,D)",Bronx,1076
2022,2022-11-15,216,"174-175 Sts (B,D)",Bronx,814
2023,2023-02-15,216,"174-175 Sts (B,D)",Bronx,1128
2023,2023-05-15,216,"174-175 Sts (B,D)",Bronx,843
2023,2023-08-15,216,"174-175 Sts (B,D)",Bronx,1076
2023,2023-11-15,216,"174-175 Sts (B,D)",Bronx,846
2024,2024-02-15,216,"174-175 Sts (B,D)",Bronx,700
2024,2024-05-15,216,"174-175 Sts (B,D)",Bronx,1145
2024,2024-08-15,216,"174-175 Sts (B,D)",Bronx,1101
2024,2024-11-15,216,"174-175 Sts (B,D)",Bronx,1213
2020,2020-02-15,217,"170 St (B,D)",Bronx,1034
2020,2020-05-15,217,"170 St (B,D)",Bronx,856
2020,2020-08-15,217,"170 St (B,D)",Bronx,927
2020,2020-11-15,217,"170 St (B,D)",Bronx,1027
2021,2021-02-15,217,"170 St (B,D)",Bronx,971
2021,2021-05-15,217,"170 St (B,D)",Bronx,1111
2021,2021-08-15,217,"170 St (B,D)",Bronx,1095
2021,2021-11-15,217,"170 St (B,D)",Bronx,1107
2022,2022-02-15,217,"170 St (B,D)",Bronx,1125
2022,2022-05-15,217,"170 St (B,D)",Bronx,1160
2022,2022-08-15,217,"170 St (B,D)",Bronx,1117
2022,2022-11-15,217,"170 St (B,D)",Bronx,854
2023,2023-02-15,217,"170 St (B,D)",Bronx,1137
2023,2023-05-15,217,"170 St (B,D)",Bronx,865
2023,2023-08-15,217,"170 St (B,D)",Bronx,1124
2023,2023-11-15,217,"170 St (B,D)",Bronx,848
2024,2024-02-15,217,"170 St (B,D)",Bronx,781
2024,2024-05-15,217,"170 St (B,D)",Bronx,1175
2024,2024-08-15,217,"170 St (B,D)",Bronx,1080
2024,2024-11-15,217,"170 St (B,D)",Bronx,1234
2020,2020-02-15,218,"167 St (B,D)",Bronx,1078
2020,2020-05-15,218,"167 St (B,D)",Bronx,916
2020,2020-08-15,218,"167 St (B,D)",Bronx,973
2020,2020-11-15,218,"167 St (B,D)",Bronx,1046
2021,2021-02-15,218,"167 St (B,D)",Bronx,954
2021,2021-05-15,218,"167 St (B,D)",Bronx,1111
2021,2021-08-15,218,"167 St (B,D)",Bronx,1154
2021,2021-11-15,218,"167 St (B,D)",Bronx,1187
2022,2022-02-15,218,"167 St (B,D)",Bronx,1170
2022,2022-05-15,218,"167 St (B,D)",Bronx,1199
2022,2022-08-15,218,"167 St (B,D)",Bronx,1140
2022,2022-11-15,218,"167 St (B,D)",Bronx,883
2023,2023-02-15,218,"167 St (B,D)",Bronx,1205
2023,2023-05-15,218,"167 St (B,D)",Bronx,884
2023,2023-08-15,218,"167 St (B,D)",Bronx,1196
2023,2023-11-15,218,"167 St (B,D)",Bronx,906
2024,2024-02-15,218,"167 St (B,D)",Bronx,741
2024,2024-05-15,218,"167 St (B,D)",Bronx,1213
2024,2024-08-15,218,"167 St (B,D)",Bronx,1192
2024,2024-11-15,218,"167 St (B,D)",Bronx,1345
2020,2020-02-15,22,"Rector St (R,W)",Manhattan,828
2020,2020-05-15,22,"Rector St (R,W)",Manhattan,472
2020,2020-08-15,22,"Rector St (R,W)",Manhattan,823
2020,2020-11-15,22,"Rector St (R,W)",Manhattan,741
2021,2021-02-15,22,"Rector St (R,W)",Manhattan,803
2021,2021-05-15,22,"Rector St (R,W)",Manhattan,925
2021,2021-08-15,22,"Rector St (R,W)",Manhattan,881
2021,2021-11-15,22,"Rector St (R,W)",Manhattan,959
2022,2022-02-15,22,"Rector St (R,W)",Manhattan,866
2022,2022-05-15,22,"Rector St (R,W)",Manhattan,1024
2022,2022-08-15,22,"Rector St (R,W)",Manhattan,965
2022,2022-11-15,22,"Rector St (R,W)",Manhattan,1008
2023,2023-02-15,22,"Rector St (R,W)",Manhattan,642
2023,2023-05-15,22,"Rector St (R,W)",Manhattan,1024
2023,2023-08-15,22,"Rector St (R,W)",Manhattan,1080
2023,2023-11-15,22,"Rector St (R,W)",Manhattan,1070
2024,2024-02-15,22,"Rector St (R,W)",Manhattan,1046
2024,2024-05-15,22,"Rector St (R,W)",Manhattan,1032
2024,2024-08-15,22,"Rector St (R,W)",Manhattan,1034
2024,2024-11-15,22,"Rector St (R,W)",Manhattan,1174
2020,2020-02-15,220,"155 St (B,D)",Manhattan,1020
2020,2020-05-15,220,"155 St (B,D)",Manhattan,857
2020,2020-08-15,220,"155 St (B,D)",Manhattan,697
2020,2020-11-15,220,"155 St (B,D)",Manhattan,1005
2021,2021-02-15,220,"155 St (B,D)",Manhattan,923
2021,2021-05-15,220,"155 St (B,D)",Manhattan,1046
2021,2021-08-15,220,"155 St (B,D)",Manhattan,1085
2021,2021-11-15,220,"155 St (B,D)",Manhattan,1096
2022,2022-02-15,220,"155 St (B,D)",Manhattan,1088
2022,2022-05-15,220,"155 St (B,D)",Manhattan,1101
2022,2022-08-15,220,"155 St (B,D)",Manhattan,1087
2022,2022-11-15,220,"155 St (B,D)",Manhattan,1094
2023,2023-02-15,220,"155 St (B,D)",Manhattan,1099
2023,2023-05-15,220,"155 St (B,D)",Manhattan,1107
2023,2023-08-15,220,"155 St (B,D)",Manhattan,1090
2023,2023-11-15,220,"155 St (B,D)",Manhattan,1086
2024,2024-02-15,220,"155 St (B,D)",Manhattan,1062
2024,2024-05-15,220,"155 St (B,D)",Manhattan,1126
2024,2024-08-15,220,"155 St (B,D)",Manhattan,1056
2024,2024-11-15,220,"155 St (B,D)",Manhattan,1237
2020,2020-02-15,221,21 St-Queensbridge (F),Queens,1039
2020,2020-05-15,221,21 St-Queensbridge (F),Queens,905
2020,2020-08-15,221,21 St-Queensbridge (F),Queens,857
2020,2020-11-15,221,21 St-Queensbridge (F),Queens,1056
2021,2021-02-15,221,21 St-Queensbridge (F),Queens,1006
2021,2021-05-15,221,21 St-Queensbridge (F),Queens,1014
2021,2021-08-15,221,21 St-Queensbridge (F),Queens,1135
2021,2021-11-15,221,21 St-Queensbridge (F),Queens,1189
2022,2022-02-15,221,21 St-Queensbridge (F),Queens,1190
2022,2022-05-15,221,21 St-Queensbridge (F),Queens,1201
2022,2022-08-15,221,21 St-Queensbridge (F),Queens,1171
2022,2022-11-15,221,21 St-Queensbridge (F),Queens,1202
2023,2023-02-15,221,21 St-Queensbridge (F),Queens,718
2023,2023-05-15,221,21 St-Queensbridge (F),Queens,1247
2023,2023-08-15,221,21 St-Queensbridge (F),Queens,1224
2023,2023-11-15,221,21 St-Queensbridge (F),Queens,1013
2024,2024-02-15,221,21 St-Queensbridge (F),Queens,598
2024,2024-05-15,221,21 St-Queensbridge (F),Queens,1244
2024,2024-08-15,221,21 St-Queensbridge (F),Queens,1243
2024,2024-11-15,221,21 St-Queensbridge (F),Queens,1421
2020,2020-02-15,222,Roosevelt Island (F),Manhattan,938
2020,2020-05-15,222,Roosevelt Island (F),Manhattan,763
2020,2020-08-15,222,Roosevelt Island (F),Manhattan,781
2020,2020-11-15,222,Roosevelt Island (F),Manhattan,993
2021,2021-02-15,222,Roosevelt Island (F),Manhattan,968
2021,2021-05-15,222,Roosevelt Island (F),Manhattan,965
2021,2021-08-15,222,Roosevelt Island (F),Manhattan,1096
2021,2021-11-15,222,Roosevelt Island (F),Manhattan,1100
2022,2022-02-15,222,Roosevelt Island (F),Manhattan,1104
2022,2022-05-15,222,Roosevelt Island (F),Manhattan,1110
2022,2022-08-15,222,Roosevelt Island (F),Manhattan,1118
2022,2022-11-15,222,Roosevelt Island (F),Manhattan,1131
2023,2023-02-15,222,Roosevelt Island (F),Manhattan,648
2023,2023-05-15,222,Roosevelt Island (F),Manhattan,1201
2023,2023-08-15,222,Roosevelt Island (F),Manhattan,1185
2023,2023-11-15,222,Roosevelt Island (F),Manhattan,1061
2024,2024-02-15,222,Roosevelt Island (F),Manhattan,644
2024,2024-05-15,222,Roosevelt Island (F),Manhattan,1232
2024,2024-08-15,222,Roosevelt Island (F),Manhattan,1237
2024,2024-11-15,222,Roosevelt Island (F),Manhattan,1326
2020,2020-02-15,223,"Lexington Av/63 St (F,Q)",Manhattan,1043
2020,2020-05-15,223,"Lexington Av/63 St (F,Q)",Manhattan,867
2020,2020-08-15,223,"Lexington Av/63 St (F,Q)",Manhattan,975
2020,2020-11-15,223,"Lexington Av/63 St (F,Q)",Manhattan,1055
2021,2021-02-15,223,"Lexington Av/63 St (F,Q)",Manhattan,1042
2021,2021-05-15,223,"Lexington Av/63 St (F,Q)",Manhattan,1124
2021,2021-08-15,223,"Lexington Av/63 St (F,Q)",Manhattan,1143
2021,2021-11-15,223,"Lexington Av/63 St (F,Q)",Manhattan,1208
2022,2022-02-15,223,"Lexington Av/63 St (F,Q)",Manhattan,1196
2022,2022-05-15,223,"Lexington Av/63 St (F,Q)",Manhattan,1207
2022,2022-08-15,223,"Lexington Av/63 St (F,Q)",Manhattan,1199
2022,2022-11-15,223,"Lexington Av/63 St (F,Q)",Manhattan,1269
2023,2023-02-15,223,"Lexington Av/63 St (F,Q)",Manhattan,1259
2023,2023-05-15,223,"Lexington Av/63 St (F,Q)",Manhattan,1339
2023,2023-08-15,223,"Lexington Av/63 St (F,Q)",Manhattan,1286
2023,2023-11-15,223,"Lexington Av/63 St (F,Q)",Manhattan,1256
2024,2024-02-15,223,"Lexington Av/63 St (F,Q)",Manhattan,1211
2024,2024-05-15,223,"Lexington Av/63 St (F,Q)",Manhattan,1329
2024,2024-08-15,223,"Lexington Av/63 St (F,Q)",Manhattan,1324
2024,2024-11-15,223,"Lexington Av/63 St (F,Q)",Manhattan,1493
2020,2020-02-15,224,57 St (F),Manhattan,1016
2020,2020-05-15,224,57 St (F),Manhattan,704
2020,2020-08-15,224,57 St (F),Manhattan,877
2020,2020-11-15,224,57 St (F),Manhattan,960
2021,2021-02-15,224,57 St (F),Manhattan,940
2021,2021-05-15,224,57 St (F),Manhattan,945
2021,2021-08-15,224,57 St (F),Manhattan,1084
2021,2021-11-15,224,57 St (F),Manhattan,1181
2022,2022-02-15,224,57 St (F),Manhattan,1183
2022,2022-05-15,224,57 St (F),Manhattan,1181
2022,2022-08-15,224,57 St (F),Manhattan,1151
2022,2022-11-15,224,57 St (F),Manhattan,1227
2023,2023-02-15,224,57 St (F),Manhattan,694
2023,2023-05-15,224,57 St (F),Manhattan,1278
2023,2023-08-15,224,57 St (F),Manhattan,1205
2023,2023-11-15,224,57 St (F),Manhattan,662
2024,2024-02-15,224,57 St (F),Manhattan,291
2024,2024-05-15,224,57 St (F),Manhattan,1273
2024,2024-08-15,224,57 St (F),Manhattan,1241
2024,2024-11-15,224,57 St (F),Manhattan,1472
2020,2020-02-15,225,"47-50 Sts-Rockefeller Ctr (B,D,F,M)",Manhattan,1233
2020,2020-05-15,225,"47-50 Sts-Rockefeller Ctr (B,D,F,M)",Manhattan,946
2020,2020-08-15,225,"47-50 Sts-Rockefeller Ctr (B,D,F,M)",Manhattan,984
2020,2020-11-15,225,"47-50 Sts-Rockefeller Ctr (B,D,F,M)",Manhattan,1044
2021,2021-02-15,225,"47-50 Sts-Rockefeller Ctr (B,D,F,M)",Manhattan,1033
2021,2021-05-15,225,"47-50 Sts-Rockefeller Ctr (B,D,F,M)",Manhattan,1002
2021,2021-08-15,225,"47-50 Sts-Rockefeller Ctr (B,D,F,M)",Manhattan,1170
2021,2021-11-15,225,"47-50 Sts-Rockefeller Ctr (B,D,F,M)",Manhattan,1213
2022,2022-02-15,225,"47-50 Sts-Rockefeller Ctr (B,D,F,M)",Manhattan,1226
2022,2022-05-15,225,"47-50 Sts-Rockefeller Ctr (B,D,F,M)",Manhattan,1247
2022,2022-08-15,225,"47-50 Sts-Rockefeller Ctr (B,D,F,M)",Manhattan,1233
2022,2022-11-15,225,"47-50 Sts-Rockefeller Ctr (B,D,F,M)",Manhattan,1305
2023,2023-02-15,225,"47-50 Sts-Rockefeller Ctr (B,D,F,M)",Manhattan,1312
2023,2023-05-15,225,"47-50 Sts-Rockefeller Ctr (B,D,F,M)",Manhattan,1345
2023,2023-08-15,225,"47-50 Sts-Rockefeller Ctr (B,D,F,M)",Manhattan,1315
2023,2023-11-15,225,"47-50 Sts-Rockefeller Ctr (B,D,F,M)",Manhattan,1359
2024,2024-02-15,225,"47-50 Sts-Rockefeller Ctr (B,D,F,M)",Manhattan,1326
2024,2024-05-15,225,"47-50 Sts-Rockefeller Ctr (B,D,F,M)",Manhattan,1371
2024,2024-08-15,225,"47-50 Sts-Rockefeller Ctr (B,D,F,M)",Manhattan,1462
2024,2024-11-15,225,"47-50 Sts-Rockefeller Ctr (B,D,F,M)",Manhattan,1579
2020,2020-02-15,228,"23 St (F,M)",Manhattan,1191
2020,2020-05-15,228,"23 St (F,M)",Manhattan,945
2020,2020-08-15,228,"23 St (F,M)",Manhattan,941
2020,2020-11-15,228,"23 St (F,M)",Manhattan,1032
2021,2021-02-15,228,"23 St (F,M)",Manhattan,1015
2021,2021-05-15,228,"23 St (F,M)",Manhattan,984
2021,2021-08-15,228,"23 St (F,M)",Manhattan,1118
2021,2021-11-15,228,"23 St (F,M)",Manhattan,1191
2022,2022-02-15,228,"23 St (F,M)",Manhattan,1215
2022,2022-05-15,228,"23 St (F,M)",Manhattan,1216
2022,2022-08-15,228,"23 St (F,M)",Manhattan,1173
2022,2022-11-15,228,"23 St (F,M)",Manhattan,1264
2023,2023-02-15,228,"23 St (F,M)",Manhattan,1259
2023,2023-05-15,228,"23 St (F,M)",Manhattan,1238
2023,2023-08-15,228,"23 St (F,M)",Manhattan,1266
2023,2023-11-15,228,"23 St (F,M)",Manhattan,1288
2024,2024-02-15,228,"23 St (F,M)",Manhattan,1275
2024,2024-05-15,228,"23 St (F,M)",Manhattan,1325
2024,2024-08-15,228,"23 St (F,M)",Manhattan,1286
2024,2024-11-15,228,"23 St (F,M)",Manhattan,1456
2020,2020-02-15,231,"Grand St (B,D)",Manhattan,1078
2020,2020-05-15,231,"Grand St (B,D)",Manhattan,849
2020,2020-08-15,231,"Grand St (B,D)",Manhattan,856
2020,2020-11-15,231,"Grand St (B,D)",Manhattan,1064
2021,2021-02-15,231,"Grand St (B,D)",Manhattan,1036
2021,2021-05-15,231,"Grand St (B,D)",Manhattan,1023
2021,2021-08-15,231,"Grand St (B,D)",Manhattan,1173
2021,2021-11-15,231,"Grand St (B,D)",Manhattan,1212
2022,2022-02-15,231,"Grand St (B,D)",Manhattan,1217
2022,2022-05-15,231,"Grand St (B,D)",Manhattan,1226
2022,2022-08-15,231,"Grand St (B,D)",Manhattan,1193
2022,2022-11-15,231,"Grand St (B,D)",Manhattan,1266
2023,2023-02-15,231,"Grand St (B,D)",Manhattan,1296
2023,2023-05-15,231,"Grand St (B,D)",Manhattan,1321
2023,2023-08-15,231,"Grand St (B,D)",Manhattan,825
2023,2023-11-15,231,"Grand St (B,D)",Manhattan,1323
2024,2024-02-15,231,"Grand St (B,D)",Manhattan,1317
2024,2024-05-15,231,"Grand St (B,D)",Manhattan,1326
2024,2024-08-15,231,"Grand St (B,D)",Manhattan,1304
2024,2024-11-15,231,"Grand St (B,D)",Manhattan,1501
2020,2020-02-15,232,2 Av (F),Manhattan,1062
2020,2020-05-15,232,2 Av (F),Manhattan,846
2020,2020-08-15,232,2 Av (F),Manhattan,895
2020,2020-11-15,232,2 Av (F),Manhattan,1041
2021,2021-02-15,232,2 Av (F),Manhattan,1008
2021,2021-05-15,232,2 Av (F),Manhattan,1048
2021,2021-08-15,232,2 Av (F),Manhattan,1181
2021,2021-11-15,232,2 Av (F),Manhattan,1224
2022,2022-02-15,232,2 Av (F),Manhattan,1224
2022,2022-05-15,232,2 Av (F),Manhattan,1230
2022,2022-08-15,232,2 Av (F),Manhattan,1205
2022,2022-11-15,232,2 Av (F),Manhattan,1255
2023,2023-02-15,232,2 Av (F),Manhattan,1261
2023,2023-05-15,232,2 Av (F),Manhattan,1326
2023,2023-08-15,232,2 Av (F),Manhattan,1283
2023,2023-11-15,232,2 Av (F),Manhattan,1315
2024,2024-02-15,232,2 Av (F),Manhattan,1325
2024,2024-05-15,232,2 Av (F),Manhattan,1338
2024,2024-08-15,232,2 Av (F),Manhattan,1135
2024,2024-11-15,232,2 Av (F),Manhattan,1498
2020,2020-02-15,234,East Broadway (F),Manhattan,1059
2020,2020-05-15,234,East Broadway (F),Manhattan,871
2020,2020-08-15,234,East Broadway (F),Manhattan,852
2020,2020-11-15,234,East Broadway (F),Manhattan,1066
2021,2021-02-15,234,East Broadway (F),Manhattan,638
2021,2021-05-15,234,East Broadway (F),Manhattan,1031
2021,2021-08-15,234,East Broadway (F),Manhattan,1039
2021,2021-11-15,234,East Broadway (F),Manhattan,1213
2022,2022-02-15,234,East Broadway (F),Manhattan,1206
2022,2022-05-15,234,East Broadway (F),Manhattan,1230
2022,2022-08-15,234,East Broadway (F),Manhattan,1198
2022,2022-11-15,234,East Broadway (F),Manhattan,1251
2023,2023-02-15,234,East Broadway (F),Manhattan,1244
2023,2023-05-15,234,East Broadway (F),Manhattan,1294
2023,2023-08-15,234,East Broadway (F),Manhattan,1265
2023,2023-11-15,234,East Broadway (F),Manhattan,1289
2024,2024-02-15,234,East Broadway (F),Manhattan,1297
2024,2024-05-15,234,East Broadway (F),Manhattan,1352
2024,2024-08-15,234,East Broadway (F),Manhattan,1356
2024,2024-11-15,234,East Broadway (F),Manhattan,1482
2020,2020-02-15,235,York St (F),Brooklyn,982
2020,2020-05-15,235,York St (F),Brooklyn,717
2020,2020-08-15,235,York St (F),Brooklyn,912
2020,2020-11-15,235,York St (F),Brooklyn,977
2021,2021-02-15,235,York St (F),Brooklyn,492
2021,2021-05-15,235,York St (F),Brooklyn,963
2021,2021-08-15,235,York St (F),Brooklyn,920
2021,2021-11-15,235,York St (F),Brooklyn,1126
2022,2022-02-15,235,York St (F),Brooklyn,1117
2022,2022-05-15,235,York St (F),Brooklyn,1144
2022,2022-08-15,235,York St (F),Brooklyn,1129
2022,2022-11-15,235,York St (F),Brooklyn,1170
2023,2023-02-15,235,York St (F),Brooklyn,1149
2023,2023-05-15,235,York St (F),Brooklyn,1200
2023,2023-08-15,235,York St (F),Brooklyn,1164
2023,2023-11-15,235,York St (F),Brooklyn,1190
2024,2024-02-15,235,York St (F),Brooklyn,1214
2024,2024-05-15,235,York St (F),Brooklyn,1246
2024,2024-08-15,235,York St (F),Brooklyn,1199
2024,2024-11-15,235,York St (F),Brooklyn,1359
2020,2020-02-15,236,"Bergen St (F,G)",Brooklyn,1007
2020,2020-05-15,236,"Bergen St (F,G)",Brooklyn,779
2020,2020-08-15,236,"Bergen St (F,G)",Brooklyn,764
2020,2020-11-15,236,"Bergen St (F,G)",Brooklyn,1001
2021,2021-02-15,236,"Bergen St (F,G)",Brooklyn,976
2021,2021-05-15,236,"Bergen St (F,G)",Brooklyn,1093
2021,2021-08-15,236,"Bergen St (F,G)",Brooklyn,998
2021,2021-11-15,236,"Bergen St (F,G)",Brooklyn,1044
2022,2022-02-15,236,"Bergen St (F,G)",Brooklyn,1134
2022,2022-05-15,236,"Bergen St (F,G)",Brooklyn,1148
2022,2022-08-15,236,"Bergen St (F,G)",Brooklyn,1108
2022,2022-11-15,236,"Bergen St (F,G)",Brooklyn,1176
2023,2023-02-15,236,"Bergen St (F,G)",Brooklyn,1195
2023,2023-05-15,236,"Bergen St (F,G)",Brooklyn,1211
2023,2023-08-15,236,"Bergen St (F,G)",Brooklyn,1203
2023,2023-11-15,236,"Bergen St (F,G)",Brooklyn,1249
2024,2024-02-15,236,"Bergen St (F,G)",Brooklyn,1213
2024,2024-05-15,236,"Bergen St (F,G)",Brooklyn,1222
2024,2024-08-15,236,"Bergen St (F,G)",Brooklyn,1195
2024,2024-11-15,236,"Bergen St (F,G)",Brooklyn,1272
2020,2020-02-15,237,"Carroll St (F,G)",Brooklyn,987
2020,2020-05-15,237,"Carroll St (F,G)",Brooklyn,753
2020,2020-08-15,237,"Carroll St (F,G)",Brooklyn,779
2020,2020-11-15,237,"Carroll St (F,G)",Brooklyn,1003
2021,2021-02-15,237,"Carroll St (F,G)",Brooklyn,971
2021,2021-05-15,237,"Carroll St (F,G)",Brooklyn,1083
2021,2021-08-15,237,"Carroll St (F,G)",Brooklyn,1009
2021,2021-11-15,237,"Carroll St (F,G)",Brooklyn,1031
2022,2022-02-15,237,"Carroll St (F,G)",Brooklyn,1097
2022,2022-05-15,237,"Carroll St (F,G)",Brooklyn,1123
2022,2022-08-15,237,"Carroll St (F,G)",Brooklyn,1103
2022,2022-11-15,237,"Carroll St (F,G)",Brooklyn,1165
2023,2023-02-15,237,"Carroll St (F,G)",Brooklyn,1151
2023,2023-05-15,237,"Carroll St (F,G)",Brooklyn,1219
2023,2023-08-15,237,"Carroll St (F,G)",Brooklyn,1176
2023,2023-11-15,237,"Carroll St (F,G)",Brooklyn,1195
2024,2024-02-15,237,"Carroll St (F,G)",Brooklyn,1187
2024,2024-05-15,237,"Carroll St (F,G)",Brooklyn,1212
2024,2024-08-15,237,"Carroll St (F,G)",Brooklyn,1179
2024,2024-11-15,237,"Carroll St (F,G)",Brooklyn,1256
2020,2020-02-15,238,"Smith-9 Sts (F,G)",Brooklyn,973
2020,2020-05-15,238,"Smith-9 Sts (F,G)",Brooklyn,796
2020,2020-08-15,238,"Smith-9 Sts (F,G)",Brooklyn,777
2020,2020-11-15,238,"Smith-9 Sts (F,G)",Brooklyn,977
2021,2021-02-15,238,"Smith-9 Sts (F,G)",Brooklyn,920
2021,2021-05-15,238,"Smith-9 Sts (F,G)",Brooklyn,1029
2021,2021-08-15,238,"Smith-9 Sts (F,G)",Brooklyn,931
2021,2021-11-15,238,"Smith-9 Sts (F,G)",Brooklyn,991
2022,2022-02-15,238,"Smith-9 Sts (F,G)",Brooklyn,1076
2022,2022-05-15,238,"Smith-9 Sts (F,G)",Brooklyn,1116
2022,2022-08-15,238,"Smith-9 Sts (F,G)",Brooklyn,1104
2022,2022-11-15,238,"Smith-9 Sts (F,G)",Brooklyn,1087
2023,2023-02-15,238,"Smith-9 Sts (F,G)",Brooklyn,1130
2023,2023-05-15,238,"Smith-9 Sts (F,G)",Brooklyn,1146
2023,2023-08-15,238,"Smith-9 Sts (F,G)",Brooklyn,1098
2023,2023-11-15,238,"Smith-9 Sts (F,G)",Brooklyn,1146
2024,2024-02-15,238,"Smith-9 Sts (F,G)",Brooklyn,1110
2024,2024-05-15,238,"Smith-9 Sts (F,G)",Brooklyn,1118
2024,2024-08-15,238,"Smith-9 Sts (F,G)",Brooklyn,1064
2024,2024-11-15,238,"Smith-9 Sts (F,G)",Brooklyn,1199
2020,2020-02-15,240,"7 Av (F,G)",Brooklyn,988
2020,2020-05-15,240,"7 Av (F,G)",Brooklyn,765
2020,2020-08-15,240,"7 Av (F,G)",Brooklyn,801
2020,2020-11-15,240,"7 Av (F,G)",Brooklyn,1008
2021,2021-02-15,240,"7 Av (F,G)",Brooklyn,995
2021,2021-05-15,240,"7 Av (F,G)",Brooklyn,1079
2021,2021-08-15,240,"7 Av (F,G)",Brooklyn,1079
2021,2021-11-15,240,"7 Av (F,G)",Brooklyn,1126
2022,2022-02-15,240,"7 Av (F,G)",Brooklyn,1096
2022,2022-05-15,240,"7 Av (F,G)",Brooklyn,1112
2022,2022-08-15,240,"7 Av (F,G)",Brooklyn,1092
2022,2022-11-15,240,"7 Av (F,G)",Brooklyn,1157
2023,2023-02-15,240,"7 Av (F,G)",Brooklyn,1179
2023,2023-05-15,240,"7 Av (F,G)",Brooklyn,1185
2023,2023-08-15,240,"7 Av (F,G)",Brooklyn,1193
2023,2023-11-15,240,"7 Av (F,G)",Brooklyn,1214
2024,2024-02-15,240,"7 Av (F,G)",Brooklyn,1200
2024,2024-05-15,240,"7 Av (F,G)",Brooklyn,1247
2024,2024-08-15,240,"7 Av (F,G)",Brooklyn,1212
2024,2024-11-15,240,"7 Av (F,G)",Brooklyn,1347
2020,2020-02-15,241,"15 St-Prospect Park (F,G)",Brooklyn,952
2020,2020-05-15,241,"15 St-Prospect Park (F,G)",Brooklyn,691
2020,2020-08-15,241,"15 St-Prospect Park (F,G)",Brooklyn,725
2020,2020-11-15,241,"15 St-Prospect Park (F,G)",Brooklyn,944
2021,2021-02-15,241,"15 St-Prospect Park (F,G)",Brooklyn,933
2021,2021-05-15,241,"15 St-Prospect Park (F,G)",Brooklyn,1036
2021,2021-08-15,241,"15 St-Prospect Park (F,G)",Brooklyn,1015
2021,2021-11-15,241,"15 St-Prospect Park (F,G)",Brooklyn,1062
2022,2022-02-15,241,"15 St-Prospect Park (F,G)",Brooklyn,1038
2022,2022-05-15,241,"15 St-Prospect Park (F,G)",Brooklyn,1088
2022,2022-08-15,241,"15 St-Prospect Park (F,G)",Brooklyn,1067
2022,2022-11-15,241,"15 St-Prospect Park (F,G)",Brooklyn,1101
2023,2023-02-15,241,"15 St-Prospect Park (F,G)",Brooklyn,1085
2023,2023-05-15,241,"15 St-Prospect Park (F,G)",Brooklyn,1121
2023,2023-08-15,241,"15 St-Prospect Park (F,G)",Brooklyn,1137
2023,2023-11-15,241,"15 St-Prospect Park (F,G)",Brooklyn,1169
2024,2024-02-15,241,"15 St-Prospect Park (F,G)",Brooklyn,1141
2024,2024-05-15,241,"15 St-Prospect Park (F,G)",Brooklyn,1154
2024,2024-08-15,241,"15 St-Prospect Park (F,G)",Brooklyn,1109
2024,2024-11-15,241,"15 St-Prospect Park (F,G)",Brooklyn,1239
2020,2020-02-15,242,"Fort Hamilton Pkwy (F,G)",Brooklyn,901
2020,2020-05-15,242,"Fort Hamilton Pkwy (F,G)",Brooklyn,632
2020,2020-08-15,242,"Fort Hamilton Pkwy (F,G)",Brooklyn,721
2020,2020-11-15,242,"Fort Hamilton Pkwy (F,G)",Brooklyn,925
2021,2021-02-15,242,"Fort Hamilton Pkwy (F,G)",Brooklyn,890
2021,2021-05-15,242,"Fort Hamilton Pkwy (F,G)",Brooklyn,986
2021,2021-08-15,242,"Fort Hamilton Pkwy (F,G)",Brooklyn,982
2021,2021-11-15,242,"Fort Hamilton Pkwy (F,G)",Brooklyn,1023
2022,2022-02-15,242,"Fort Hamilton Pkwy (F,G)",Brooklyn,1021
2022,2022-05-15,242,"Fort Hamilton Pkwy (F,G)",Brooklyn,1038
2022,2022-08-15,242,"Fort Hamilton Pkwy (F,G)",Brooklyn,1053
2022,2022-11-15,242,"Fort Hamilton Pkwy (F,G)",Brooklyn,1064
2023,2023-02-15,242,"Fort Hamilton Pkwy (F,G)",Brooklyn,1067
2023,2023-05-15,242,"Fort Hamilton Pkwy (F,G)",Brooklyn,1137
2023,2023-08-15,242,"Fort Hamilton Pkwy (F,G)",Brooklyn,1107
2023,2023-11-15,242,"Fort Hamilton Pkwy (F,G)",Brooklyn,1133
2024,2024-02-15,242,"Fort Hamilton Pkwy (F,G)",Brooklyn,1093
2024,2024-05-15,242,"Fort Hamilton Pkwy (F,G)",Brooklyn,1127
2024,2024-08-15,242,"Fort Hamilton Pkwy (F,G)",Brooklyn,1100
2024,2024-11-15,242,"Fort Hamilton Pkwy (F,G)",Brooklyn,1176
2020,2020-02-15,243,"Church Av (F,G)",Brooklyn,1052
2020,2020-05-15,243,"Church Av (F,G)",Brooklyn,883
2020,2020-08-15,243,"Church Av (F,G)",Brooklyn,857
2020,2020-11-15,243,"Church Av (F,G)",Brooklyn,1064
2021,2021-02-15,243,"Church Av (F,G)",Brooklyn,1056
2021,2021-05-15,243,"Church Av (F,G)",Brooklyn,1158
2021,2021-08-15,243,"Church Av (F,G)",Brooklyn,1143
2021,2021-11-15,243,"Church Av (F,G)",Brooklyn,1203
2022,2022-02-15,243,"Church Av (F,G)",Brooklyn,1206
2022,2022-05-15,243,"Church Av (F,G)",Brooklyn,1210
2022,2022-08-15,243,"Church Av (F,G)",Brooklyn,1180
2022,2022-11-15,243,"Church Av (F,G)",Brooklyn,1219
2023,2023-02-15,243,"Church Av (F,G)",Brooklyn,1208
2023,2023-05-15,243,"Church Av (F,G)",Brooklyn,1260
2023,2023-08-15,243,"Church Av (F,G)",Brooklyn,1258
2023,2023-11-15,243,"Church Av (F,G)",Brooklyn,1309
2024,2024-02-15,243,"Church Av (F,G)",Brooklyn,1266
2024,2024-05-15,243,"Church Av (F,G)",Brooklyn,1276
2024,2024-08-15,243,"Church Av (F,G)",Brooklyn,1263
2024,2024-11-15,243,"Church Av (F,G)",Brooklyn,1443
2020,2020-02-15,244,Ditmas Av (F),Brooklyn,986
2020,2020-05-15,244,Ditmas Av (F),Brooklyn,717
2020,2020-08-15,244,Ditmas Av (F),Brooklyn,560
2020,2020-11-15,244,Ditmas Av (F),Brooklyn,719
2021,2021-02-15,244,Ditmas Av (F),Brooklyn,700
2021,2021-05-15,244,Ditmas Av (F),Brooklyn,726
2021,2021-08-15,244,Ditmas Av (F),Brooklyn,1026
2021,2021-11-15,244,Ditmas Av (F),Brooklyn,778
2022,2022-02-15,244,Ditmas Av (F),Brooklyn,647
2022,2022-05-15,244,Ditmas Av (F),Brooklyn,776
2022,2022-08-15,244,Ditmas Av (F),Brooklyn,1055
2022,2022-11-15,244,Ditmas Av (F),Brooklyn,861
2023,2023-02-15,244,Ditmas Av (F),Brooklyn,1078
2023,2023-05-15,244,Ditmas Av (F),Brooklyn,818
2023,2023-08-15,244,Ditmas Av (F),Brooklyn,841
2023,2023-11-15,244,Ditmas Av (F),Brooklyn,859
2024,2024-02-15,244,Ditmas Av (F),Brooklyn,1081
2024,2024-05-15,244,Ditmas Av (F),Brooklyn,1088
2024,2024-08-15,244,Ditmas Av (F),Brooklyn,798
2024,2024-11-15,244,Ditmas Av (F),Brooklyn,1152
2020,2020-02-15,245,18 Av (F),Brooklyn,977
2020,2020-05-15,245,18 Av (F),Brooklyn,734
2020,2020-08-15,245,18 Av (F),Brooklyn,525
2020,2020-11-15,245,18 Av (F),Brooklyn,723
2021,2021-02-15,245,18 Av (F),Brooklyn,733
2021,2021-05-15,245,18 Av (F),Brooklyn,734
2021,2021-08-15,245,18 Av (F),Brooklyn,951
2021,2021-11-15,245,18 Av (F),Brooklyn,792
2022,2022-02-15,245,18 Av (F),Brooklyn,684
2022,2022-05-15,245,18 Av (F),Brooklyn,787
2022,2022-08-15,245,18 Av (F),Brooklyn,1021
2022,2022-11-15,245,18 Av (F),Brooklyn,835
2023,2023-02-15,245,18 Av (F),Brooklyn,1066
2023,2023-05-15,245,18 Av (F),Brooklyn,791
2023,2023-08-15,245,18 Av (F),Brooklyn,784
2023,2023-11-15,245,18 Av (F),Brooklyn,817
2024,2024-02-15,245,18 Av (F),Brooklyn,1083
2024,2024-05-15,245,18 Av (F),Brooklyn,1130
2024,2024-08-15,245,18 Av (F),Brooklyn,817
2024,2024-11-15,245,18 Av (F),Brooklyn,1241
2020,2020-02-15,246,Avenue I (F),Brooklyn,909
2020,2020-05-15,246,Avenue I (F),Brooklyn,652
2020,2020-08-15,246,Avenue I (F),Brooklyn,509
2020,2020-11-15,246,Avenue I (F),Brooklyn,664
2021,2021-02-15,246,Avenue I (F),Brooklyn,647
2021,2021-05-15,246,Avenue I (F),Brooklyn,684
2021,2021-08-15,246,Avenue I (F),Brooklyn,878
2021,2021-11-15,246,Avenue I (F),Brooklyn,740
2022,2022-02-15,246,Avenue I (F),Brooklyn,598
2022,2022-05-15,246,Avenue I (F),Brooklyn,750
2022,2022-08-15,246,Avenue I (F),Brooklyn,915
2022,2022-11-15,246,Avenue I (F),Brooklyn,790
2023,2023-02-15,246,Avenue I (F),Brooklyn,970
2023,2023-05-15,246,Avenue I (F),Brooklyn,774
2023,2023-08-15,246,Avenue I (F),Brooklyn,726
2023,2023-11-15,246,Avenue I (F),Brooklyn,771
2024,2024-02-15,246,Avenue I (F),Brooklyn,981
2024,2024-05-15,246,Avenue I (F),Brooklyn,1010
2024,2024-08-15,246,Avenue I (F),Brooklyn,650
2024,2024-11-15,246,Avenue I (F),Brooklyn,1028
2020,2020-02-15,247,Bay Pkwy (F),Brooklyn,794
2020,2020-05-15,247,Bay Pkwy (F),Brooklyn,483
2020,2020-08-15,247,Bay Pkwy (F),Brooklyn,415
2020,2020-11-15,247,Bay Pkwy (F),Brooklyn,570
2021,2021-02-15,247,Bay Pkwy (F),Brooklyn,556
2021,2021-05-15,247,Bay Pkwy (F),Brooklyn,606
2021,2021-08-15,247,Bay Pkwy (F),Brooklyn,759
2021,2021-11-15,247,Bay Pkwy (F),Brooklyn,667
2022,2022-02-15,247,Bay Pkwy (F),Brooklyn,541
2022,2022-05-15,247,Bay Pkwy (F),Brooklyn,658
2022,2022-08-15,247,Bay Pkwy (F),Brooklyn,777
2022,2022-11-15,247,Bay Pkwy (F),Brooklyn,704
2023,2023-02-15,247,Bay Pkwy (F),Brooklyn,858
2023,2023-05-15,247,Bay Pkwy (F),Brooklyn,719
2023,2023-08-15,247,Bay Pkwy (F),Brooklyn,676
2023,2023-11-15,247,Bay Pkwy (F),Brooklyn,724
2024,2024-02-15,247,Bay Pkwy (F),Brooklyn,870
2024,2024-05-15,247,Bay Pkwy (F),Brooklyn,921
2024,2024-08-15,247,Bay Pkwy (F),Brooklyn,566
2024,2024-11-15,247,Bay Pkwy (F),Brooklyn,895
2020,2020-02-15,248,Avenue N (F),Brooklyn,916
2020,2020-05-15,248,Avenue N (F),Brooklyn,653
2020,2020-08-15,248,Avenue N (F),Brooklyn,506
2020,2020-11-15,248,Avenue N (F),Brooklyn,665
2021,2021-02-15,248,Avenue N (F),Brooklyn,661
2021,2021-05-15,248,Avenue N (F),Brooklyn,677
2021,2021-08-15,248,Avenue N (F),Brooklyn,901
2021,2021-11-15,248,Avenue N (F),Brooklyn,730
2022,2022-02-15,248,Avenue N (F),Brooklyn,589
2022,2022-05-15,248,Avenue N (F),Brooklyn,728
2022,2022-08-15,248,Avenue N (F),Brooklyn,969
2022,2022-11-15,248,Avenue N (F),Brooklyn,796
2023,2023-02-15,248,Avenue N (F),Brooklyn,1000
2023,2023-05-15,248,Avenue N (F),Brooklyn,780
2023,2023-08-15,248,Avenue N (F),Brooklyn,757
2023,2023-11-15,248,Avenue N (F),Brooklyn,779
2024,2024-02-15,248,Avenue N (F),Brooklyn,1033
2024,2024-05-15,248,Avenue N (F),Brooklyn,1038
2024,2024-08-15,248,Avenue N (F),Brooklyn,774
2024,2024-11-15,248,Avenue N (F),Brooklyn,1092
2020,2020-02-15,249,Avenue P (F),Brooklyn,895
2020,2020-05-15,249,Avenue P (F),Brooklyn,636
2020,2020-08-15,249,Avenue P (F),Brooklyn,520
2020,2020-11-15,249,Avenue P (F),Brooklyn,658
2021,2021-02-15,249,Avenue P (F),Brooklyn,625
2021,2021-05-15,249,Avenue P (F),Brooklyn,681
2021,2021-08-15,249,Avenue P (F),Brooklyn,900
2021,2021-11-15,249,Avenue P (F),Brooklyn,726
2022,2022-02-15,249,Avenue P (F),Brooklyn,572
2022,2022-05-15,249,Avenue P (F),Brooklyn,733
2022,2022-08-15,249,Avenue P (F),Brooklyn,952
2022,2022-11-15,249,Avenue P (F),Brooklyn,785
2023,2023-02-15,249,Avenue P (F),Brooklyn,988
2023,2023-05-15,249,Avenue P (F),Brooklyn,791
2023,2023-08-15,249,Avenue P (F),Brooklyn,729
2023,2023-11-15,249,Avenue P (F),Brooklyn,778
2024,2024-02-15,249,Avenue P (F),Brooklyn,1051
2024,2024-05-15,249,Avenue P (F),Brooklyn,1031
2024,2024-08-15,249,Avenue P (F),Brooklyn,710
2024,2024-11-15,249,Avenue P (F),Brooklyn,1091
2020,2020-02-15,250,Kings Hwy (F),Brooklyn,959
2020,2020-05-15,250,Kings Hwy (F),Brooklyn,727
2020,2020-08-15,250,Kings Hwy (F),Brooklyn,556
2020,2020-11-15,250,Kings Hwy (F),Brooklyn,718
2021,2021-02-15,250,Kings Hwy (F),Brooklyn,695
2021,2021-05-15,250,Kings Hwy (F),Brooklyn,740
2021,2021-08-15,250,Kings Hwy (F),Brooklyn,958
2021,2021-11-15,250,Kings Hwy (F),Brooklyn,781
2022,2022-02-15,250,Kings Hwy (F),Brooklyn,660
2022,2022-05-15,250,Kings Hwy (F),Brooklyn,766
2022,2022-08-15,250,Kings Hwy (F),Brooklyn,1027
2022,2022-11-15,250,Kings Hwy (F),Brooklyn,855
2023,2023-02-15,250,Kings Hwy (F),Brooklyn,1120
2023,2023-05-15,250,Kings Hwy (F),Brooklyn,812
2023,2023-08-15,250,Kings Hwy (F),Brooklyn,771
2023,2023-11-15,250,Kings Hwy (F),Brooklyn,824
2024,2024-02-15,250,Kings Hwy (F),Brooklyn,1168
2024,2024-05-15,250,Kings Hwy (F),Brooklyn,1211
2024,2024-08-15,250,Kings Hwy (F),Brooklyn,822
2024,2024-11-15,250,Kings Hwy (F),Brooklyn,1218
2020,2020-02-15,251,Avenue U (F),Brooklyn,899
2020,2020-05-15,251,Avenue U (F),Brooklyn,565
2020,2020-08-15,251,Avenue U (F),Brooklyn,484
2020,2020-11-15,251,Avenue U (F),Brooklyn,624
2021,2021-02-15,251,Avenue U (F),Brooklyn,585
2021,2021-05-15,251,Avenue U (F),Brooklyn,661
2021,2021-08-15,251,Avenue U (F),Brooklyn,831
2021,2021-11-15,251,Avenue U (F),Brooklyn,708
2022,2022-02-15,251,Avenue U (F),Brooklyn,582
2022,2022-05-15,251,Avenue U (F),Brooklyn,713
2022,2022-08-15,251,Avenue U (F),Brooklyn,937
2022,2022-11-15,251,Avenue U (F),Brooklyn,789
2023,2023-02-15,251,Avenue U (F),Brooklyn,625
2023,2023-05-15,251,Avenue U (F),Brooklyn,760
2023,2023-08-15,251,Avenue U (F),Brooklyn,720
2023,2023-11-15,251,Avenue U (F),Brooklyn,763
2024,2024-02-15,251,Avenue U (F),Brooklyn,319
2024,2024-05-15,251,Avenue U (F),Brooklyn,803
2024,2024-08-15,251,Avenue U (F),Brooklyn,721
2024,2024-11-15,251,Avenue U (F),Brooklyn,1125
2020,2020-02-15,252,Avenue X (F),Brooklyn,976
2020,2020-05-15,252,Avenue X (F),Brooklyn,693
2020,2020-08-15,252,Avenue X (F),Brooklyn,554
2020,2020-11-15,252,Avenue X (F),Brooklyn,666
2021,2021-02-15,252,Avenue X (F),Brooklyn,643
2021,2021-05-15,252,Avenue X (F),Brooklyn,730
2021,2021-08-15,252,Avenue X (F),Brooklyn,926
2021,2021-11-15,252,Avenue X (F),Brooklyn,749
2022,2022-02-15,252,Avenue X (F),Brooklyn,605
2022,2022-05-15,252,Avenue X (F),Brooklyn,779
2022,2022-08-15,252,Avenue X (F),Brooklyn,1027
2022,2022-11-15,252,Avenue X (F),Brooklyn,832
2023,2023-02-15,252,Avenue X (F),Brooklyn,661
2023,2023-05-15,252,Avenue X (F),Brooklyn,792
2023,2023-08-15,252,Avenue X (F),Brooklyn,770
2023,2023-11-15,252,Avenue X (F),Brooklyn,825
2024,2024-02-15,252,Avenue X (F),Brooklyn,318
2024,2024-05-15,252,Avenue X (F),Brooklyn,796
2024,2024-08-15,252,Avenue X (F),Brooklyn,775
2024,2024-11-15,252,Avenue X (F),Brooklyn,1207
2020,2020-02-15,253,Neptune Av (F),Brooklyn,839
2020,2020-05-15,253,Neptune Av (F),Brooklyn,558
2020,2020-08-15,253,Neptune Av (F),Brooklyn,465
2020,2020-11-15,253,Neptune Av (F),Brooklyn,577
2021,2021-02-15,253,Neptune Av (F),Brooklyn,461
2021,2021-05-15,253,Neptune Av (F),Brooklyn,652
2021,2021-08-15,253,Neptune Av (F),Brooklyn,810
2021,2021-11-15,253,Neptune Av (F),Brooklyn,691
2022,2022-02-15,253,Neptune Av (F),Brooklyn,540
2022,2022-05-15,253,Neptune Av (F),Brooklyn,713
2022,2022-08-15,253,Neptune Av (F),Brooklyn,869
2022,2022-11-15,253,Neptune Av (F),Brooklyn,725
2023,2023-02-15,253,Neptune Av (F),Brooklyn,582
2023,2023-05-15,253,Neptune Av (F),Brooklyn,725
2023,2023-08-15,253,Neptune Av (F),Brooklyn,669
2023,2023-11-15,253,Neptune Av (F),Brooklyn,708
2024,2024-02-15,253,Neptune Av (F),Brooklyn,292
2024,2024-05-15,253,Neptune Av (F),Brooklyn,740
2024,2024-08-15,253,Neptune Av (F),Brooklyn,674
2024,2024-11-15,253,Neptune Av (F),Brooklyn,1035
2020,2020-02-15,254,Jamaica-179 St (F),Queens,1069
2020,2020-05-15,254,Jamaica-179 St (F),Queens,870
2020,2020-08-15,254,Jamaica-179 St (F),Queens,863
2020,2020-11-15,254,Jamaica-179 St (F),Queens,1057
2021,2021-02-15,254,Jamaica-179 St (F),Queens,1035
2021,2021-05-15,254,Jamaica-179 St (F),Queens,1162
2021,2021-08-15,254,Jamaica-179 St (F),Queens,1205
2021,2021-11-15,254,Jamaica-179 St (F),Queens,1223
2022,2022-02-15,254,Jamaica-179 St (F),Queens,1205
2022,2022-05-15,254,Jamaica-179 St (F),Queens,1222
2022,2022-08-15,254,Jamaica-179 St (F),Queens,1220
2022,2022-11-15,254,Jamaica-179 St (F),Queens,1249
2023,2023-02-15,254,Jamaica-179 St (F),Queens,1240
2023,2023-05-15,254,Jamaica-179 St (F),Queens,1279
2023,2023-08-15,254,Jamaica-179 St (F),Queens,1254
2023,2023-11-15,254,Jamaica-179 St (F),Queens,1281
2024,2024-02-15,254,Jamaica-179 St (F),Queens,1292
2024,2024-05-15,254,Jamaica-179 St (F),Queens,1305
2024,2024-08-15,254,Jamaica-179 St (F),Queens,1304
2024,2024-11-15,254,Jamaica-179 St (F),Queens,1520
2020,2020-02-15,255,169 St (F),Queens,1026
2020,2020-05-15,255,169 St (F),Queens,788
2020,2020-08-15,255,169 St (F),Queens,933
2020,2020-11-15,255,169 St (F),Queens,1015
2021,2021-02-15,255,169 St (F),Queens,963
2021,2021-05-15,255,169 St (F),Queens,1103
2021,2021-08-15,255,169 St (F),Queens,1114
2021,2021-11-15,255,169 St (F),Queens,1138
2022,2022-02-15,255,169 St (F),Queens,1120
2022,2022-05-15,255,169 St (F),Queens,1154
2022,2022-08-15,255,169 St (F),Queens,1125
2022,2022-11-15,255,169 St (F),Queens,1169
2023,2023-02-15,255,169 St (F),Queens,1168
2023,2023-05-15,255,169 St (F),Queens,1178
2023,2023-08-15,255,169 St (F),Queens,1193
2023,2023-11-15,255,169 St (F),Queens,1238
2024,2024-02-15,255,169 St (F),Queens,1217
2024,2024-05-15,255,169 St (F),Queens,1250
2024,2024-08-15,255,169 St (F),Queens,1250
2024,2024-11-15,255,169 St (F),Queens,1386
2020,2020-02-15,256,Parsons Blvd (F),Queens,1022
2020,2020-05-15,256,Parsons Blvd (F),Queens,815
2020,2020-08-15,256,Parsons Blvd (F),Queens,936
2020,2020-11-15,256,Parsons Blvd (F),Queens,1031
2021,2021-02-15,256,Parsons Blvd (F),Queens,976
2021,2021-05-15,256,Parsons Blvd (F),Queens,1129
2021,2021-08-15,256,Parsons Blvd (F),Queens,1142
2021,2021-11-15,256,Parsons Blvd (F),Queens,1180
2022,2022-02-15,256,Parsons Blvd (F),Queens,1153
2022,2022-05-15,256,Parsons Blvd (F),Queens,1187
2022,2022-08-15,256,Parsons Blvd (F),Queens,1160
2022,2022-11-15,256,Parsons Blvd (F),Queens,1222
2023,2023-02-15,256,Parsons Blvd (F),Queens,1190
2023,2023-05-15,256,Parsons Blvd (F),Queens,1221
2023,2023-08-15,256,Parsons Blvd (F),Queens,1225
2023,2023-11-15,256,Parsons Blvd (F),Queens,1222
2024,2024-02-15,256,Parsons Blvd (F),Queens,1239
2024,2024-05-15,256,Parsons Blvd (F),Queens,1252
2024,2024-08-15,256,Parsons Blvd (F),Queens,1234
2024,2024-11-15,256,Parsons Blvd (F),Queens,1397
2020,2020-02-15,257,Sutphin Blvd (F),Queens,966
2020,2020-05-15,257,Sutphin Blvd (F),Queens,730
2020,2020-08-15,257,Sutphin Blvd (F),Queens,851
2020,2020-11-15,257,Sutphin Blvd (F),Queens,977
2021,2021-02-15,257,Sutphin Blvd (F),Queens,894
2021,2021-05-15,257,Sutphin Blvd (F),Queens,1032
2021,2021-08-15,257,Sutphin Blvd (F),Queens,975
2021,2021-11-15,257,Sutphin Blvd (F),Queens,1089
2022,2022-02-15,257,Sutphin Blvd (F),Queens,1090
2022,2022-05-15,257,Sutphin Blvd (F),Queens,1120
2022,2022-08-15,257,Sutphin Blvd (F),Queens,1100
2022,2022-11-15,257,Sutphin Blvd (F),Queens,1133
2023,2023-02-15,257,Sutphin Blvd (F),Queens,1089
2023,2023-05-15,257,Sutphin Blvd (F),Queens,1132
2023,2023-08-15,257,Sutphin Blvd (F),Queens,1134
2023,2023-11-15,257,Sutphin Blvd (F),Queens,1147
2024,2024-02-15,257,Sutphin Blvd (F),Queens,1175
2024,2024-05-15,257,Sutphin Blvd (F),Queens,1205
2024,2024-08-15,257,Sutphin Blvd (F),Queens,1206
2024,2024-11-15,257,Sutphin Blvd (F),Queens,1291
2020,2020-02-15,258,"Briarwood (E,F)",Queens,965
2020,2020-05-15,258,"Briarwood (E,F)",Queens,684
2020,2020-08-15,258,"Briarwood (E,F)",Queens,857
2020,2020-11-15,258,"Briarwood (E,F)",Queens,951
2021,2021-02-15,258,"Briarwood (E,F)",Queens,950
2021,2021-05-15,258,"Briarwood (E,F)",Queens,1033
2021,2021-08-15,258,"Briarwood (E,F)",Queens,973
2021,2021-11-15,258,"Briarwood (E,F)",Queens,1108
2022,2022-02-15,258,"Briarwood (E,F)",Queens,1096
2022,2022-05-15,258,"Briarwood (E,F)",Queens,1124
2022,2022-08-15,258,"Briarwood (E,F)",Queens,1082
2022,2022-11-15,258,"Briarwood (E,F)",Queens,1128
2023,2023-02-15,258,"Briarwood (E,F)",Queens,1085
2023,2023-05-15,258,"Briarwood (E,F)",Queens,1145
2023,2023-08-15,258,"Briarwood (E,F)",Queens,1164
2023,2023-11-15,258,"Briarwood (E,F)",Queens,1190
2024,2024-02-15,258,"Briarwood (E,F)",Queens,1180
2024,2024-05-15,258,"Briarwood (E,F)",Queens,1182
2024,2024-08-15,258,"Briarwood (E,F)",Queens,1177
2024,2024-11-15,258,"Briarwood (E,F)",Queens,1341
2020,2020-02-15,259,"Kew Gardens-Union Tpke (E,F)",Queens,1080
2020,2020-05-15,259,"Kew Gardens-Union Tpke (E,F)",Queens,902
2020,2020-08-15,259,"Kew Gardens-Union Tpke (E,F)",Queens,1007
2020,2020-11-15,259,"Kew Gardens-Union Tpke (E,F)",Queens,1087
2021,2021-02-15,259,"Kew Gardens-Union Tpke (E,F)",Queens,1075
2021,2021-05-15,259,"Kew Gardens-Union Tpke (E,F)",Queens,1195
2021,2021-08-15,259,"Kew Gardens-Union Tpke (E,F)",Queens,1213
2021,2021-11-15,259,"Kew Gardens-Union Tpke (E,F)",Queens,1240
2022,2022-02-15,259,"Kew Gardens-Union Tpke (E,F)",Queens,1213
2022,2022-05-15,259,"Kew Gardens-Union Tpke (E,F)",Queens,1240
2022,2022-08-15,259,"Kew Gardens-Union Tpke (E,F)",Queens,1239
2022,2022-11-15,259,"Kew Gardens-Union Tpke (E,F)",Queens,1289
2023,2023-02-15,259,"Kew Gardens-Union Tpke (E,F)",Queens,1316
2023,2023-05-15,259,"Kew Gardens-Union Tpke (E,F)",Queens,1353
2023,2023-08-15,259,"Kew Gardens-Union Tpke (E,F)",Queens,1326
2023,2023-11-15,259,"Kew Gardens-Union Tpke (E,F)",Queens,1368
2024,2024-02-15,259,"Kew Gardens-Union Tpke (E,F)",Queens,1374
2024,2024-05-15,259,"Kew Gardens-Union Tpke (E,F)",Queens,1384
2024,2024-08-15,259,"Kew Gardens-Union Tpke (E,F)",Queens,1360
2024,2024-11-15,259,"Kew Gardens-Union Tpke (E,F)",Queens,1555
2020,2020-02-15,26,"DeKalb Av (B,Q,R)",Brooklyn,1069
2020,2020-05-15,26,"DeKalb Av (B,Q,R)",Brooklyn,918
2020,2020-08-15,26,"DeKalb Av (B,Q,R)",Brooklyn,874
2020,2020-11-15,26,"DeKalb Av (B,Q,R)",Brooklyn,1073
2021,2021-02-15,26,"DeKalb Av (B,Q,R)",Brooklyn,1059
2021,2021-05-15,26,"DeKalb Av (B,Q,R)",Brooklyn,1187
2021,2021-08-15,26,"DeKalb Av (B,Q,R)",Brooklyn,1185
2021,2021-11-15,26,"DeKalb Av (B,Q,R)",Brooklyn,1221
2022,2022-02-15,26,"DeKalb Av (B,Q,R)",Brooklyn,1201
2022,2022-05-15,26,"DeKalb Av (B,Q,R)",Brooklyn,1217
2022,2022-08-15,26,"DeKalb Av (B,Q,R)",Brooklyn,1199
2022,2022-11-15,26,"DeKalb Av (B,Q,R)",Brooklyn,1268
2023,2023-02-15,26,"DeKalb Av (B,Q,R)",Brooklyn,1275
2023,2023-05-15,26,"DeKalb Av (B,Q,R)",Brooklyn,1310
2023,2023-08-15,26,"DeKalb Av (B,Q,R)",Brooklyn,1281
2023,2023-11-15,26,"DeKalb Av (B,Q,R)",Brooklyn,1311
2024,2024-02-15,26,"DeKalb Av (B,Q,R)",Brooklyn,1302
2024,2024-05-15,26,"DeKalb Av (B,Q,R)",Brooklyn,1342
2024,2024-08-15,26,"DeKalb Av (B,Q,R)",Brooklyn,1317
2024,2024-11-15,26,"DeKalb Av (B,Q,R)",Brooklyn,1531
2020,2020-02-15,260,"75 Av (E,F)",Queens,895
2020,2020-05-15,260,"75 Av (E,F)",Queens,531
2020,2020-08-15,260,"75 Av (E,F)",Queens,767
2020,2020-11-15,260,"75 Av (E,F)",Queens,857
2021,2021-02-15,260,"75 Av (E,F)",Queens,858
2021,2021-05-15,260,"75 Av (E,F)",Queens,953
2021,2021-08-15,260,"75 Av (E,F)",Queens,950
2021,2021-11-15,260,"75 Av (E,F)",Queens,1014
2022,2022-02-15,260,"75 Av (E,F)",Queens,1000
2022,2022-05-15,260,"75 Av (E,F)",Queens,1033
2022,2022-08-15,260,"75 Av (E,F)",Queens,930
2022,2022-11-15,260,"75 Av (E,F)",Queens,1044
2023,2023-02-15,260,"75 Av (E,F)",Queens,1031
2023,2023-05-15,260,"75 Av (E,F)",Queens,1063
2023,2023-08-15,260,"75 Av (E,F)",Queens,1025
2023,2023-11-15,260,"75 Av (E,F)",Queens,1124
2024,2024-02-15,260,"75 Av (E,F)",Queens,1087
2024,2024-05-15,260,"75 Av (E,F)",Queens,1107
2024,2024-08-15,260,"75 Av (E,F)",Queens,1084
2024,2024-11-15,260,"75 Av (E,F)",Queens,1178
2020,2020-02-15,261,"Forest Hills-71 Av (E,F,M,R)",Queens,1077
2020,2020-05-15,261,"Forest Hills-71 Av (E,F,M,R)",Queens,899
2020,2020-08-15,261,"Forest Hills-71 Av (E,F,M,R)",Queens,999
2020,2020-11-15,261,"Forest Hills-71 Av (E,F,M,R)",Queens,1093
2021,2021-02-15,261,"Forest Hills-71 Av (E,F,M,R)",Queens,1077
2021,2021-05-15,261,"Forest Hills-71 Av (E,F,M,R)",Queens,1192
2021,2021-08-15,261,"Forest Hills-71 Av (E,F,M,R)",Queens,1207
2021,2021-11-15,261,"Forest Hills-71 Av (E,F,M,R)",Queens,1216
2022,2022-02-15,261,"Forest Hills-71 Av (E,F,M,R)",Queens,1223
2022,2022-05-15,261,"Forest Hills-71 Av (E,F,M,R)",Queens,1244
2022,2022-08-15,261,"Forest Hills-71 Av (E,F,M,R)",Queens,1225
2022,2022-11-15,261,"Forest Hills-71 Av (E,F,M,R)",Queens,1292
2023,2023-02-15,261,"Forest Hills-71 Av (E,F,M,R)",Queens,1322
2023,2023-05-15,261,"Forest Hills-71 Av (E,F,M,R)",Queens,1346
2023,2023-08-15,261,"Forest Hills-71 Av (E,F,M,R)",Queens,1351
2023,2023-11-15,261,"Forest Hills-71 Av (E,F,M,R)",Queens,1354
2024,2024-02-15,261,"Forest Hills-71 Av (E,F,M,R)",Queens,1364
2024,2024-05-15,261,"Forest Hills-71 Av (E,F,M,R)",Queens,1388
2024,2024-08-15,261,"Forest Hills-71 Av (E,F,M,R)",Queens,1380
2024,2024-11-15,261,"Forest Hills-71 Av (E,F,M,R)",Queens,1565
2020,2020-02-15,262,"67 Av (M,R)",Queens,966
2020,2020-05-15,262,"67 Av (M,R)",Queens,733
2020,2020-08-15,262,"67 Av (M,R)",Queens,903
2020,2020-11-15,262,"67 Av (M,R)",Queens,992
2021,2021-02-15,262,"67 Av (M,R)",Queens,957
2021,2021-05-15,262,"67 Av (M,R)",Queens,1064
2021,2021-08-15,262,"67 Av (M,R)",Queens,1066
2021,2021-11-15,262,"67 Av (M,R)",Queens,1126
2022,2022-02-15,262,"67 Av (M,R)",Queens,1131
2022,2022-05-15,262,"67 Av (M,R)",Queens,1117
2022,2022-08-15,262,"67 Av (M,R)",Queens,1096
2022,2022-11-15,262,"67 Av (M,R)",Queens,1127
2023,2023-02-15,262,"67 Av (M,R)",Queens,1137
2023,2023-05-15,262,"67 Av (M,R)",Queens,1206
2023,2023-08-15,262,"67 Av (M,R)",Queens,1200
2023,2023-11-15,262,"67 Av (M,R)",Queens,1235
2024,2024-02-15,262,"67 Av (M,R)",Queens,1204
2024,2024-05-15,262,"67 Av (M,R)",Queens,1255
2024,2024-08-15,262,"67 Av (M,R)",Queens,1210
2024,2024-11-15,262,"67 Av (M,R)",Queens,1368
2020,2020-02-15,263,"63 Dr-Rego Park (M,R)",Queens,1033
2020,2020-05-15,263,"63 Dr-Rego Park (M,R)",Queens,865
2020,2020-08-15,263,"63 Dr-Rego Park (M,R)",Queens,962
2020,2020-11-15,263,"63 Dr-Rego Park (M,R)",Queens,1056
2021,2021-02-15,263,"63 Dr-Rego Park (M,R)",Queens,1032
2021,2021-05-15,263,"63 Dr-Rego Park (M,R)",Queens,1141
2021,2021-08-15,263,"63 Dr-Rego Park (M,R)",Queens,1148
2021,2021-11-15,263,"63 Dr-Rego Park (M,R)",Queens,1196
2022,2022-02-15,263,"63 Dr-Rego Park (M,R)",Queens,1181
2022,2022-05-15,263,"63 Dr-Rego Park (M,R)",Queens,1187
2022,2022-08-15,263,"63 Dr-Rego Park (M,R)",Queens,1186
2022,2022-11-15,263,"63 Dr-Rego Park (M,R)",Queens,1204
2023,2023-02-15,263,"63 Dr-Rego Park (M,R)",Queens,1220
2023,2023-05-15,263,"63 Dr-Rego Park (M,R)",Queens,1249
2023,2023-08-15,263,"63 Dr-Rego Park (M,R)",Queens,1244
2023,2023-11-15,263,"63 Dr-Rego Park (M,R)",Queens,1307
2024,2024-02-15,263,"63 Dr-Rego Park (M,R)",Queens,1289
2024,2024-05-15,263,"63 Dr-Rego Park (M,R)",Queens,1309
2024,2024-08-15,263,"63 Dr-Rego Park (M,R)",Queens,1294
2024,2024-11-15,263,"63 Dr-Rego Park (M,R)",Queens,1469
2020,2020-02-15,264,"Woodhaven Blvd (M,R)",Queens,1072
2020,2020-05-15,264,"Woodhaven Blvd (M,R)",Queens,885
2020,2020-08-15,264,"Woodhaven Blvd (M,R)",Queens,984
2020,2020-11-15,264,"Woodhaven Blvd (M,R)",Queens,1080
2021,2021-02-15,264,"Woodhaven Blvd (M,R)",Queens,1061
2021,2021-05-15,264,"Woodhaven Blvd (M,R)",Queens,1151
2021,2021-08-15,264,"Woodhaven Blvd (M,R)",Queens,1167
2021,2021-11-15,264,"Woodhaven Blvd (M,R)",Queens,1204
2022,2022-02-15,264,"Woodhaven Blvd (M,R)",Queens,1173
2022,2022-05-15,264,"Woodhaven Blvd (M,R)",Queens,1202
2022,2022-08-15,264,"Woodhaven Blvd (M,R)",Queens,1201
2022,2022-11-15,264,"Woodhaven Blvd (M,R)",Queens,1226
2023,2023-02-15,264,"Woodhaven Blvd (M,R)",Queens,1209
2023,2023-05-15,264,"Woodhaven Blvd (M,R)",Queens,1284
2023,2023-08-15,264,"Woodhaven Blvd (M,R)",Queens,1268
2023,2023-11-15,264,"Woodhaven Blvd (M,R)",Queens,1311
2024,2024-02-15,264,"Woodhaven Blvd (M,R)",Queens,1303
2024,2024-05-15,264,"Woodhaven Blvd (M,R)",Queens,1305
2024,2024-08-15,264,"Woodhaven Blvd (M,R)",Queens,1298
2024,2024-11-15,264,"Woodhaven Blvd (M,R)",Queens,1501
2020,2020-02-15,265,"Grand Av-Newtown (M,R)",Queens,1057
2020,2020-05-15,265,"Grand Av-Newtown (M,R)",Queens,842
2020,2020-08-15,265,"Grand Av-Newtown (M,R)",Queens,964
2020,2020-11-15,265,"Grand Av-Newtown (M,R)",Queens,1057
2021,2021-02-15,265,"Grand Av-Newtown (M,R)",Queens,1015
2021,2021-05-15,265,"Grand Av-Newtown (M,R)",Queens,1135
2021,2021-08-15,265,"Grand Av-Newtown (M,R)",Queens,1149
2021,2021-11-15,265,"Grand Av-Newtown (M,R)",Queens,1192
2022,2022-02-15,265,"Grand Av-Newtown (M,R)",Queens,1186
2022,2022-05-15,265,"Grand Av-Newtown (M,R)",Queens,1185
2022,2022-08-15,265,"Grand Av-Newtown (M,R)",Queens,1181
2022,2022-11-15,265,"Grand Av-Newtown (M,R)",Queens,1202
2023,2023-02-15,265,"Grand Av-Newtown (M,R)",Queens,1192
2023,2023-05-15,265,"Grand Av-Newtown (M,R)",Queens,1266
2023,2023-08-15,265,"Grand Av-Newtown (M,R)",Queens,1268
2023,2023-11-15,265,"Grand Av-Newtown (M,R)",Queens,1300
2024,2024-02-15,265,"Grand Av-Newtown (M,R)",Queens,1297
2024,2024-05-15,265,"Grand Av-Newtown (M,R)",Queens,1315
2024,2024-08-15,265,"Grand Av-Newtown (M,R)",Queens,1296
2024,2024-11-15,265,"Grand Av-Newtown (M,R)",Queens,1501
2020,2020-02-15,266,"Elmhurst Av (M,R)",Queens,1017
2020,2020-05-15,266,"Elmhurst Av (M,R)",Queens,818
2020,2020-08-15,266,"Elmhurst Av (M,R)",Queens,961
2020,2020-11-15,266,"Elmhurst Av (M,R)",Queens,1022
2021,2021-02-15,266,"Elmhurst Av (M,R)",Queens,987
2021,2021-05-15,266,"Elmhurst Av (M,R)",Queens,1099
2021,2021-08-15,266,"Elmhurst Av (M,R)",Queens,1103
2021,2021-11-15,266,"Elmhurst Av (M,R)",Queens,1146
2022,2022-02-15,266,"Elmhurst Av (M,R)",Queens,1132
2022,2022-05-15,266,"Elmhurst Av (M,R)",Queens,1140
2022,2022-08-15,266,"Elmhurst Av (M,R)",Queens,1156
2022,2022-11-15,266,"Elmhurst Av (M,R)",Queens,1160
2023,2023-02-15,266,"Elmhurst Av (M,R)",Queens,1162
2023,2023-05-15,266,"Elmhurst Av (M,R)",Queens,1261
2023,2023-08-15,266,"Elmhurst Av (M,R)",Queens,1256
2023,2023-11-15,266,"Elmhurst Av (M,R)",Queens,1262
2024,2024-02-15,266,"Elmhurst Av (M,R)",Queens,1251
2024,2024-05-15,266,"Elmhurst Av (M,R)",Queens,1279
2024,2024-08-15,266,"Elmhurst Av (M,R)",Queens,1275
2024,2024-11-15,266,"Elmhurst Av (M,R)",Queens,1438
2020,2020-02-15,268,"65 St (M,R)",Queens,910
2020,2020-05-15,268,"65 St (M,R)",Queens,572
2020,2020-08-15,268,"65 St (M,R)",Queens,781
2020,2020-11-15,268,"65 St (M,R)",Queens,885
2021,2021-02-15,268,"65 St (M,R)",Queens,858
2021,2021-05-15,268,"65 St (M,R)",Queens,953
2021,2021-08-15,268,"65 St (M,R)",Queens,951
2021,2021-11-15,268,"65 St (M,R)",Queens,1047
2022,2022-02-15,268,"65 St (M,R)",Queens,994
2022,2022-05-15,268,"65 St (M,R)",Queens,1029
2022,2022-08-15,268,"65 St (M,R)",Queens,975
2022,2022-11-15,268,"65 St (M,R)",Queens,1031
2023,2023-02-15,268,"65 St (M,R)",Queens,1042
2023,2023-05-15,268,"65 St (M,R)",Queens,1051
2023,2023-08-15,268,"65 St (M,R)",Queens,1053
2023,2023-11-15,268,"65 St (M,R)",Queens,1090
2024,2024-02-15,268,"65 St (M,R)",Queens,1072
2024,2024-05-15,268,"65 St (M,R)",Queens,1090
2024,2024-08-15,268,"65 St (M,R)",Queens,1056
2024,2024-11-15,268,"65 St (M,R)",Queens,1200
2020,2020-02-15,269,"Northern Blvd (M,R)",Queens,995
2020,2020-05-15,269,"Northern Blvd (M,R)",Queens,744
2020,2020-08-15,269,"Northern Blvd (M,R)",Queens,903
2020,2020-11-15,269,"Northern Blvd (M,R)",Queens,999
2021,2021-02-15,269,"Northern Blvd (M,R)",Queens,946
2021,2021-05-15,269,"Northern Blvd (M,R)",Queens,1058
2021,2021-08-15,269,"Northern Blvd (M,R)",Queens,1072
2021,2021-11-15,269,"Northern Blvd (M,R)",Queens,1118
2022,2022-02-15,269,"Northern Blvd (M,R)",Queens,1094
2022,2022-05-15,269,"Northern Blvd (M,R)",Queens,1136
2022,2022-08-15,269,"Northern Blvd (M,R)",Queens,1096
2022,2022-11-15,269,"Northern Blvd (M,R)",Queens,1148
2023,2023-02-15,269,"Northern Blvd (M,R)",Queens,1149
2023,2023-05-15,269,"Northern Blvd (M,R)",Queens,1162
2023,2023-08-15,269,"Northern Blvd (M,R)",Queens,1166
2023,2023-11-15,269,"Northern Blvd (M,R)",Queens,1197
2024,2024-02-15,269,"Northern Blvd (M,R)",Queens,1195
2024,2024-05-15,269,"Northern Blvd (M,R)",Queens,1178
2024,2024-08-15,269,"Northern Blvd (M,R)",Queens,1210
2024,2024-11-15,269,"Northern Blvd (M,R)",Queens,1356
2020,2020-02-15,270,"46 St (M,R)",Queens,992
2020,2020-05-15,270,"46 St (M,R)",Queens,799
2020,2020-08-15,270,"46 St (M,R)",Queens,917
2020,2020-11-15,270,"46 St (M,R)",Queens,1015
2021,2021-02-15,270,"46 St (M,R)",Queens,954
2021,2021-05-15,270,"46 St (M,R)",Queens,1095
2021,2021-08-15,270,"46 St (M,R)",Queens,1102
2021,2021-11-15,270,"46 St (M,R)",Queens,1137
2022,2022-02-15,270,"46 St (M,R)",Queens,1111
2022,2022-05-15,270,"46 St (M,R)",Queens,1136
2022,2022-08-15,270,"46 St (M,R)",Queens,1120
2022,2022-11-15,270,"46 St (M,R)",Queens,1115
2023,2023-02-15,270,"46 St (M,R)",Queens,1134
2023,2023-05-15,270,"46 St (M,R)",Queens,1188
2023,2023-08-15,270,"46 St (M,R)",Queens,1175
2023,2023-11-15,270,"46 St (M,R)",Queens,1195
2024,2024-02-15,270,"46 St (M,R)",Queens,1221
2024,2024-05-15,270,"46 St (M,R)",Queens,1209
2024,2024-08-15,270,"46 St (M,R)",Queens,1187
2024,2024-11-15,270,"46 St (M,R)",Queens,1382
2020,2020-02-15,271,"Steinway St (M,R)",Queens,1036
2020,2020-05-15,271,"Steinway St (M,R)",Queens,824
2020,2020-08-15,271,"Steinway St (M,R)",Queens,951
2020,2020-11-15,271,"Steinway St (M,R)",Queens,1053
2021,2021-02-15,271,"Steinway St (M,R)",Queens,1004
2021,2021-05-15,271,"Steinway St (M,R)",Queens,1135
2021,2021-08-15,271,"Steinway St (M,R)",Queens,1150
2021,2021-11-15,271,"Steinway St (M,R)",Queens,1176
2022,2022-02-15,271,"Steinway St (M,R)",Queens,1180
2022,2022-05-15,271,"Steinway St (M,R)",Queens,1201
2022,2022-08-15,271,"Steinway St (M,R)",Queens,1190
2022,2022-11-15,271,"Steinway St (M,R)",Queens,1208
2023,2023-02-15,271,"Steinway St (M,R)",Queens,1222
2023,2023-05-15,271,"Steinway St (M,R)",Queens,1237
2023,2023-08-15,271,"Steinway St (M,R)",Queens,1249
2023,2023-11-15,271,"Steinway St (M,R)",Queens,1298
2024,2024-02-15,271,"Steinway St (M,R)",Queens,1282
2024,2024-05-15,271,"Steinway St (M,R)",Queens,1317
2024,2024-08-15,271,"Steinway St (M,R)",Queens,1336
2024,2024-11-15,271,"Steinway St (M,R)",Queens,1492
2020,2020-02-15,272,"36 St (M,R)",Queens,908
2020,2020-05-15,272,"36 St (M,R)",Queens,601
2020,2020-08-15,272,"36 St (M,R)",Queens,767
2020,2020-11-15,272,"36 St (M,R)",Queens,878
2021,2021-02-15,272,"36 St (M,R)",Queens,821
2021,2021-05-15,272,"36 St (M,R)",Queens,927
2021,2021-08-15,272,"36 St (M,R)",Queens,899
2021,2021-11-15,272,"36 St (M,R)",Queens,1010
2022,2022-02-15,272,"36 St (M,R)",Queens,989
2022,2022-05-15,272,"36 St (M,R)",Queens,1016
2022,2022-08-15,272,"36 St (M,R)",Queens,957
2022,2022-11-15,272,"36 St (M,R)",Queens,1036
2023,2023-02-15,272,"36 St (M,R)",Queens,1056
2023,2023-05-15,272,"36 St (M,R)",Queens,1078
2023,2023-08-15,272,"36 St (M,R)",Queens,1096
2023,2023-11-15,272,"36 St (M,R)",Queens,1119
2024,2024-02-15,272,"36 St (M,R)",Queens,1095
2024,2024-05-15,272,"36 St (M,R)",Queens,1031
2024,2024-08-15,272,"36 St (M,R)",Queens,1056
2024,2024-11-15,272,"36 St (M,R)",Queens,1204
2020,2020-02-15,273,"Queens Plaza (E,M,R)",Queens,930
2020,2020-05-15,273,"Queens Plaza (E,M,R)",Queens,771
2020,2020-08-15,273,"Queens Plaza (E,M,R)",Queens,937
2020,2020-11-15,273,"Queens Plaza (E,M,R)",Queens,1010
2021,2021-02-15,273,"Queens Plaza (E,M,R)",Queens,975
2021,2021-05-15,273,"Queens Plaza (E,M,R)",Queens,1137
2021,2021-08-15,273,"Queens Plaza (E,M,R)",Queens,1113
2021,2021-11-15,273,"Queens Plaza (E,M,R)",Queens,1179
2022,2022-02-15,273,"Queens Plaza (E,M,R)",Queens,1144
2022,2022-05-15,273,"Queens Plaza (E,M,R)",Queens,1177
2022,2022-08-15,273,"Queens Plaza (E,M,R)",Queens,1134
2022,2022-11-15,273,"Queens Plaza (E,M,R)",Queens,1166
2023,2023-02-15,273,"Queens Plaza (E,M,R)",Queens,1211
2023,2023-05-15,273,"Queens Plaza (E,M,R)",Queens,1208
2023,2023-08-15,273,"Queens Plaza (E,M,R)",Queens,1234
2023,2023-11-15,273,"Queens Plaza (E,M,R)",Queens,1348
2024,2024-02-15,273,"Queens Plaza (E,M,R)",Queens,1310
2024,2024-05-15,273,"Queens Plaza (E,M,R)",Queens,1292
2024,2024-08-15,273,"Queens Plaza (E,M,R)",Queens,1250
2024,2024-11-15,273,"Queens Plaza (E,M,R)",Queens,1416
2020,2020-02-15,276,"5 Av/53 St (E,M)",Manhattan,556
2020,2020-05-15,276,"5 Av/53 St (E,M)",Manhattan,574
2020,2020-08-15,276,"5 Av/53 St (E,M)",Manhattan,857
2020,2020-11-15,276,"5 Av/53 St (E,M)",Manhattan,798
2021,2021-02-15,276,"5 Av/53 St (E,M)",Manhattan,777
2021,2021-05-15,276,"5 Av/53 St (E,M)",Manhattan,987
2021,2021-08-15,276,"5 Av/53 St (E,M)",Manhattan,995
2021,2021-11-15,276,"5 Av/53 St (E,M)",Manhattan,1059
2022,2022-02-15,276,"5 Av/53 St (E,M)",Manhattan,657
2022,2022-05-15,276,"5 Av/53 St (E,M)",Manhattan,800
2022,2022-08-15,276,"5 Av/53 St (E,M)",Manhattan,765
2022,2022-11-15,276,"5 Av/53 St (E,M)",Manhattan,1110
2023,2023-02-15,276,"5 Av/53 St (E,M)",Manhattan,1149
2023,2023-05-15,276,"5 Av/53 St (E,M)",Manhattan,1093
2023,2023-08-15,276,"5 Av/53 St (E,M)",Manhattan,1142
2023,2023-11-15,276,"5 Av/53 St (E,M)",Manhattan,1233
2024,2024-02-15,276,"5 Av/53 St (E,M)",Manhattan,1232
2024,2024-05-15,276,"5 Av/53 St (E,M)",Manhattan,1115
2024,2024-08-15,276,"5 Av/53 St (E,M)",Manhattan,1069
2024,2024-11-15,276,"5 Av/53 St (E,M)",Manhattan,1263
2020,2020-02-15,277,"7 Av (E,B,D)",Manhattan,1187
2020,2020-05-15,277,"7 Av (E,B,D)",Manhattan,867
2020,2020-08-15,277,"7 Av (E,B,D)",Manhattan,904
2020,2020-11-15,277,"7 Av (E,B,D)",Manhattan,855
2021,2021-02-15,277,"7 Av (E,B,D)",Manhattan,931
2021,2021-05-15,277,"7 Av (E,B,D)",Manhattan,1079
2021,2021-08-15,277,"7 Av (E,B,D)",Manhattan,1140
2021,2021-11-15,277,"7 Av (E,B,D)",Manhattan,1197
2022,2022-02-15,277,"7 Av (E,B,D)",Manhattan,1158
2022,2022-05-15,277,"7 Av (E,B,D)",Manhattan,1193
2022,2022-08-15,277,"7 Av (E,B,D)",Manhattan,1168
2022,2022-11-15,277,"7 Av (E,B,D)",Manhattan,1224
2023,2023-02-15,277,"7 Av (E,B,D)",Manhattan,1230
2023,2023-05-15,277,"7 Av (E,B,D)",Manhattan,1256
2023,2023-08-15,277,"7 Av (E,B,D)",Manhattan,1252
2023,2023-11-15,277,"7 Av (E,B,D)",Manhattan,1275
2024,2024-02-15,277,"7 Av (E,B,D)",Manhattan,1275
2024,2024-05-15,277,"7 Av (E,B,D)",Manhattan,1303
2024,2024-08-15,277,"7 Av (E,B,D)",Manhattan,1245
2024,2024-11-15,277,"7 Av (E,B,D)",Manhattan,1444
2020,2020-02-15,278,"Jamaica Center-Parsons/Archer (E,J,Z)",Queens,1098
2020,2020-05-15,278,"Jamaica Center-Parsons/Archer (E,J,Z)",Queens,949
2020,2020-08-15,278,"Jamaica Center-Parsons/Archer (E,J,Z)",Queens,959
2020,2020-11-15,278,"Jamaica Center-Parsons/Archer (E,J,Z)",Queens,1099
2021,2021-02-15,278,"Jamaica Center-Parsons/Archer (E,J,Z)",Queens,1073
2021,2021-05-15,278,"Jamaica Center-Parsons/Archer (E,J,Z)",Queens,1231
2021,2021-08-15,278,"Jamaica Center-Parsons/Archer (E,J,Z)",Queens,1227
2021,2021-11-15,278,"Jamaica Center-Parsons/Archer (E,J,Z)",Queens,1244
2022,2022-02-15,278,"Jamaica Center-Parsons/Archer (E,J,Z)",Queens,1242
2022,2022-05-15,278,"Jamaica Center-Parsons/Archer (E,J,Z)",Queens,1256
2022,2022-08-15,278,"Jamaica Center-Parsons/Archer (E,J,Z)",Queens,1233
2022,2022-11-15,278,"Jamaica Center-Parsons/Archer (E,J,Z)",Queens,1266
2023,2023-02-15,278,"Jamaica Center-Parsons/Archer (E,J,Z)",Queens,1295
2023,2023-05-15,278,"Jamaica Center-Parsons/Archer (E,J,Z)",Queens,1312
2023,2023-08-15,278,"Jamaica Center-Parsons/Archer (E,J,Z)",Queens,1303
2023,2023-11-15,278,"Jamaica Center-Parsons/Archer (E,J,Z)",Queens,1358
2024,2024-02-15,278,"Jamaica Center-Parsons/Archer (E,J,Z)",Queens,1303
2024,2024-05-15,278,"Jamaica Center-Parsons/Archer (E,J,Z)",Queens,1346
2024,2024-08-15,278,"Jamaica Center-Parsons/Archer (E,J,Z)",Queens,1336
2024,2024-11-15,278,"Jamaica Center-Parsons/Archer (E,J,Z)",Queens,1548
2020,2020-02-15,279,"Sutphin Blvd-Archer Av-JFK Airport (E,J,Z)",Queens,1248
2020,2020-05-15,279,"Sutphin Blvd-Archer Av-JFK Airport (E,J,Z)",Queens,1072
2020,2020-08-15,279,"Sutphin Blvd-Archer Av-JFK Airport (E,J,Z)",Queens,1021
2020,2020-11-15,279,"Sutphin Blvd-Archer Av-JFK Airport (E,J,Z)",Queens,1101
2021,2021-02-15,279,"Sutphin Blvd-Archer Av-JFK Airport (E,J,Z)",Queens,1059
2021,2021-05-15,279,"Sutphin Blvd-Archer Av-JFK Airport (E,J,Z)",Queens,1234
2021,2021-08-15,279,"Sutphin Blvd-Archer Av-JFK Airport (E,J,Z)",Queens,1233
2021,2021-11-15,279,"Sutphin Blvd-Archer Av-JFK Airport (E,J,Z)",Queens,1252
2022,2022-02-15,279,"Sutphin Blvd-Archer Av-JFK Airport (E,J,Z)",Queens,1246
2022,2022-05-15,279,"Sutphin Blvd-Archer Av-JFK Airport (E,J,Z)",Queens,1269
2022,2022-08-15,279,"Sutphin Blvd-Archer Av-JFK Airport (E,J,Z)",Queens,1237
2022,2022-11-15,279,"Sutphin Blvd-Archer Av-JFK Airport (E,J,Z)",Queens,1252
2023,2023-02-15,279,"Sutphin Blvd-Archer Av-JFK Airport (E,J,Z)",Queens,1295
2023,2023-05-15,279,"Sutphin Blvd-Archer Av-JFK Airport (E,J,Z)",Queens,1335
2023,2023-08-15,279,"Sutphin Blvd-Archer Av-JFK Airport (E,J,Z)",Queens,1322
2023,2023-11-15,279,"Sutphin Blvd-Archer Av-JFK Airport (E,J,Z)",Queens,1374
2024,2024-02-15,279,"Sutphin Blvd-Archer Av-JFK Airport (E,J,Z)",Queens,1331
2024,2024-05-15,279,"Sutphin Blvd-Archer Av-JFK Airport (E,J,Z)",Queens,1504
2024,2024-08-15,279,"Sutphin Blvd-Archer Av-JFK Airport (E,J,Z)",Queens,1490
2024,2024-11-15,279,"Sutphin Blvd-Archer Av-JFK Airport (E,J,Z)",Queens,1596
2020,2020-02-15,28,Union St (R),Brooklyn,968
2020,2020-05-15,28,Union St (R),Brooklyn,640
2020,2020-08-15,28,Union St (R),Brooklyn,745
2020,2020-11-15,28,Union St (R),Brooklyn,952
2021,2021-02-15,28,Union St (R),Brooklyn,926
2021,2021-05-15,28,Union St (R),Brooklyn,1059
2021,2021-08-15,28,Union St (R),Brooklyn,1064
2021,2021-11-15,28,Union St (R),Brooklyn,1134
2022,2022-02-15,28,Union St (R),Brooklyn,1092
2022,2022-05-15,28,Union St (R),Brooklyn,1118
2022,2022-08-15,28,Union St (R),Brooklyn,1085
2022,2022-11-15,28,Union St (R),Brooklyn,1143
2023,2023-02-15,28,Union St (R),Brooklyn,1142
2023,2023-05-15,28,Union St (R),Brooklyn,1183
2023,2023-08-15,28,Union St (R),Brooklyn,1155
2023,2023-11-15,28,Union St (R),Brooklyn,1207
2024,2024-02-15,28,Union St (R),Brooklyn,1200
2024,2024-05-15,28,Union St (R),Brooklyn,1221
2024,2024-08-15,28,Union St (R),Brooklyn,1192
2024,2024-11-15,28,Union St (R),Brooklyn,1344
2020,2020-02-15,280,Jamaica-Van Wyck (E),Queens,967
2020,2020-05-15,280,Jamaica-Van Wyck (E),Queens,752
2020,2020-08-15,280,Jamaica-Van Wyck (E),Queens,880
2020,2020-11-15,280,Jamaica-Van Wyck (E),Queens,992
2021,2021-02-15,280,Jamaica-Van Wyck (E),Queens,947
2021,2021-05-15,280,Jamaica-Van Wyck (E),Queens,1032
2021,2021-08-15,280,Jamaica-Van Wyck (E),Queens,1071
2021,2021-11-15,280,Jamaica-Van Wyck (E),Queens,1108
2022,2022-02-15,280,Jamaica-Van Wyck (E),Queens,1135
2022,2022-05-15,280,Jamaica-Van Wyck (E),Queens,1105
2022,2022-08-15,280,Jamaica-Van Wyck (E),Queens,1115
2022,2022-11-15,280,Jamaica-Van Wyck (E),Queens,816
2023,2023-02-15,280,Jamaica-Van Wyck (E),Queens,1126
2023,2023-05-15,280,Jamaica-Van Wyck (E),Queens,1142
2023,2023-08-15,280,Jamaica-Van Wyck (E),Queens,1160
2023,2023-11-15,280,Jamaica-Van Wyck (E),Queens,1156
2024,2024-02-15,280,Jamaica-Van Wyck (E),Queens,676
2024,2024-05-15,280,Jamaica-Van Wyck (E),Queens,1221
2024,2024-08-15,280,Jamaica-Van Wyck (E),Queens,1183
2024,2024-11-15,280,Jamaica-Van Wyck (E),Queens,1309
2020,2020-02-15,282,21 St (G),Queens,796
2020,2020-05-15,282,21 St (G),Queens,489
2020,2020-08-15,282,21 St (G),Queens,596
2020,2020-11-15,282,21 St (G),Queens,742
2021,2021-02-15,282,21 St (G),Queens,756
2021,2021-05-15,282,21 St (G),Queens,888
2021,2021-08-15,282,21 St (G),Queens,839
2021,2021-11-15,282,21 St (G),Queens,968
2022,2022-02-15,282,21 St (G),Queens,911
2022,2022-05-15,282,21 St (G),Queens,760
2022,2022-08-15,282,21 St (G),Queens,872
2022,2022-11-15,282,21 St (G),Queens,988
2023,2023-02-15,282,21 St (G),Queens,937
2023,2023-05-15,282,21 St (G),Queens,716
2023,2023-08-15,282,21 St (G),Queens,930
2023,2023-11-15,282,21 St (G),Queens,1022
2024,2024-02-15,282,21 St (G),Queens,934
2024,2024-05-15,282,21 St (G),Queens,967
2024,2024-08-15,282,21 St (G),Queens,791
2024,2024-11-15,282,21 St (G),Queens,961
2020,2020-02-15,283,Greenpoint Av (G),Brooklyn,997
2020,2020-05-15,283,Greenpoint Av (G),Brooklyn,787
2020,2020-08-15,283,Greenpoint Av (G),Brooklyn,803
2020,2020-11-15,283,Greenpoint Av (G),Brooklyn,1007
2021,2021-02-15,283,Greenpoint Av (G),Brooklyn,974
2021,2021-05-15,283,Greenpoint Av (G),Brooklyn,1106
2021,2021-08-15,283,Greenpoint Av (G),Brooklyn,1097
2021,2021-11-15,283,Greenpoint Av (G),Brooklyn,1157
2022,2022-02-15,283,Greenpoint Av (G),Brooklyn,1127
2022,2022-05-15,283,Greenpoint Av (G),Brooklyn,920
2022,2022-08-15,283,Greenpoint Av (G),Brooklyn,1094
2022,2022-11-15,283,Greenpoint Av (G),Brooklyn,1174
2023,2023-02-15,283,Greenpoint Av (G),Brooklyn,1168
2023,2023-05-15,283,Greenpoint Av (G),Brooklyn,879
2023,2023-08-15,283,Greenpoint Av (G),Brooklyn,1183
2023,2023-11-15,283,Greenpoint Av (G),Brooklyn,1238
2024,2024-02-15,283,Greenpoint Av (G),Brooklyn,1215
2024,2024-05-15,283,Greenpoint Av (G),Brooklyn,1265
2024,2024-08-15,283,Greenpoint Av (G),Brooklyn,1210
2024,2024-11-15,283,Greenpoint Av (G),Brooklyn,1320
2020,2020-02-15,284,Nassau Av (G),Brooklyn,980
2020,2020-05-15,284,Nassau Av (G),Brooklyn,692
2020,2020-08-15,284,Nassau Av (G),Brooklyn,788
2020,2020-11-15,284,Nassau Av (G),Brooklyn,995
2021,2021-02-15,284,Nassau Av (G),Brooklyn,970
2021,2021-05-15,284,Nassau Av (G),Brooklyn,1101
2021,2021-08-15,284,Nassau Av (G),Brooklyn,1081
2021,2021-11-15,284,Nassau Av (G),Brooklyn,1136
2022,2022-02-15,284,Nassau Av (G),Brooklyn,1148
2022,2022-05-15,284,Nassau Av (G),Brooklyn,879
2022,2022-08-15,284,Nassau Av (G),Brooklyn,1130
2022,2022-11-15,284,Nassau Av (G),Brooklyn,1157
2023,2023-02-15,284,Nassau Av (G),Brooklyn,1169
2023,2023-05-15,284,Nassau Av (G),Brooklyn,860
2023,2023-08-15,284,Nassau Av (G),Brooklyn,1182
2023,2023-11-15,284,Nassau Av (G),Brooklyn,1205
2024,2024-02-15,284,Nassau Av (G),Brooklyn,1217
2024,2024-05-15,284,Nassau Av (G),Brooklyn,1219
2024,2024-08-15,284,Nassau Av (G),Brooklyn,1199
2024,2024-11-15,284,Nassau Av (G),Brooklyn,1314
2020,2020-02-15,286,Broadway (G),Brooklyn,1007
2020,2020-05-15,286,Broadway (G),Brooklyn,736
2020,2020-08-15,286,Broadway (G),Brooklyn,775
2020,2020-11-15,286,Broadway (G),Brooklyn,987
2021,2021-02-15,286,Broadway (G),Brooklyn,944
2021,2021-05-15,286,Broadway (G),Brooklyn,1085
2021,2021-08-15,286,Broadway (G),Brooklyn,1090
2021,2021-11-15,286,Broadway (G),Brooklyn,1120
2022,2022-02-15,286,Broadway (G),Brooklyn,1114
2022,2022-05-15,286,Broadway (G),Brooklyn,876
2022,2022-08-15,286,Broadway (G),Brooklyn,1092
2022,2022-11-15,286,Broadway (G),Brooklyn,1136
2023,2023-02-15,286,Broadway (G),Brooklyn,1143
2023,2023-05-15,286,Broadway (G),Brooklyn,831
2023,2023-08-15,286,Broadway (G),Brooklyn,1119
2023,2023-11-15,286,Broadway (G),Brooklyn,1176
2024,2024-02-15,286,Broadway (G),Brooklyn,1143
2024,2024-05-15,286,Broadway (G),Brooklyn,1160
2024,2024-08-15,286,Broadway (G),Brooklyn,1084
2024,2024-11-15,286,Broadway (G),Brooklyn,1247
2020,2020-02-15,287,Flushing Av (G),Brooklyn,915
2020,2020-05-15,287,Flushing Av (G),Brooklyn,688
2020,2020-08-15,287,Flushing Av (G),Brooklyn,718
2020,2020-11-15,287,Flushing Av (G),Brooklyn,932
2021,2021-02-15,287,Flushing Av (G),Brooklyn,872
2021,2021-05-15,287,Flushing Av (G),Brooklyn,989
2021,2021-08-15,287,Flushing Av (G),Brooklyn,974
2021,2021-11-15,287,Flushing Av (G),Brooklyn,1019
2022,2022-02-15,287,Flushing Av (G),Brooklyn,1023
2022,2022-05-15,287,Flushing Av (G),Brooklyn,830
2022,2022-08-15,287,Flushing Av (G),Brooklyn,1049
2022,2022-11-15,287,Flushing Av (G),Brooklyn,1083
2023,2023-02-15,287,Flushing Av (G),Brooklyn,1073
2023,2023-05-15,287,Flushing Av (G),Brooklyn,798
2023,2023-08-15,287,Flushing Av (G),Brooklyn,1054
2023,2023-11-15,287,Flushing Av (G),Brooklyn,1081
2024,2024-02-15,287,Flushing Av (G),Brooklyn,1071
2024,2024-05-15,287,Flushing Av (G),Brooklyn,1102
2024,2024-08-15,287,Flushing Av (G),Brooklyn,920
2024,2024-11-15,287,Flushing Av (G),Brooklyn,1163
2020,2020-02-15,288,Myrtle-Willoughby Avs (G),Brooklyn,985
2020,2020-05-15,288,Myrtle-Willoughby Avs (G),Brooklyn,775
2020,2020-08-15,288,Myrtle-Willoughby Avs (G),Brooklyn,765
2020,2020-11-15,288,Myrtle-Willoughby Avs (G),Brooklyn,996
2021,2021-02-15,288,Myrtle-Willoughby Avs (G),Brooklyn,919
2021,2021-05-15,288,Myrtle-Willoughby Avs (G),Brooklyn,1049
2021,2021-08-15,288,Myrtle-Willoughby Avs (G),Brooklyn,1059
2021,2021-11-15,288,Myrtle-Willoughby Avs (G),Brooklyn,1102
2022,2022-02-15,288,Myrtle-Willoughby Avs (G),Brooklyn,1095
2022,2022-05-15,288,Myrtle-Willoughby Avs (G),Brooklyn,860
2022,2022-08-15,288,Myrtle-Willoughby Avs (G),Brooklyn,1098
2022,2022-11-15,288,Myrtle-Willoughby Avs (G),Brooklyn,1105
2023,2023-02-15,288,Myrtle-Willoughby Avs (G),Brooklyn,1103
2023,2023-05-15,288,Myrtle-Willoughby Avs (G),Brooklyn,814
2023,2023-08-15,288,Myrtle-Willoughby Avs (G),Brooklyn,1101
2023,2023-11-15,288,Myrtle-Willoughby Avs (G),Brooklyn,1143
2024,2024-02-15,288,Myrtle-Willoughby Avs (G),Brooklyn,1113
2024,2024-05-15,288,Myrtle-Willoughby Avs (G),Brooklyn,1151
2024,2024-08-15,288,Myrtle-Willoughby Avs (G),Brooklyn,1033
2024,2024-11-15,288,Myrtle-Willoughby Avs (G),Brooklyn,1237
2020,2020-02-15,289,Bedford-Nostrand Avs (G),Brooklyn,1006
2020,2020-05-15,289,Bedford-Nostrand Avs (G),Brooklyn,804
2020,2020-08-15,289,Bedford-Nostrand Avs (G),Brooklyn,798
2020,2020-11-15,289,Bedford-Nostrand Avs (G),Brooklyn,1008
2021,2021-02-15,289,Bedford-Nostrand Avs (G),Brooklyn,985
2021,2021-05-15,289,Bedford-Nostrand Avs (G),Brooklyn,1113
2021,2021-08-15,289,Bedford-Nostrand Avs (G),Brooklyn,1124
2021,2021-11-15,289,Bedford-Nostrand Avs (G),Brooklyn,1170
2022,2022-02-15,289,Bedford-Nostrand Avs (G),Brooklyn,1134
2022,2022-05-15,289,Bedford-Nostrand Avs (G),Brooklyn,1174
2022,2022-08-15,289,Bedford-Nostrand Avs (G),Brooklyn,1126
2022,2022-11-15,289,Bedford-Nostrand Avs (G),Brooklyn,1181
2023,2023-02-15,289,Bedford-Nostrand Avs (G),Brooklyn,1143
2023,2023-05-15,289,Bedford-Nostrand Avs (G),Brooklyn,1190
2023,2023-08-15,289,Bedford-Nostrand Avs (G),Brooklyn,1162
2023,2023-11-15,289,Bedford-Nostrand Avs (G),Brooklyn,1191
2024,2024-02-15,289,Bedford-Nostrand Avs (G),Brooklyn,1193
2024,2024-05-15,289,Bedford-Nostrand Avs (G),Brooklyn,1211
2024,2024-08-15,289,Bedford-Nostrand Avs (G),Brooklyn,1207
2024,2024-11-15,289,Bedford-Nostrand Avs (G),Brooklyn,1350
2020,2020-02-15,290,Classon Av (G),Brooklyn,959
2020,2020-05-15,290,Classon Av (G),Brooklyn,709
2020,2020-08-15,290,Classon Av (G),Brooklyn,749
2020,2020-11-15,290,Classon Av (G),Brooklyn,980
2021,2021-02-15,290,Classon Av (G),Brooklyn,788
2021,2021-05-15,290,Classon Av (G),Brooklyn,1045
2021,2021-08-15,290,Classon Av (G),Brooklyn,1005
2021,2021-11-15,290,Classon Av (G),Brooklyn,803
2022,2022-02-15,290,Classon Av (G),Brooklyn,1088
2022,2022-05-15,290,Classon Av (G),Brooklyn,1103
2022,2022-08-15,290,Classon Av (G),Brooklyn,1076
2022,2022-11-15,290,Classon Av (G),Brooklyn,1120
2023,2023-02-15,290,Classon Av (G),Brooklyn,1116
2023,2023-05-15,290,Classon Av (G),Brooklyn,1140
2023,2023-08-15,290,Classon Av (G),Brooklyn,1115
2023,2023-11-15,290,Classon Av (G),Brooklyn,1177
2024,2024-02-15,290,Classon Av (G),Brooklyn,1051
2024,2024-05-15,290,Classon Av (G),Brooklyn,1114
2024,2024-08-15,290,Classon Av (G),Brooklyn,11
2024,2024-11-15,290,Classon Av (G),Brooklyn,1199
2020,2020-02-15,291,Clinton-Washington Avs (G),Brooklyn,915
2020,2020-05-15,291,Clinton-Washington Avs (G),Brooklyn,571
2020,2020-08-15,291,Clinton-Washington Avs (G),Brooklyn,675
2020,2020-11-15,291,Clinton-Washington Avs (G),Brooklyn,895
2021,2021-02-15,291,Clinton-Washington Avs (G),Brooklyn,742
2021,2021-05-15,291,Clinton-Washington Avs (G),Brooklyn,994
2021,2021-08-15,291,Clinton-Washington Avs (G),Brooklyn,955
2021,2021-11-15,291,Clinton-Washington Avs (G),Brooklyn,760
2022,2022-02-15,291,Clinton-Washington Avs (G),Brooklyn,1005
2022,2022-05-15,291,Clinton-Washington Avs (G),Brooklyn,1042
2022,2022-08-15,291,Clinton-Washington Avs (G),Brooklyn,977
2022,2022-11-15,291,Clinton-Washington Avs (G),Brooklyn,1080
2023,2023-02-15,291,Clinton-Washington Avs (G),Brooklyn,1070
2023,2023-05-15,291,Clinton-Washington Avs (G),Brooklyn,1071
2023,2023-08-15,291,Clinton-Washington Avs (G),Brooklyn,1045
2023,2023-11-15,291,Clinton-Washington Avs (G),Brooklyn,1137
2024,2024-02-15,291,Clinton-Washington Avs (G),Brooklyn,1069
2024,2024-05-15,291,Clinton-Washington Avs (G),Brooklyn,1087
2024,2024-08-15,291,Clinton-Washington Avs (G),Brooklyn,54
2024,2024-11-15,291,Clinton-Washington Avs (G),Brooklyn,1194
2020,2020-02-15,292,Fulton St (G),Brooklyn,985
2020,2020-05-15,292,Fulton St (G),Brooklyn,713
2020,2020-08-15,292,Fulton St (G),Brooklyn,750
2020,2020-11-15,292,Fulton St (G),Brooklyn,972
2021,2021-02-15,292,Fulton St (G),Brooklyn,798
2021,2021-05-15,292,Fulton St (G),Brooklyn,1036
2021,2021-08-15,292,Fulton St (G),Brooklyn,1034
2021,2021-11-15,292,Fulton St (G),Brooklyn,822
2022,2022-02-15,292,Fulton St (G),Brooklyn,1093
2022,2022-05-15,292,Fulton St (G),Brooklyn,1107
2022,2022-08-15,292,Fulton St (G),Brooklyn,1088
2022,2022-11-15,292,Fulton St (G),Brooklyn,1124
2023,2023-02-15,292,Fulton St (G),Brooklyn,1144
2023,2023-05-15,292,Fulton St (G),Brooklyn,1123
2023,2023-08-15,292,Fulton St (G),Brooklyn,1120
2023,2023-11-15,292,Fulton St (G),Brooklyn,1186
2024,2024-02-15,292,Fulton St (G),Brooklyn,1069
2024,2024-05-15,292,Fulton St (G),Brooklyn,1128
2024,2024-08-15,292,Fulton St (G),Brooklyn,14
2024,2024-11-15,292,Fulton St (G),Brooklyn,1261
2020,2020-02-15,293,Van Cortlandt Park-242 St (1),Bronx,1087
2020,2020-05-15,293,Van Cortlandt Park-242 St (1),Bronx,882
2020,2020-08-15,293,Van Cortlandt Park-242 St (1),Bronx,945
2020,2020-11-15,293,Van Cortlandt Park-242 St (1),Bronx,1015
2021,2021-02-15,293,Van Cortlandt Park-242 St (1),Bronx,914
2021,2021-05-15,293,Van Cortlandt Park-242 St (1),Bronx,1078
2021,2021-08-15,293,Van Cortlandt Park-242 St (1),Bronx,1050
2021,2021-11-15,293,Van Cortlandt Park-242 St (1),Bronx,1133
2022,2022-02-15,293,Van Cortlandt Park-242 St (1),Bronx,1125
2022,2022-05-15,293,Van Cortlandt Park-242 St (1),Bronx,1138
2022,2022-08-15,293,Van Cortlandt Park-242 St (1),Bronx,830
2022,2022-11-15,293,Van Cortlandt Park-242 St (1),Bronx,1154
2023,2023-02-15,293,Van Cortlandt Park-242 St (1),Bronx,1176
2023,2023-05-15,293,Van Cortlandt Park-242 St (1),Bronx,1025
2023,2023-08-15,293,Van Cortlandt Park-242 St (1),Bronx,1172
2023,2023-11-15,293,Van Cortlandt Park-242 St (1),Bronx,1193
2024,2024-02-15,293,Van Cortlandt Park-242 St (1),Bronx,1149
2024,2024-05-15,293,Van Cortlandt Park-242 St (1),Bronx,1006
2024,2024-08-15,293,Van Cortlandt Park-242 St (1),Bronx,1173
2024,2024-11-15,293,Van Cortlandt Park-242 St (1),Bronx,1319
2020,2020-02-15,294,238 St (1),Bronx,1066
2020,2020-05-15,294,238 St (1),Bronx,882
2020,2020-08-15,294,238 St (1),Bronx,882
2020,2020-11-15,294,238 St (1),Bronx,990
2021,2021-02-15,294,238 St (1),Bronx,913
2021,2021-05-15,294,238 St (1),Bronx,1065
2021,2021-08-15,294,238 St (1),Bronx,1076
2021,2021-11-15,294,238 St (1),Bronx,1104
2022,2022-02-15,294,238 St (1),Bronx,1107
2022,2022-05-15,294,238 St (1),Bronx,1122
2022,2022-08-15,294,238 St (1),Bronx,813
2022,2022-11-15,294,238 St (1),Bronx,1097
2023,2023-02-15,294,238 St (1),Bronx,1128
2023,2023-05-15,294,238 St (1),Bronx,1005
2023,2023-08-15,294,238 St (1),Bronx,1122
2023,2023-11-15,294,238 St (1),Bronx,1140
2024,2024-02-15,294,238 St (1),Bronx,1078
2024,2024-05-15,294,238 St (1),Bronx,1170
2024,2024-08-15,294,238 St (1),Bronx,1136
2024,2024-11-15,294,238 St (1),Bronx,1278
2020,2020-02-15,295,231 St (1),Bronx,1136
2020,2020-05-15,295,231 St (1),Bronx,1008
2020,2020-08-15,295,231 St (1),Bronx,966
2020,2020-11-15,295,231 St (1),Bronx,1058
2021,2021-02-15,295,231 St (1),Bronx,978
2021,2021-05-15,295,231 St (1),Bronx,1129
2021,2021-08-15,295,231 St (1),Bronx,1139
2021,2021-11-15,295,231 St (1),Bronx,1170
2022,2022-02-15,295,231 St (1),Bronx,1162
2022,2022-05-15,295,231 St (1),Bronx,1187
2022,2022-08-15,295,231 St (1),Bronx,863
2022,2022-11-15,295,231 St (1),Bronx,1191
2023,2023-02-15,295,231 St (1),Bronx,1211
2023,2023-05-15,295,231 St (1),Bronx,1074
2023,2023-08-15,295,231 St (1),Bronx,1233
2023,2023-11-15,295,231 St (1),Bronx,1280
2024,2024-02-15,295,231 St (1),Bronx,1223
2024,2024-05-15,295,231 St (1),Bronx,1290
2024,2024-08-15,295,231 St (1),Bronx,1235
2024,2024-11-15,295,231 St (1),Bronx,1417
2020,2020-02-15,296,Marble Hill-225 St (1),Manhattan,1061
2020,2020-05-15,296,Marble Hill-225 St (1),Manhattan,945
2020,2020-08-15,296,Marble Hill-225 St (1),Manhattan,939
2020,2020-11-15,296,Marble Hill-225 St (1),Manhattan,1014
2021,2021-02-15,296,Marble Hill-225 St (1),Manhattan,880
2021,2021-05-15,296,Marble Hill-225 St (1),Manhattan,1080
2021,2021-08-15,296,Marble Hill-225 St (1),Manhattan,1080
2021,2021-11-15,296,Marble Hill-225 St (1),Manhattan,1113
2022,2022-02-15,296,Marble Hill-225 St (1),Manhattan,1112
2022,2022-05-15,296,Marble Hill-225 St (1),Manhattan,1147
2022,2022-08-15,296,Marble Hill-225 St (1),Manhattan,845
2022,2022-11-15,296,Marble Hill-225 St (1),Manhattan,1098
2023,2023-02-15,296,Marble Hill-225 St (1),Manhattan,1150
2023,2023-05-15,296,Marble Hill-225 St (1),Manhattan,1021
2023,2023-08-15,296,Marble Hill-225 St (1),Manhattan,1146
2023,2023-11-15,296,Marble Hill-225 St (1),Manhattan,1193
2024,2024-02-15,296,Marble Hill-225 St (1),Manhattan,1112
2024,2024-05-15,296,Marble Hill-225 St (1),Manhattan,1203
2024,2024-08-15,296,Marble Hill-225 St (1),Manhattan,1157
2024,2024-11-15,296,Marble Hill-225 St (1),Manhattan,1353
2020,2020-02-15,297,215 St (1),Manhattan,970
2020,2020-05-15,297,215 St (1),Manhattan,623
2020,2020-08-15,297,215 St (1),Manhattan,771
2020,2020-11-15,297,215 St (1),Manhattan,821
2021,2021-02-15,297,215 St (1),Manhattan,736
2021,2021-05-15,297,215 St (1),Manhattan,911
2021,2021-08-15,297,215 St (1),Manhattan,925
2021,2021-11-15,297,215 St (1),Manhattan,1016
2022,2022-02-15,297,215 St (1),Manhattan,996
2022,2022-05-15,297,215 St (1),Manhattan,1042
2022,2022-08-15,297,215 St (1),Manhattan,740
2022,2022-11-15,297,215 St (1),Manhattan,1072
2023,2023-02-15,297,215 St (1),Manhattan,1043
2023,2023-05-15,297,215 St (1),Manhattan,903
2023,2023-08-15,297,215 St (1),Manhattan,1014
2023,2023-11-15,297,215 St (1),Manhattan,1094
2024,2024-02-15,297,215 St (1),Manhattan,1021
2024,2024-05-15,297,215 St (1),Manhattan,1101
2024,2024-08-15,297,215 St (1),Manhattan,1029
2024,2024-11-15,297,215 St (1),Manhattan,1199
2020,2020-02-15,298,207 St (1),Manhattan,1067
2020,2020-05-15,298,207 St (1),Manhattan,1009
2020,2020-08-15,298,207 St (1),Manhattan,972
2020,2020-11-15,298,207 St (1),Manhattan,1042
2021,2021-02-15,298,207 St (1),Manhattan,928
2021,2021-05-15,298,207 St (1),Manhattan,1119
2021,2021-08-15,298,207 St (1),Manhattan,1135
2021,2021-11-15,298,207 St (1),Manhattan,1160
2022,2022-02-15,298,207 St (1),Manhattan,1169
2022,2022-05-15,298,207 St (1),Manhattan,1186
2022,2022-08-15,298,207 St (1),Manhattan,892
2022,2022-11-15,298,207 St (1),Manhattan,1200
2023,2023-02-15,298,207 St (1),Manhattan,1204
2023,2023-05-15,298,207 St (1),Manhattan,1059
2023,2023-08-15,298,207 St (1),Manhattan,1187
2023,2023-11-15,298,207 St (1),Manhattan,1223
2024,2024-02-15,298,207 St (1),Manhattan,1106
2024,2024-05-15,298,207 St (1),Manhattan,1220
2024,2024-08-15,298,207 St (1),Manhattan,1192
2024,2024-11-15,298,207 St (1),Manhattan,1414
2020,2020-02-15,299,Dyckman St (1),Manhattan,770
2020,2020-05-15,299,Dyckman St (1),Manhattan,1022
2020,2020-08-15,299,Dyckman St (1),Manhattan,978
2020,2020-11-15,299,Dyckman St (1),Manhattan,1063
2021,2021-02-15,299,Dyckman St (1),Manhattan,917
2021,2021-05-15,299,Dyckman St (1),Manhattan,1131
2021,2021-08-15,299,Dyckman St (1),Manhattan,1156
2021,2021-11-15,299,Dyckman St (1),Manhattan,1185
2022,2022-02-15,299,Dyckman St (1),Manhattan,1179
2022,2022-05-15,299,Dyckman St (1),Manhattan,1193
2022,2022-08-15,299,Dyckman St (1),Manhattan,877
2022,2022-11-15,299,Dyckman St (1),Manhattan,1194
2023,2023-02-15,299,Dyckman St (1),Manhattan,1220
2023,2023-05-15,299,Dyckman St (1),Manhattan,1048
2023,2023-08-15,299,Dyckman St (1),Manhattan,1202
2023,2023-11-15,299,Dyckman St (1),Manhattan,1228
2024,2024-02-15,299,Dyckman St (1),Manhattan,1083
2024,2024-05-15,299,Dyckman St (1),Manhattan,1221
2024,2024-08-15,299,Dyckman St (1),Manhattan,1206
2024,2024-11-15,299,Dyckman St (1),Manhattan,1420
2020,2020-02-15,3,"30 Av (N,W)",Queens,1037
2020,2020-05-15,3,"30 Av (N,W)",Queens,812
2020,2020-08-15,3,"30 Av (N,W)",Queens,956
2020,2020-11-15,3,"30 Av (N,W)",Queens,1044
2021,2021-02-15,3,"30 Av (N,W)",Queens,1014
2021,2021-05-15,3,"30 Av (N,W)",Queens,1125
2021,2021-08-15,3,"30 Av (N,W)",Queens,1163
2021,2021-11-15,3,"30 Av (N,W)",Queens,1172
2022,2022-02-15,3,"30 Av (N,W)",Queens,1166
2022,2022-05-15,3,"30 Av (N,W)",Queens,1192
2022,2022-08-15,3,"30 Av (N,W)",Queens,1137
2022,2022-11-15,3,"30 Av (N,W)",Queens,1202
2023,2023-02-15,3,"30 Av (N,W)",Queens,1201
2023,2023-05-15,3,"30 Av (N,W)",Queens,1259
2023,2023-08-15,3,"30 Av (N,W)",Queens,1206
2023,2023-11-15,3,"30 Av (N,W)",Queens,1241
2024,2024-02-15,3,"30 Av (N,W)",Queens,1245
2024,2024-05-15,3,"30 Av (N,W)",Queens,1262
2024,2024-08-15,3,"30 Av (N,W)",Queens,1271
2024,2024-11-15,3,"30 Av (N,W)",Queens,1410
2020,2020-02-15,30,Prospect Av (R),Brooklyn,967
2020,2020-05-15,30,Prospect Av (R),Brooklyn,712
2020,2020-08-15,30,Prospect Av (R),Brooklyn,753
2020,2020-11-15,30,Prospect Av (R),Brooklyn,963
2021,2021-02-15,30,Prospect Av (R),Brooklyn,930
2021,2021-05-15,30,Prospect Av (R),Brooklyn,1041
2021,2021-08-15,30,Prospect Av (R),Brooklyn,1054
2021,2021-11-15,30,Prospect Av (R),Brooklyn,1115
2022,2022-02-15,30,Prospect Av (R),Brooklyn,1077
2022,2022-05-15,30,Prospect Av (R),Brooklyn,1106
2022,2022-08-15,30,Prospect Av (R),Brooklyn,1073
2022,2022-11-15,30,Prospect Av (R),Brooklyn,1140
2023,2023-02-15,30,Prospect Av (R),Brooklyn,1136
2023,2023-05-15,30,Prospect Av (R),Brooklyn,1161
2023,2023-08-15,30,Prospect Av (R),Brooklyn,1137
2023,2023-11-15,30,Prospect Av (R),Brooklyn,1171
2024,2024-02-15,30,Prospect Av (R),Brooklyn,1148
2024,2024-05-15,30,Prospect Av (R),Brooklyn,1167
2024,2024-08-15,30,Prospect Av (R),Brooklyn,1132
2024,2024-11-15,30,Prospect Av (R),Brooklyn,1319
2020,2020-02-15,300,191 St (1),Manhattan,518
2020,2020-05-15,300,191 St (1),Manhattan,664
2020,2020-08-15,300,191 St (1),Manhattan,738
2020,2020-11-15,300,191 St (1),Manhattan,884
2021,2021-02-15,300,191 St (1),Manhattan,584
2021,2021-05-15,300,191 St (1),Manhattan,1127
2021,2021-08-15,300,191 St (1),Manhattan,1161
2021,2021-11-15,300,191 St (1),Manhattan,1212
2022,2022-02-15,300,191 St (1),Manhattan,1183
2022,2022-05-15,300,191 St (1),Manhattan,1204
2022,2022-08-15,300,191 St (1),Manhattan,882
2022,2022-11-15,300,191 St (1),Manhattan,1224
2023,2023-02-15,300,191 St (1),Manhattan,1216
2023,2023-05-15,300,191 St (1),Manhattan,1071
2023,2023-08-15,300,191 St (1),Manhattan,1229
2023,2023-11-15,300,191 St (1),Manhattan,1248
2024,2024-02-15,300,191 St (1),Manhattan,725
2024,2024-05-15,300,191 St (1),Manhattan,1222
2024,2024-08-15,300,191 St (1),Manhattan,1218
2024,2024-11-15,300,191 St (1),Manhattan,1422
2020,2020-02-15,301,181 St (1),Manhattan,609
2020,2020-05-15,301,181 St (1),Manhattan,1055
2020,2020-08-15,301,181 St (1),Manhattan,988
2020,2020-11-15,301,181 St (1),Manhattan,1079
2021,2021-05-15,301,181 St (1),Manhattan,1
2021,2021-08-15,301,181 St (1),Manhattan,1
2021,2021-11-15,301,181 St (1),Manhattan,8
2022,2022-02-15,301,181 St (1),Manhattan,1196
2022,2022-05-15,301,181 St (1),Manhattan,1192
2022,2022-08-15,301,181 St (1),Manhattan,900
2022,2022-11-15,301,181 St (1),Manhattan,1225
2023,2023-02-15,301,181 St (1),Manhattan,1232
2023,2023-05-15,301,181 St (1),Manhattan,1086
2023,2023-08-15,301,181 St (1),Manhattan,1230
2023,2023-11-15,301,181 St (1),Manhattan,1244
2024,2024-02-15,301,181 St (1),Manhattan,754
2024,2024-05-15,301,181 St (1),Manhattan,1234
2024,2024-08-15,301,181 St (1),Manhattan,1248
2024,2024-11-15,301,181 St (1),Manhattan,1486
2020,2020-02-15,303,157 St (1),Manhattan,617
2020,2020-05-15,303,157 St (1),Manhattan,1009
2020,2020-08-15,303,157 St (1),Manhattan,977
2020,2020-11-15,303,157 St (1),Manhattan,1047
2021,2021-02-15,303,157 St (1),Manhattan,589
2021,2021-05-15,303,157 St (1),Manhattan,1121
2021,2021-08-15,303,157 St (1),Manhattan,1147
2021,2021-11-15,303,157 St (1),Manhattan,1189
2022,2022-02-15,303,157 St (1),Manhattan,1170
2022,2022-05-15,303,157 St (1),Manhattan,1205
2022,2022-08-15,303,157 St (1),Manhattan,885
2022,2022-11-15,303,157 St (1),Manhattan,1242
2023,2023-02-15,303,157 St (1),Manhattan,1247
2023,2023-05-15,303,157 St (1),Manhattan,1282
2023,2023-08-15,303,157 St (1),Manhattan,1251
2023,2023-11-15,303,157 St (1),Manhattan,1296
2024,2024-02-15,303,157 St (1),Manhattan,778
2024,2024-05-15,303,157 St (1),Manhattan,1280
2024,2024-08-15,303,157 St (1),Manhattan,1291
2024,2024-11-15,303,157 St (1),Manhattan,1501
2020,2020-02-15,304,145 St (1),Manhattan,611
2020,2020-05-15,304,145 St (1),Manhattan,1005
2020,2020-08-15,304,145 St (1),Manhattan,967
2020,2020-11-15,304,145 St (1),Manhattan,1052
2021,2021-02-15,304,145 St (1),Manhattan,618
2021,2021-05-15,304,145 St (1),Manhattan,1131
2021,2021-08-15,304,145 St (1),Manhattan,1169
2021,2021-11-15,304,145 St (1),Manhattan,1200
2022,2022-02-15,304,145 St (1),Manhattan,1193
2022,2022-05-15,304,145 St (1),Manhattan,1198
2022,2022-08-15,304,145 St (1),Manhattan,888
2022,2022-11-15,304,145 St (1),Manhattan,1199
2023,2023-02-15,304,145 St (1),Manhattan,1217
2023,2023-05-15,304,145 St (1),Manhattan,1238
2023,2023-08-15,304,145 St (1),Manhattan,1219
2023,2023-11-15,304,145 St (1),Manhattan,1250
2024,2024-02-15,304,145 St (1),Manhattan,733
2024,2024-05-15,304,145 St (1),Manhattan,1252
2024,2024-08-15,304,145 St (1),Manhattan,1271
2024,2024-11-15,304,145 St (1),Manhattan,1480
2020,2020-02-15,305,137 St-City College (1),Manhattan,1223
2020,2020-05-15,305,137 St-City College (1),Manhattan,992
2020,2020-08-15,305,137 St-City College (1),Manhattan,984
2020,2020-11-15,305,137 St-City College (1),Manhattan,1058
2021,2021-02-15,305,137 St-City College (1),Manhattan,1068
2021,2021-05-15,305,137 St-City College (1),Manhattan,1155
2021,2021-08-15,305,137 St-City College (1),Manhattan,1175
2021,2021-11-15,305,137 St-City College (1),Manhattan,1206
2022,2022-02-15,305,137 St-City College (1),Manhattan,1194
2022,2022-05-15,305,137 St-City College (1),Manhattan,1210
2022,2022-08-15,305,137 St-City College (1),Manhattan,1200
2022,2022-11-15,305,137 St-City College (1),Manhattan,1226
2023,2023-02-15,305,137 St-City College (1),Manhattan,1228
2023,2023-05-15,305,137 St-City College (1),Manhattan,1266
2023,2023-08-15,305,137 St-City College (1),Manhattan,1251
2023,2023-11-15,305,137 St-City College (1),Manhattan,1278
2024,2024-02-15,305,137 St-City College (1),Manhattan,825
2024,2024-05-15,305,137 St-City College (1),Manhattan,1248
2024,2024-08-15,305,137 St-City College (1),Manhattan,1272
2024,2024-11-15,305,137 St-City College (1),Manhattan,1451
2020,2020-02-15,306,125 St (1),Manhattan,1182
2020,2020-05-15,306,125 St (1),Manhattan,952
2020,2020-08-15,306,125 St (1),Manhattan,954
2020,2020-11-15,306,125 St (1),Manhattan,1030
2021,2021-02-15,306,125 St (1),Manhattan,980
2021,2021-05-15,306,125 St (1),Manhattan,1124
2021,2021-08-15,306,125 St (1),Manhattan,1143
2021,2021-11-15,306,125 St (1),Manhattan,1185
2022,2022-02-15,306,125 St (1),Manhattan,1184
2022,2022-05-15,306,125 St (1),Manhattan,1193
2022,2022-08-15,306,125 St (1),Manhattan,1168
2022,2022-11-15,306,125 St (1),Manhattan,1211
2023,2023-02-15,306,125 St (1),Manhattan,1228
2023,2023-05-15,306,125 St (1),Manhattan,1274
2023,2023-08-15,306,125 St (1),Manhattan,1242
2023,2023-11-15,306,125 St (1),Manhattan,1294
2024,2024-02-15,306,125 St (1),Manhattan,743
2024,2024-05-15,306,125 St (1),Manhattan,1247
2024,2024-08-15,306,125 St (1),Manhattan,1234
2024,2024-11-15,306,125 St (1),Manhattan,1442
2020,2020-02-15,307,116 St-Columbia University (1),Manhattan,1150
2020,2020-05-15,307,116 St-Columbia University (1),Manhattan,764
2020,2020-08-15,307,116 St-Columbia University (1),Manhattan,865
2020,2020-11-15,307,116 St-Columbia University (1),Manhattan,965
2021,2021-02-15,307,116 St-Columbia University (1),Manhattan,947
2021,2021-05-15,307,116 St-Columbia University (1),Manhattan,1039
2021,2021-08-15,307,116 St-Columbia University (1),Manhattan,1034
2021,2021-11-15,307,116 St-Columbia University (1),Manhattan,1144
2022,2022-02-15,307,116 St-Columbia University (1),Manhattan,1117
2022,2022-05-15,307,116 St-Columbia University (1),Manhattan,1139
2022,2022-08-15,307,116 St-Columbia University (1),Manhattan,1061
2022,2022-11-15,307,116 St-Columbia University (1),Manhattan,1207
2023,2023-02-15,307,116 St-Columbia University (1),Manhattan,1205
2023,2023-05-15,307,116 St-Columbia University (1),Manhattan,1208
2023,2023-08-15,307,116 St-Columbia University (1),Manhattan,1145
2023,2023-11-15,307,116 St-Columbia University (1),Manhattan,1242
2024,2024-02-15,307,116 St-Columbia University (1),Manhattan,1307
2024,2024-05-15,307,116 St-Columbia University (1),Manhattan,1192
2024,2024-08-15,307,116 St-Columbia University (1),Manhattan,1124
2024,2024-11-15,307,116 St-Columbia University (1),Manhattan,1343
2020,2020-02-15,308,Cathedral Pkwy (110 St) (1),Manhattan,1172
2020,2020-05-15,308,Cathedral Pkwy (110 St) (1),Manhattan,941
2020,2020-08-15,308,Cathedral Pkwy (110 St) (1),Manhattan,934
2020,2020-11-15,308,Cathedral Pkwy (110 St) (1),Manhattan,1012
2021,2021-02-15,308,Cathedral Pkwy (110 St) (1),Manhattan,989
2021,2021-05-15,308,Cathedral Pkwy (110 St) (1),Manhattan,1121
2021,2021-08-15,308,Cathedral Pkwy (110 St) (1),Manhattan,1118
2021,2021-11-15,308,Cathedral Pkwy (110 St) (1),Manhattan,1178
2022,2022-02-15,308,Cathedral Pkwy (110 St) (1),Manhattan,1166
2022,2022-05-15,308,Cathedral Pkwy (110 St) (1),Manhattan,1195
2022,2022-08-15,308,Cathedral Pkwy (110 St) (1),Manhattan,1152
2022,2022-11-15,308,Cathedral Pkwy (110 St) (1),Manhattan,1269
2023,2023-02-15,308,Cathedral Pkwy (110 St) (1),Manhattan,1259
2023,2023-05-15,308,Cathedral Pkwy (110 St) (1),Manhattan,1292
2023,2023-08-15,308,Cathedral Pkwy (110 St) (1),Manhattan,1253
2023,2023-11-15,308,Cathedral Pkwy (110 St) (1),Manhattan,1276
2024,2024-02-15,308,Cathedral Pkwy (110 St) (1),Manhattan,1275
2024,2024-05-15,308,Cathedral Pkwy (110 St) (1),Manhattan,1268
2024,2024-08-15,308,Cathedral Pkwy (110 St) (1),Manhattan,1205
2024,2024-11-15,308,Cathedral Pkwy (110 St) (1),Manhattan,1420
2020,2020-02-15,309,103 St (1),Manhattan,1172
2020,2020-05-15,309,103 St (1),Manhattan,975
2020,2020-08-15,309,103 St (1),Manhattan,968
2020,2020-11-15,309,103 St (1),Manhattan,1061
2021,2021-02-15,309,103 St (1),Manhattan,1025
2021,2021-05-15,309,103 St (1),Manhattan,1115
2021,2021-08-15,309,103 St (1),Manhattan,1143
2021,2021-11-15,309,103 St (1),Manhattan,1164
2022,2022-02-15,309,103 St (1),Manhattan,1168
2022,2022-05-15,309,103 St (1),Manhattan,1188
2022,2022-08-15,309,103 St (1),Manhattan,1153
2022,2022-11-15,309,103 St (1),Manhattan,1239
2023,2023-02-15,309,103 St (1),Manhattan,1255
2023,2023-05-15,309,103 St (1),Manhattan,1289
2023,2023-08-15,309,103 St (1),Manhattan,1244
2023,2023-11-15,309,103 St (1),Manhattan,1286
2024,2024-02-15,309,103 St (1),Manhattan,1265
2024,2024-05-15,309,103 St (1),Manhattan,1274
2024,2024-08-15,309,103 St (1),Manhattan,1209
2024,2024-11-15,309,103 St (1),Manhattan,1435
2020,2020-02-15,31,25 St (R),Brooklyn,943
2020,2020-05-15,31,25 St (R),Brooklyn,722
2020,2020-08-15,31,25 St (R),Brooklyn,743
2020,2020-11-15,31,25 St (R),Brooklyn,928
2021,2021-02-15,31,25 St (R),Brooklyn,920
2021,2021-05-15,31,25 St (R),Brooklyn,1044
2021,2021-08-15,31,25 St (R),Brooklyn,1028
2021,2021-11-15,31,25 St (R),Brooklyn,1096
2022,2022-02-15,31,25 St (R),Brooklyn,1048
2022,2022-05-15,31,25 St (R),Brooklyn,1088
2022,2022-08-15,31,25 St (R),Brooklyn,1039
2022,2022-11-15,31,25 St (R),Brooklyn,1084
2023,2023-02-15,31,25 St (R),Brooklyn,1079
2023,2023-05-15,31,25 St (R),Brooklyn,1109
2023,2023-08-15,31,25 St (R),Brooklyn,1084
2023,2023-11-15,31,25 St (R),Brooklyn,1111
2024,2024-02-15,31,25 St (R),Brooklyn,1093
2024,2024-05-15,31,25 St (R),Brooklyn,1120
2024,2024-08-15,31,25 St (R),Brooklyn,1082
2024,2024-11-15,31,25 St (R),Brooklyn,1236
2020,2020-02-15,310,"96 St (1,2,3)",Manhattan,1242
2020,2020-05-15,310,"96 St (1,2,3)",Manhattan,1074
2020,2020-08-15,310,"96 St (1,2,3)",Manhattan,1018
2020,2020-11-15,310,"96 St (1,2,3)",Manhattan,1092
2021,2021-02-15,310,"96 St (1,2,3)",Manhattan,1089
2021,2021-05-15,310,"96 St (1,2,3)",Manhattan,1200
2021,2021-08-15,310,"96 St (1,2,3)",Manhattan,1209
2021,2021-11-15,310,"96 St (1,2,3)",Manhattan,1254
2022,2022-02-15,310,"96 St (1,2,3)",Manhattan,1242
2022,2022-05-15,310,"96 St (1,2,3)",Manhattan,1257
2022,2022-08-15,310,"96 St (1,2,3)",Manhattan,1239
2022,2022-11-15,310,"96 St (1,2,3)",Manhattan,1358
2023,2023-02-15,310,"96 St (1,2,3)",Manhattan,1354
2023,2023-05-15,310,"96 St (1,2,3)",Manhattan,1370
2023,2023-08-15,310,"96 St (1,2,3)",Manhattan,1348
2023,2023-11-15,310,"96 St (1,2,3)",Manhattan,1387
2024,2024-02-15,310,"96 St (1,2,3)",Manhattan,1372
2024,2024-05-15,310,"96 St (1,2,3)",Manhattan,1400
2024,2024-08-15,310,"96 St (1,2,3)",Manhattan,1386
2024,2024-11-15,310,"96 St (1,2,3)",Manhattan,1583
2020,2020-02-15,311,86 St (1),Manhattan,1179
2020,2020-05-15,311,86 St (1),Manhattan,973
2020,2020-08-15,311,86 St (1),Manhattan,955
2020,2020-11-15,311,86 St (1),Manhattan,1041
2021,2021-02-15,311,86 St (1),Manhattan,1026
2021,2021-05-15,311,86 St (1),Manhattan,1141
2021,2021-08-15,311,86 St (1),Manhattan,1164
2021,2021-11-15,311,86 St (1),Manhattan,1188
2022,2022-02-15,311,86 St (1),Manhattan,1187
2022,2022-05-15,311,86 St (1),Manhattan,1191
2022,2022-08-15,311,86 St (1),Manhattan,1170
2022,2022-11-15,311,86 St (1),Manhattan,1266
2023,2023-02-15,311,86 St (1),Manhattan,1259
2023,2023-05-15,311,86 St (1),Manhattan,1307
2023,2023-08-15,311,86 St (1),Manhattan,1303
2023,2023-11-15,311,86 St (1),Manhattan,1309
2024,2024-02-15,311,86 St (1),Manhattan,1273
2024,2024-05-15,311,86 St (1),Manhattan,1308
2024,2024-08-15,311,86 St (1),Manhattan,1284
2024,2024-11-15,311,86 St (1),Manhattan,1444
2020,2020-02-15,312,79 St (1),Manhattan,1148
2020,2020-05-15,312,79 St (1),Manhattan,882
2020,2020-08-15,312,79 St (1),Manhattan,947
2020,2020-11-15,312,79 St (1),Manhattan,1034
2021,2021-02-15,312,79 St (1),Manhattan,987
2021,2021-05-15,312,79 St (1),Manhattan,1103
2021,2021-08-15,312,79 St (1),Manhattan,1105
2021,2021-11-15,312,79 St (1),Manhattan,1157
2022,2022-02-15,312,79 St (1),Manhattan,1142
2022,2022-05-15,312,79 St (1),Manhattan,1164
2022,2022-08-15,312,79 St (1),Manhattan,1145
2022,2022-11-15,312,79 St (1),Manhattan,1227
2023,2023-02-15,312,79 St (1),Manhattan,1246
2023,2023-05-15,312,79 St (1),Manhattan,1276
2023,2023-08-15,312,79 St (1),Manhattan,1243
2023,2023-11-15,312,79 St (1),Manhattan,1268
2024,2024-02-15,312,79 St (1),Manhattan,1082
2024,2024-05-15,312,79 St (1),Manhattan,1272
2024,2024-08-15,312,79 St (1),Manhattan,1245
2024,2024-11-15,312,79 St (1),Manhattan,1436
2020,2020-02-15,313,"72 St (1,2,3)",Manhattan,1233
2020,2020-05-15,313,"72 St (1,2,3)",Manhattan,1034
2020,2020-08-15,313,"72 St (1,2,3)",Manhattan,992
2020,2020-11-15,313,"72 St (1,2,3)",Manhattan,1066
2021,2021-02-15,313,"72 St (1,2,3)",Manhattan,1048
2021,2021-05-15,313,"72 St (1,2,3)",Manhattan,1174
2021,2021-08-15,313,"72 St (1,2,3)",Manhattan,1187
2021,2021-11-15,313,"72 St (1,2,3)",Manhattan,1219
2022,2022-02-15,313,"72 St (1,2,3)",Manhattan,1206
2022,2022-05-15,313,"72 St (1,2,3)",Manhattan,1215
2022,2022-08-15,313,"72 St (1,2,3)",Manhattan,1197
2022,2022-11-15,313,"72 St (1,2,3)",Manhattan,1323
2023,2023-02-15,313,"72 St (1,2,3)",Manhattan,1329
2023,2023-05-15,313,"72 St (1,2,3)",Manhattan,1372
2023,2023-08-15,313,"72 St (1,2,3)",Manhattan,1334
2023,2023-11-15,313,"72 St (1,2,3)",Manhattan,1351
2024,2024-02-15,313,"72 St (1,2,3)",Manhattan,1353
2024,2024-05-15,313,"72 St (1,2,3)",Manhattan,1372
2024,2024-08-15,313,"72 St (1,2,3)",Manhattan,1339
2024,2024-11-15,313,"72 St (1,2,3)",Manhattan,1545
2020,2020-02-15,314,66 St-Lincoln Center (1),Manhattan,1180
2020,2020-05-15,314,66 St-Lincoln Center (1),Manhattan,890
2020,2020-08-15,314,66 St-Lincoln Center (1),Manhattan,955
2020,2020-11-15,314,66 St-Lincoln Center (1),Manhattan,1031
2021,2021-02-15,314,66 St-Lincoln Center (1),Manhattan,1002
2021,2021-05-15,314,66 St-Lincoln Center (1),Manhattan,1090
2021,2021-08-15,314,66 St-Lincoln Center (1),Manhattan,1117
2021,2021-11-15,314,66 St-Lincoln Center (1),Manhattan,1175
2022,2022-02-15,314,66 St-Lincoln Center (1),Manhattan,1177
2022,2022-05-15,314,66 St-Lincoln Center (1),Manhattan,1193
2022,2022-08-15,314,66 St-Lincoln Center (1),Manhattan,1162
2022,2022-11-15,314,66 St-Lincoln Center (1),Manhattan,1296
2023,2023-02-15,314,66 St-Lincoln Center (1),Manhattan,1282
2023,2023-05-15,314,66 St-Lincoln Center (1),Manhattan,1330
2023,2023-08-15,314,66 St-Lincoln Center (1),Manhattan,1284
2023,2023-11-15,314,66 St-Lincoln Center (1),Manhattan,1306
2024,2024-02-15,314,66 St-Lincoln Center (1),Manhattan,1274
2024,2024-05-15,314,66 St-Lincoln Center (1),Manhattan,1301
2024,2024-08-15,314,66 St-Lincoln Center (1),Manhattan,1259
2024,2024-11-15,314,66 St-Lincoln Center (1),Manhattan,1435
2020,2020-02-15,316,50 St (1),Manhattan,1208
2020,2020-05-15,316,50 St (1),Manhattan,911
2020,2020-08-15,316,50 St (1),Manhattan,942
2020,2020-11-15,316,50 St (1),Manhattan,1026
2021,2021-02-15,316,50 St (1),Manhattan,990
2021,2021-05-15,316,50 St (1),Manhattan,1141
2021,2021-08-15,316,50 St (1),Manhattan,1181
2021,2021-11-15,316,50 St (1),Manhattan,1214
2022,2022-02-15,316,50 St (1),Manhattan,1211
2022,2022-05-15,316,50 St (1),Manhattan,1239
2022,2022-08-15,316,50 St (1),Manhattan,1201
2022,2022-11-15,316,50 St (1),Manhattan,1274
2023,2023-02-15,316,50 St (1),Manhattan,1304
2023,2023-05-15,316,50 St (1),Manhattan,1322
2023,2023-08-15,316,50 St (1),Manhattan,1308
2023,2023-11-15,316,50 St (1),Manhattan,1329
2024,2024-02-15,316,50 St (1),Manhattan,1310
2024,2024-05-15,316,50 St (1),Manhattan,1353
2024,2024-08-15,316,50 St (1),Manhattan,1310
2024,2024-11-15,316,50 St (1),Manhattan,1539
2020,2020-02-15,318,"34 St-Penn Station (1,2,3)",Manhattan,1261
2020,2020-05-15,318,"34 St-Penn Station (1,2,3)",Manhattan,1078
2020,2020-08-15,318,"34 St-Penn Station (1,2,3)",Manhattan,1016
2020,2020-11-15,318,"34 St-Penn Station (1,2,3)",Manhattan,1100
2021,2021-02-15,318,"34 St-Penn Station (1,2,3)",Manhattan,1080
2021,2021-05-15,318,"34 St-Penn Station (1,2,3)",Manhattan,1223
2021,2021-08-15,318,"34 St-Penn Station (1,2,3)",Manhattan,1242
2021,2021-11-15,318,"34 St-Penn Station (1,2,3)",Manhattan,1262
2022,2022-02-15,318,"34 St-Penn Station (1,2,3)",Manhattan,1264
2022,2022-05-15,318,"34 St-Penn Station (1,2,3)",Manhattan,1292
2022,2022-08-15,318,"34 St-Penn Station (1,2,3)",Manhattan,1261
2022,2022-11-15,318,"34 St-Penn Station (1,2,3)",Manhattan,1384
2023,2023-02-15,318,"34 St-Penn Station (1,2,3)",Manhattan,1409
2023,2023-05-15,318,"34 St-Penn Station (1,2,3)",Manhattan,1423
2023,2023-08-15,318,"34 St-Penn Station (1,2,3)",Manhattan,1405
2023,2023-11-15,318,"34 St-Penn Station (1,2,3)",Manhattan,1440
2024,2024-02-15,318,"34 St-Penn Station (1,2,3)",Manhattan,1446
2024,2024-05-15,318,"34 St-Penn Station (1,2,3)",Manhattan,1476
2024,2024-08-15,318,"34 St-Penn Station (1,2,3)",Manhattan,1538
2024,2024-11-15,318,"34 St-Penn Station (1,2,3)",Manhattan,1632
2020,2020-02-15,319,28 St (1),Manhattan,1158
2020,2020-05-15,319,28 St (1),Manhattan,846
2020,2020-08-15,319,28 St (1),Manhattan,907
2020,2020-11-15,319,28 St (1),Manhattan,968
2021,2021-02-15,319,28 St (1),Manhattan,949
2021,2021-05-15,319,28 St (1),Manhattan,1084
2021,2021-08-15,319,28 St (1),Manhattan,1093
2021,2021-11-15,319,28 St (1),Manhattan,1163
2022,2022-02-15,319,28 St (1),Manhattan,1160
2022,2022-05-15,319,28 St (1),Manhattan,1188
2022,2022-08-15,319,28 St (1),Manhattan,1138
2022,2022-11-15,319,28 St (1),Manhattan,1199
2023,2023-02-15,319,28 St (1),Manhattan,1215
2023,2023-05-15,319,28 St (1),Manhattan,1250
2023,2023-08-15,319,28 St (1),Manhattan,1215
2023,2023-11-15,319,28 St (1),Manhattan,1287
2024,2024-02-15,319,28 St (1),Manhattan,1248
2024,2024-05-15,319,28 St (1),Manhattan,1286
2024,2024-08-15,319,28 St (1),Manhattan,1233
2024,2024-11-15,319,28 St (1),Manhattan,1400
2020,2020-02-15,32,"36 St (D,N,R)",Brooklyn,1038
2020,2020-05-15,32,"36 St (D,N,R)",Brooklyn,896
2020,2020-08-15,32,"36 St (D,N,R)",Brooklyn,856
2020,2020-11-15,32,"36 St (D,N,R)",Brooklyn,1071
2021,2021-02-15,32,"36 St (D,N,R)",Brooklyn,1048
2021,2021-05-15,32,"36 St (D,N,R)",Brooklyn,1158
2021,2021-08-15,32,"36 St (D,N,R)",Brooklyn,1188
2021,2021-11-15,32,"36 St (D,N,R)",Brooklyn,1209
2022,2022-02-15,32,"36 St (D,N,R)",Brooklyn,1209
2022,2022-05-15,32,"36 St (D,N,R)",Brooklyn,1230
2022,2022-08-15,32,"36 St (D,N,R)",Brooklyn,1207
2022,2022-11-15,32,"36 St (D,N,R)",Brooklyn,1236
2023,2023-02-15,32,"36 St (D,N,R)",Brooklyn,1249
2023,2023-05-15,32,"36 St (D,N,R)",Brooklyn,1282
2023,2023-08-15,32,"36 St (D,N,R)",Brooklyn,1276
2023,2023-11-15,32,"36 St (D,N,R)",Brooklyn,1290
2024,2024-02-15,32,"36 St (D,N,R)",Brooklyn,1272
2024,2024-05-15,32,"36 St (D,N,R)",Brooklyn,1318
2024,2024-08-15,32,"36 St (D,N,R)",Brooklyn,1294
2024,2024-11-15,32,"36 St (D,N,R)",Brooklyn,1502
2020,2020-02-15,320,23 St (1),Manhattan,1187
2020,2020-05-15,320,23 St (1),Manhattan,912
2020,2020-08-15,320,23 St (1),Manhattan,926
2020,2020-11-15,320,23 St (1),Manhattan,1019
2021,2021-02-15,320,23 St (1),Manhattan,995
2021,2021-05-15,320,23 St (1),Manhattan,1082
2021,2021-08-15,320,23 St (1),Manhattan,1123
2021,2021-11-15,320,23 St (1),Manhattan,1174
2022,2022-02-15,320,23 St (1),Manhattan,1184
2022,2022-05-15,320,23 St (1),Manhattan,1199
2022,2022-08-15,320,23 St (1),Manhattan,1157
2022,2022-11-15,320,23 St (1),Manhattan,1243
2023,2023-02-15,320,23 St (1),Manhattan,1245
2023,2023-05-15,320,23 St (1),Manhattan,1290
2023,2023-08-15,320,23 St (1),Manhattan,1249
2023,2023-11-15,320,23 St (1),Manhattan,1285
2024,2024-02-15,320,23 St (1),Manhattan,1290
2024,2024-05-15,320,23 St (1),Manhattan,1296
2024,2024-08-15,320,23 St (1),Manhattan,1257
2024,2024-11-15,320,23 St (1),Manhattan,1435
2020,2020-02-15,321,18 St (1),Manhattan,1094
2020,2020-05-15,321,18 St (1),Manhattan,576
2020,2020-08-15,321,18 St (1),Manhattan,832
2020,2020-11-15,321,18 St (1),Manhattan,942
2021,2021-02-15,321,18 St (1),Manhattan,864
2021,2021-05-15,321,18 St (1),Manhattan,1014
2021,2021-08-15,321,18 St (1),Manhattan,1026
2021,2021-11-15,321,18 St (1),Manhattan,1113
2022,2022-02-15,321,18 St (1),Manhattan,1134
2022,2022-05-15,321,18 St (1),Manhattan,1144
2022,2022-08-15,321,18 St (1),Manhattan,1081
2022,2022-11-15,321,18 St (1),Manhattan,1166
2023,2023-02-15,321,18 St (1),Manhattan,1164
2023,2023-05-15,321,18 St (1),Manhattan,1229
2023,2023-08-15,321,18 St (1),Manhattan,1143
2023,2023-11-15,321,18 St (1),Manhattan,1212
2024,2024-02-15,321,18 St (1),Manhattan,1214
2024,2024-05-15,321,18 St (1),Manhattan,1216
2024,2024-08-15,321,18 St (1),Manhattan,1173
2024,2024-11-15,321,18 St (1),Manhattan,1337
2020,2020-02-15,323,Christopher St-Sheridan Sq (1),Manhattan,1159
2020,2020-05-15,323,Christopher St-Sheridan Sq (1),Manhattan,755
2020,2020-08-15,323,Christopher St-Sheridan Sq (1),Manhattan,902
2020,2020-11-15,323,Christopher St-Sheridan Sq (1),Manhattan,934
2021,2021-02-15,323,Christopher St-Sheridan Sq (1),Manhattan,926
2021,2021-05-15,323,Christopher St-Sheridan Sq (1),Manhattan,1074
2021,2021-08-15,323,Christopher St-Sheridan Sq (1),Manhattan,1114
2021,2021-11-15,323,Christopher St-Sheridan Sq (1),Manhattan,1166
2022,2022-02-15,323,Christopher St-Sheridan Sq (1),Manhattan,1171
2022,2022-05-15,323,Christopher St-Sheridan Sq (1),Manhattan,1199
2022,2022-08-15,323,Christopher St-Sheridan Sq (1),Manhattan,1115
2022,2022-11-15,323,Christopher St-Sheridan Sq (1),Manhattan,1131
2023,2023-02-15,323,Christopher St-Sheridan Sq (1),Manhattan,1219
2023,2023-05-15,323,Christopher St-Sheridan Sq (1),Manhattan,1255
2023,2023-08-15,323,Christopher St-Sheridan Sq (1),Manhattan,1213
2023,2023-11-15,323,Christopher St-Sheridan Sq (1),Manhattan,1277
2024,2024-02-15,323,Christopher St-Sheridan Sq (1),Manhattan,1294
2024,2024-05-15,323,Christopher St-Sheridan Sq (1),Manhattan,1283
2024,2024-08-15,323,Christopher St-Sheridan Sq (1),Manhattan,1243
2024,2024-11-15,323,Christopher St-Sheridan Sq (1),Manhattan,1412
2020,2020-02-15,324,Houston St (1),Manhattan,1148
2020,2020-05-15,324,Houston St (1),Manhattan,824
2020,2020-08-15,324,Houston St (1),Manhattan,891
2020,2020-11-15,324,Houston St (1),Manhattan,977
2021,2021-02-15,324,Houston St (1),Manhattan,924
2021,2021-05-15,324,Houston St (1),Manhattan,1064
2021,2021-08-15,324,Houston St (1),Manhattan,1091
2021,2021-11-15,324,Houston St (1),Manhattan,1154
2022,2022-02-15,324,Houston St (1),Manhattan,1168
2022,2022-05-15,324,Houston St (1),Manhattan,1168
2022,2022-08-15,324,Houston St (1),Manhattan,1106
2022,2022-11-15,324,Houston St (1),Manhattan,1150
2023,2023-02-15,324,Houston St (1),Manhattan,1216
2023,2023-05-15,324,Houston St (1),Manhattan,1228
2023,2023-08-15,324,Houston St (1),Manhattan,1183
2023,2023-11-15,324,Houston St (1),Manhattan,1237
2024,2024-02-15,324,Houston St (1),Manhattan,1264
2024,2024-05-15,324,Houston St (1),Manhattan,1243
2024,2024-08-15,324,Houston St (1),Manhattan,1216
2024,2024-11-15,324,Houston St (1),Manhattan,1378
2020,2020-02-15,325,Canal St (1),Manhattan,1023
2020,2020-05-15,325,Canal St (1),Manhattan,527
2020,2020-08-15,325,Canal St (1),Manhattan,761
2020,2020-11-15,325,Canal St (1),Manhattan,871
2021,2021-02-15,325,Canal St (1),Manhattan,796
2021,2021-05-15,325,Canal St (1),Manhattan,954
2021,2021-08-15,325,Canal St (1),Manhattan,963
2021,2021-11-15,325,Canal St (1),Manhattan,1061
2022,2022-02-15,325,Canal St (1),Manhattan,1057
2022,2022-05-15,325,Canal St (1),Manhattan,1094
2022,2022-08-15,325,Canal St (1),Manhattan,984
2022,2022-11-15,325,Canal St (1),Manhattan,1015
2023,2023-02-15,325,Canal St (1),Manhattan,1088
2023,2023-05-15,325,Canal St (1),Manhattan,1128
2023,2023-08-15,325,Canal St (1),Manhattan,1055
2023,2023-11-15,325,Canal St (1),Manhattan,1103
2024,2024-02-15,325,Canal St (1),Manhattan,1091
2024,2024-05-15,325,Canal St (1),Manhattan,1124
2024,2024-08-15,325,Canal St (1),Manhattan,1060
2024,2024-11-15,325,Canal St (1),Manhattan,1223
2020,2020-02-15,326,Franklin St (1),Manhattan,1024
2020,2020-05-15,326,Franklin St (1),Manhattan,496
2020,2020-08-15,326,Franklin St (1),Manhattan,747
2020,2020-11-15,326,Franklin St (1),Manhattan,872
2021,2021-02-15,326,Franklin St (1),Manhattan,805
2021,2021-05-15,326,Franklin St (1),Manhattan,946
2021,2021-08-15,326,Franklin St (1),Manhattan,930
2021,2021-11-15,326,Franklin St (1),Manhattan,1003
2022,2022-02-15,326,Franklin St (1),Manhattan,1048
2022,2022-05-15,326,Franklin St (1),Manhattan,1051
2022,2022-08-15,326,Franklin St (1),Manhattan,948
2022,2022-11-15,326,Franklin St (1),Manhattan,993
2023,2023-02-15,326,Franklin St (1),Manhattan,1045
2023,2023-05-15,326,Franklin St (1),Manhattan,1116
2023,2023-08-15,326,Franklin St (1),Manhattan,1056
2023,2023-11-15,326,Franklin St (1),Manhattan,1141
2024,2024-02-15,326,Franklin St (1),Manhattan,1132
2024,2024-05-15,326,Franklin St (1),Manhattan,1130
2024,2024-08-15,326,Franklin St (1),Manhattan,1053
2024,2024-11-15,326,Franklin St (1),Manhattan,1228
2020,2020-02-15,327,"Chambers St (1,2,3)",Manhattan,1157
2020,2020-05-15,327,"Chambers St (1,2,3)",Manhattan,856
2020,2020-08-15,327,"Chambers St (1,2,3)",Manhattan,936
2020,2020-11-15,327,"Chambers St (1,2,3)",Manhattan,1002
2021,2021-02-15,327,"Chambers St (1,2,3)",Manhattan,989
2021,2021-05-15,327,"Chambers St (1,2,3)",Manhattan,1100
2021,2021-08-15,327,"Chambers St (1,2,3)",Manhattan,1091
2021,2021-11-15,327,"Chambers St (1,2,3)",Manhattan,1153
2022,2022-02-15,327,"Chambers St (1,2,3)",Manhattan,1149
2022,2022-05-15,327,"Chambers St (1,2,3)",Manhattan,1163
2022,2022-08-15,327,"Chambers St (1,2,3)",Manhattan,1135
2022,2022-11-15,327,"Chambers St (1,2,3)",Manhattan,1152
2023,2023-02-15,327,"Chambers St (1,2,3)",Manhattan,1204
2023,2023-05-15,327,"Chambers St (1,2,3)",Manhattan,1227
2023,2023-08-15,327,"Chambers St (1,2,3)",Manhattan,1222
2023,2023-11-15,327,"Chambers St (1,2,3)",Manhattan,1264
2024,2024-02-15,327,"Chambers St (1,2,3)",Manhattan,1238
2024,2024-05-15,327,"Chambers St (1,2,3)",Manhattan,1281
2024,2024-08-15,327,"Chambers St (1,2,3)",Manhattan,1278
2024,2024-11-15,327,"Chambers St (1,2,3)",Manhattan,1443
2020,2020-02-15,328,WTC Cortlandt (1),Manhattan,1075
2020,2020-05-15,328,WTC Cortlandt (1),Manhattan,675
2020,2020-08-15,328,WTC Cortlandt (1),Manhattan,853
2020,2020-11-15,328,WTC Cortlandt (1),Manhattan,926
2021,2021-02-15,328,WTC Cortlandt (1),Manhattan,869
2021,2021-05-15,328,WTC Cortlandt (1),Manhattan,1018
2021,2021-08-15,328,WTC Cortlandt (1),Manhattan,1019
2021,2021-11-15,328,WTC Cortlandt (1),Manhattan,1098
2022,2022-02-15,328,WTC Cortlandt (1),Manhattan,1100
2022,2022-05-15,328,WTC Cortlandt (1),Manhattan,1128
2022,2022-08-15,328,WTC Cortlandt (1),Manhattan,1082
2022,2022-11-15,328,WTC Cortlandt (1),Manhattan,1138
2023,2023-02-15,328,WTC Cortlandt (1),Manhattan,1156
2023,2023-05-15,328,WTC Cortlandt (1),Manhattan,1195
2023,2023-08-15,328,WTC Cortlandt (1),Manhattan,1175
2023,2023-11-15,328,WTC Cortlandt (1),Manhattan,1258
2024,2024-02-15,328,WTC Cortlandt (1),Manhattan,1215
2024,2024-05-15,328,WTC Cortlandt (1),Manhattan,1232
2024,2024-08-15,328,WTC Cortlandt (1),Manhattan,1229
2024,2024-11-15,328,WTC Cortlandt (1),Manhattan,1401
2020,2020-02-15,329,Rector St (1),Manhattan,1037
2020,2020-05-15,329,Rector St (1),Manhattan,551
2020,2020-08-15,329,Rector St (1),Manhattan,787
2020,2020-11-15,329,Rector St (1),Manhattan,897
2021,2021-02-15,329,Rector St (1),Manhattan,839
2021,2021-05-15,329,Rector St (1),Manhattan,975
2021,2021-08-15,329,Rector St (1),Manhattan,970
2021,2021-11-15,329,Rector St (1),Manhattan,1060
2022,2022-02-15,329,Rector St (1),Manhattan,1033
2022,2022-05-15,329,Rector St (1),Manhattan,1079
2022,2022-08-15,329,Rector St (1),Manhattan,1041
2022,2022-11-15,329,Rector St (1),Manhattan,1058
2023,2023-02-15,329,Rector St (1),Manhattan,1101
2023,2023-05-15,329,Rector St (1),Manhattan,1146
2023,2023-08-15,329,Rector St (1),Manhattan,1084
2023,2023-11-15,329,Rector St (1),Manhattan,1185
2024,2024-02-15,329,Rector St (1),Manhattan,1123
2024,2024-05-15,329,Rector St (1),Manhattan,1175
2024,2024-08-15,329,Rector St (1),Manhattan,1116
2024,2024-11-15,329,Rector St (1),Manhattan,1261
2020,2020-02-15,33,45 St (R),Brooklyn,1002
2020,2020-05-15,33,45 St (R),Brooklyn,815
2020,2020-08-15,33,45 St (R),Brooklyn,795
2020,2020-11-15,33,45 St (R),Brooklyn,1005
2021,2021-02-15,33,45 St (R),Brooklyn,972
2021,2021-05-15,33,45 St (R),Brooklyn,1104
2021,2021-08-15,33,45 St (R),Brooklyn,1122
2021,2021-11-15,33,45 St (R),Brooklyn,1145
2022,2022-02-15,33,45 St (R),Brooklyn,1141
2022,2022-05-15,33,45 St (R),Brooklyn,1122
2022,2022-08-15,33,45 St (R),Brooklyn,1114
2022,2022-11-15,33,45 St (R),Brooklyn,1155
2023,2023-02-15,33,45 St (R),Brooklyn,1162
2023,2023-05-15,33,45 St (R),Brooklyn,1167
2023,2023-08-15,33,45 St (R),Brooklyn,1154
2023,2023-11-15,33,45 St (R),Brooklyn,1192
2024,2024-02-15,33,45 St (R),Brooklyn,1203
2024,2024-05-15,33,45 St (R),Brooklyn,1189
2024,2024-08-15,33,45 St (R),Brooklyn,1157
2024,2024-11-15,33,45 St (R),Brooklyn,1372
2020,2020-02-15,333,"Wall St (2,3)",Manhattan,984
2020,2020-05-15,333,"Wall St (2,3)",Manhattan,791
2020,2020-08-15,333,"Wall St (2,3)",Manhattan,924
2020,2020-11-15,333,"Wall St (2,3)",Manhattan,982
2021,2021-02-15,333,"Wall St (2,3)",Manhattan,953
2021,2021-05-15,333,"Wall St (2,3)",Manhattan,1070
2021,2021-08-15,333,"Wall St (2,3)",Manhattan,1070
2021,2021-11-15,333,"Wall St (2,3)",Manhattan,1126
2022,2022-02-15,333,"Wall St (2,3)",Manhattan,1132
2022,2022-05-15,333,"Wall St (2,3)",Manhattan,1149
2022,2022-08-15,333,"Wall St (2,3)",Manhattan,1087
2022,2022-11-15,333,"Wall St (2,3)",Manhattan,1160
2023,2023-02-15,333,"Wall St (2,3)",Manhattan,1156
2023,2023-05-15,333,"Wall St (2,3)",Manhattan,1189
2023,2023-08-15,333,"Wall St (2,3)",Manhattan,1140
2023,2023-11-15,333,"Wall St (2,3)",Manhattan,902
2024,2024-02-15,333,"Wall St (2,3)",Manhattan,1183
2024,2024-05-15,333,"Wall St (2,3)",Manhattan,1234
2024,2024-08-15,333,"Wall St (2,3)",Manhattan,1205
2024,2024-11-15,333,"Wall St (2,3)",Manhattan,1330
2020,2020-02-15,334,"Clark St (2,3)",Brooklyn,863
2020,2020-05-15,334,"Clark St (2,3)",Brooklyn,613
2020,2020-08-15,334,"Clark St (2,3)",Brooklyn,820
2020,2020-11-15,334,"Clark St (2,3)",Brooklyn,886
2021,2021-02-15,334,"Clark St (2,3)",Brooklyn,848
2021,2021-05-15,334,"Clark St (2,3)",Brooklyn,996
2021,2021-08-15,334,"Clark St (2,3)",Brooklyn,985
2022,2022-05-15,334,"Clark St (2,3)",Brooklyn,1034
2022,2022-08-15,334,"Clark St (2,3)",Brooklyn,978
2022,2022-11-15,334,"Clark St (2,3)",Brooklyn,1001
2023,2023-02-15,334,"Clark St (2,3)",Brooklyn,1059
2023,2023-05-15,334,"Clark St (2,3)",Brooklyn,1113
2023,2023-08-15,334,"Clark St (2,3)",Brooklyn,1077
2023,2023-11-15,334,"Clark St (2,3)",Brooklyn,819
2024,2024-02-15,334,"Clark St (2,3)",Brooklyn,1118
2024,2024-05-15,334,"Clark St (2,3)",Brooklyn,1177
2024,2024-08-15,334,"Clark St (2,3)",Brooklyn,1085
2024,2024-11-15,334,"Clark St (2,3)",Brooklyn,1216
2020,2020-02-15,336,"Hoyt St (2,3)",Brooklyn,970
2020,2020-05-15,336,"Hoyt St (2,3)",Brooklyn,818
2020,2020-08-15,336,"Hoyt St (2,3)",Brooklyn,907
2020,2020-11-15,336,"Hoyt St (2,3)",Brooklyn,978
2021,2021-02-15,336,"Hoyt St (2,3)",Brooklyn,930
2021,2021-05-15,336,"Hoyt St (2,3)",Brooklyn,1040
2021,2021-08-15,336,"Hoyt St (2,3)",Brooklyn,1054
2021,2021-11-15,336,"Hoyt St (2,3)",Brooklyn,1091
2022,2022-02-15,336,"Hoyt St (2,3)",Brooklyn,1090
2022,2022-05-15,336,"Hoyt St (2,3)",Brooklyn,1138
2022,2022-08-15,336,"Hoyt St (2,3)",Brooklyn,1079
2022,2022-11-15,336,"Hoyt St (2,3)",Brooklyn,1143
2023,2023-02-15,336,"Hoyt St (2,3)",Brooklyn,1135
2023,2023-05-15,336,"Hoyt St (2,3)",Brooklyn,1123
2023,2023-08-15,336,"Hoyt St (2,3)",Brooklyn,1116
2023,2023-11-15,336,"Hoyt St (2,3)",Brooklyn,922
2024,2024-02-15,336,"Hoyt St (2,3)",Brooklyn,1142
2024,2024-05-15,336,"Hoyt St (2,3)",Brooklyn,1159
2024,2024-08-15,336,"Hoyt St (2,3)",Brooklyn,1169
2024,2024-11-15,336,"Hoyt St (2,3)",Brooklyn,1333
2020,2020-02-15,337,"Nevins St (2,3,4,5)",Brooklyn,1161
2020,2020-05-15,337,"Nevins St (2,3,4,5)",Brooklyn,972
2020,2020-08-15,337,"Nevins St (2,3,4,5)",Brooklyn,935
2020,2020-11-15,337,"Nevins St (2,3,4,5)",Brooklyn,1017
2021,2021-02-15,337,"Nevins St (2,3,4,5)",Brooklyn,999
2021,2021-05-15,337,"Nevins St (2,3,4,5)",Brooklyn,1112
2021,2021-08-15,337,"Nevins St (2,3,4,5)",Brooklyn,1137
2021,2021-11-15,337,"Nevins St (2,3,4,5)",Brooklyn,1170
2022,2022-02-15,337,"Nevins St (2,3,4,5)",Brooklyn,1174
2022,2022-05-15,337,"Nevins St (2,3,4,5)",Brooklyn,1173
2022,2022-08-15,337,"Nevins St (2,3,4,5)",Brooklyn,1152
2022,2022-11-15,337,"Nevins St (2,3,4,5)",Brooklyn,1188
2023,2023-02-15,337,"Nevins St (2,3,4,5)",Brooklyn,1206
2023,2023-05-15,337,"Nevins St (2,3,4,5)",Brooklyn,1227
2023,2023-08-15,337,"Nevins St (2,3,4,5)",Brooklyn,1221
2023,2023-11-15,337,"Nevins St (2,3,4,5)",Brooklyn,1276
2024,2024-02-15,337,"Nevins St (2,3,4,5)",Brooklyn,1245
2024,2024-05-15,337,"Nevins St (2,3,4,5)",Brooklyn,1262
2024,2024-08-15,337,"Nevins St (2,3,4,5)",Brooklyn,1220
2024,2024-11-15,337,"Nevins St (2,3,4,5)",Brooklyn,1396
2020,2020-02-15,339,"Bergen St (2,3)",Brooklyn,916
2020,2020-05-15,339,"Bergen St (2,3)",Brooklyn,517
2020,2020-08-15,339,"Bergen St (2,3)",Brooklyn,796
2020,2020-11-15,339,"Bergen St (2,3)",Brooklyn,799
2021,2021-02-15,339,"Bergen St (2,3)",Brooklyn,843
2021,2021-05-15,339,"Bergen St (2,3)",Brooklyn,981
2021,2021-08-15,339,"Bergen St (2,3)",Brooklyn,946
2021,2021-11-15,339,"Bergen St (2,3)",Brooklyn,1054
2022,2022-02-15,339,"Bergen St (2,3)",Brooklyn,1031
2022,2022-05-15,339,"Bergen St (2,3)",Brooklyn,1053
2022,2022-08-15,339,"Bergen St (2,3)",Brooklyn,931
2022,2022-11-15,339,"Bergen St (2,3)",Brooklyn,1083
2023,2023-02-15,339,"Bergen St (2,3)",Brooklyn,1086
2023,2023-05-15,339,"Bergen St (2,3)",Brooklyn,1098
2023,2023-08-15,339,"Bergen St (2,3)",Brooklyn,1056
2023,2023-11-15,339,"Bergen St (2,3)",Brooklyn,1042
2024,2024-02-15,339,"Bergen St (2,3)",Brooklyn,1080
2024,2024-05-15,339,"Bergen St (2,3)",Brooklyn,1160
2024,2024-08-15,339,"Bergen St (2,3)",Brooklyn,1081
2024,2024-11-15,339,"Bergen St (2,3)",Brooklyn,1267
2020,2020-02-15,34,53 St (R),Brooklyn,1030
2020,2020-05-15,34,53 St (R),Brooklyn,868
2020,2020-08-15,34,53 St (R),Brooklyn,848
2020,2020-11-15,34,53 St (R),Brooklyn,1050
2021,2021-02-15,34,53 St (R),Brooklyn,1015
2021,2021-05-15,34,53 St (R),Brooklyn,1104
2021,2021-08-15,34,53 St (R),Brooklyn,1138
2021,2021-11-15,34,53 St (R),Brooklyn,1164
2022,2022-02-15,34,53 St (R),Brooklyn,1151
2022,2022-05-15,34,53 St (R),Brooklyn,1171
2022,2022-08-15,34,53 St (R),Brooklyn,1171
2022,2022-11-15,34,53 St (R),Brooklyn,1182
2023,2023-02-15,34,53 St (R),Brooklyn,1193
2023,2023-05-15,34,53 St (R),Brooklyn,1199
2023,2023-08-15,34,53 St (R),Brooklyn,1203
2023,2023-11-15,34,53 St (R),Brooklyn,1205
2024,2024-02-15,34,53 St (R),Brooklyn,1217
2024,2024-05-15,34,53 St (R),Brooklyn,1198
2024,2024-08-15,34,53 St (R),Brooklyn,1206
2024,2024-11-15,34,53 St (R),Brooklyn,1390
2020,2020-02-15,340,"Grand Army Plaza (2,3)",Brooklyn,948
2020,2020-05-15,340,"Grand Army Plaza (2,3)",Brooklyn,669
2020,2020-08-15,340,"Grand Army Plaza (2,3)",Brooklyn,853
2020,2020-11-15,340,"Grand Army Plaza (2,3)",Brooklyn,924
2021,2021-02-15,340,"Grand Army Plaza (2,3)",Brooklyn,932
2021,2021-05-15,340,"Grand Army Plaza (2,3)",Brooklyn,1044
2021,2021-08-15,340,"Grand Army Plaza (2,3)",Brooklyn,1037
2021,2021-11-15,340,"Grand Army Plaza (2,3)",Brooklyn,1071
2022,2022-02-15,340,"Grand Army Plaza (2,3)",Brooklyn,1058
2022,2022-05-15,340,"Grand Army Plaza (2,3)",Brooklyn,1109
2022,2022-08-15,340,"Grand Army Plaza (2,3)",Brooklyn,1066
2022,2022-11-15,340,"Grand Army Plaza (2,3)",Brooklyn,1117
2023,2023-02-15,340,"Grand Army Plaza (2,3)",Brooklyn,1142
2023,2023-05-15,340,"Grand Army Plaza (2,3)",Brooklyn,1150
2023,2023-08-15,340,"Grand Army Plaza (2,3)",Brooklyn,1156
2023,2023-11-15,340,"Grand Army Plaza (2,3)",Brooklyn,1150
2024,2024-02-15,340,"Grand Army Plaza (2,3)",Brooklyn,1164
2024,2024-05-15,340,"Grand Army Plaza (2,3)",Brooklyn,1214
2024,2024-08-15,340,"Grand Army Plaza (2,3)",Brooklyn,1183
2024,2024-11-15,340,"Grand Army Plaza (2,3)",Brooklyn,1314
2020,2020-02-15,341,"Eastern Pkwy-Brooklyn Museum (2,3)",Brooklyn,897
2020,2020-05-15,341,"Eastern Pkwy-Brooklyn Museum (2,3)",Brooklyn,533
2020,2020-08-15,341,"Eastern Pkwy-Brooklyn Museum (2,3)",Brooklyn,712
2020,2020-11-15,341,"Eastern Pkwy-Brooklyn Museum (2,3)",Brooklyn,746
2021,2021-02-15,341,"Eastern Pkwy-Brooklyn Museum (2,3)",Brooklyn,878
2021,2021-05-15,341,"Eastern Pkwy-Brooklyn Museum (2,3)",Brooklyn,1005
2021,2021-08-15,341,"Eastern Pkwy-Brooklyn Museum (2,3)",Brooklyn,1004
2021,2021-11-15,341,"Eastern Pkwy-Brooklyn Museum (2,3)",Brooklyn,1066
2022,2022-02-15,341,"Eastern Pkwy-Brooklyn Museum (2,3)",Brooklyn,1044
2022,2022-05-15,341,"Eastern Pkwy-Brooklyn Museum (2,3)",Brooklyn,1042
2022,2022-08-15,341,"Eastern Pkwy-Brooklyn Museum (2,3)",Brooklyn,1005
2022,2022-11-15,341,"Eastern Pkwy-Brooklyn Museum (2,3)",Brooklyn,1095
2023,2023-02-15,341,"Eastern Pkwy-Brooklyn Museum (2,3)",Brooklyn,1070
2023,2023-05-15,341,"Eastern Pkwy-Brooklyn Museum (2,3)",Brooklyn,1092
2023,2023-08-15,341,"Eastern Pkwy-Brooklyn Museum (2,3)",Brooklyn,1085
2023,2023-11-15,341,"Eastern Pkwy-Brooklyn Museum (2,3)",Brooklyn,1082
2024,2024-02-15,341,"Eastern Pkwy-Brooklyn Museum (2,3)",Brooklyn,1082
2024,2024-05-15,341,"Eastern Pkwy-Brooklyn Museum (2,3)",Brooklyn,1128
2024,2024-08-15,341,"Eastern Pkwy-Brooklyn Museum (2,3)",Brooklyn,1102
2024,2024-11-15,341,"Eastern Pkwy-Brooklyn Museum (2,3)",Brooklyn,1200
2020,2020-02-15,343,Nostrand Av (3),Brooklyn,989
2020,2020-05-15,343,Nostrand Av (3),Brooklyn,746
2020,2020-08-15,343,Nostrand Av (3),Brooklyn,878
2020,2020-11-15,343,Nostrand Av (3),Brooklyn,984
2021,2021-02-15,343,Nostrand Av (3),Brooklyn,940
2021,2021-05-15,343,Nostrand Av (3),Brooklyn,1049
2021,2021-08-15,343,Nostrand Av (3),Brooklyn,1051
2021,2021-11-15,343,Nostrand Av (3),Brooklyn,1121
2022,2022-02-15,343,Nostrand Av (3),Brooklyn,1136
2022,2022-05-15,343,Nostrand Av (3),Brooklyn,1132
2022,2022-08-15,343,Nostrand Av (3),Brooklyn,1112
2022,2022-11-15,343,Nostrand Av (3),Brooklyn,1134
2023,2023-02-15,343,Nostrand Av (3),Brooklyn,1127
2023,2023-05-15,343,Nostrand Av (3),Brooklyn,1125
2023,2023-08-15,343,Nostrand Av (3),Brooklyn,1111
2023,2023-11-15,343,Nostrand Av (3),Brooklyn,1145
2024,2024-02-15,343,Nostrand Av (3),Brooklyn,1050
2024,2024-05-15,343,Nostrand Av (3),Brooklyn,1154
2024,2024-08-15,343,Nostrand Av (3),Brooklyn,1119
2024,2024-11-15,343,Nostrand Av (3),Brooklyn,1250
2020,2020-02-15,344,Kingston Av (3),Brooklyn,1011
2020,2020-05-15,344,Kingston Av (3),Brooklyn,773
2020,2020-08-15,344,Kingston Av (3),Brooklyn,874
2020,2020-11-15,344,Kingston Av (3),Brooklyn,1020
2021,2021-02-15,344,Kingston Av (3),Brooklyn,1013
2021,2021-05-15,344,Kingston Av (3),Brooklyn,1058
2021,2021-08-15,344,Kingston Av (3),Brooklyn,1059
2021,2021-11-15,344,Kingston Av (3),Brooklyn,1129
2022,2022-02-15,344,Kingston Av (3),Brooklyn,1116
2022,2022-05-15,344,Kingston Av (3),Brooklyn,1142
2022,2022-08-15,344,Kingston Av (3),Brooklyn,1102
2022,2022-11-15,344,Kingston Av (3),Brooklyn,1151
2023,2023-02-15,344,Kingston Av (3),Brooklyn,1152
2023,2023-05-15,344,Kingston Av (3),Brooklyn,1162
2023,2023-08-15,344,Kingston Av (3),Brooklyn,1120
2023,2023-11-15,344,Kingston Av (3),Brooklyn,1184
2024,2024-02-15,344,Kingston Av (3),Brooklyn,1128
2024,2024-05-15,344,Kingston Av (3),Brooklyn,1167
2024,2024-08-15,344,Kingston Av (3),Brooklyn,1129
2024,2024-11-15,344,Kingston Av (3),Brooklyn,1243
2020,2020-02-15,345,"Crown Hts-Utica Av (3,4)",Brooklyn,1103
2020,2020-05-15,345,"Crown Hts-Utica Av (3,4)",Brooklyn,957
2020,2020-08-15,345,"Crown Hts-Utica Av (3,4)",Brooklyn,1020
2020,2020-11-15,345,"Crown Hts-Utica Av (3,4)",Brooklyn,1104
2021,2021-02-15,345,"Crown Hts-Utica Av (3,4)",Brooklyn,1091
2021,2021-05-15,345,"Crown Hts-Utica Av (3,4)",Brooklyn,1219
2021,2021-08-15,345,"Crown Hts-Utica Av (3,4)",Brooklyn,1234
2021,2021-11-15,345,"Crown Hts-Utica Av (3,4)",Brooklyn,1248
2022,2022-02-15,345,"Crown Hts-Utica Av (3,4)",Brooklyn,1253
2022,2022-05-15,345,"Crown Hts-Utica Av (3,4)",Brooklyn,1264
2022,2022-08-15,345,"Crown Hts-Utica Av (3,4)",Brooklyn,1234
2022,2022-11-15,345,"Crown Hts-Utica Av (3,4)",Brooklyn,1283
2023,2023-02-15,345,"Crown Hts-Utica Av (3,4)",Brooklyn,1298
2023,2023-05-15,345,"Crown Hts-Utica Av (3,4)",Brooklyn,1325
2023,2023-08-15,345,"Crown Hts-Utica Av (3,4)",Brooklyn,1309
2023,2023-11-15,345,"Crown Hts-Utica Av (3,4)",Brooklyn,1347
2024,2024-02-15,345,"Crown Hts-Utica Av (3,4)",Brooklyn,1333
2024,2024-05-15,345,"Crown Hts-Utica Av (3,4)",Brooklyn,1366
2024,2024-08-15,345,"Crown Hts-Utica Av (3,4)",Brooklyn,1325
2024,2024-11-15,345,"Crown Hts-Utica Av (3,4)",Brooklyn,1529
2020,2020-02-15,346,Sutter Av-Rutland Rd (3),Brooklyn,1055
2020,2020-05-15,346,Sutter Av-Rutland Rd (3),Brooklyn,896
2020,2020-08-15,346,Sutter Av-Rutland Rd (3),Brooklyn,956
2020,2020-11-15,346,Sutter Av-Rutland Rd (3),Brooklyn,1051
2021,2021-02-15,346,Sutter Av-Rutland Rd (3),Brooklyn,1008
2021,2021-05-15,346,Sutter Av-Rutland Rd (3),Brooklyn,1147
2021,2021-08-15,346,Sutter Av-Rutland Rd (3),Brooklyn,1157
2021,2021-11-15,346,Sutter Av-Rutland Rd (3),Brooklyn,1165
2022,2022-02-15,346,Sutter Av-Rutland Rd (3),Brooklyn,1171
2022,2022-05-15,346,Sutter Av-Rutland Rd (3),Brooklyn,1208
2022,2022-08-15,346,Sutter Av-Rutland Rd (3),Brooklyn,1188
2022,2022-11-15,346,Sutter Av-Rutland Rd (3),Brooklyn,1193
2023,2023-02-15,346,Sutter Av-Rutland Rd (3),Brooklyn,1208
2023,2023-05-15,346,Sutter Av-Rutland Rd (3),Brooklyn,1208
2023,2023-08-15,346,Sutter Av-Rutland Rd (3),Brooklyn,1197
2023,2023-11-15,346,Sutter Av-Rutland Rd (3),Brooklyn,1223
2024,2024-02-15,346,Sutter Av-Rutland Rd (3),Brooklyn,1216
2024,2024-05-15,346,Sutter Av-Rutland Rd (3),Brooklyn,1206
2024,2024-08-15,346,Sutter Av-Rutland Rd (3),Brooklyn,1194
2024,2024-11-15,346,Sutter Av-Rutland Rd (3),Brooklyn,1379
2020,2020-02-15,347,Saratoga Av (3),Brooklyn,1024
2020,2020-05-15,347,Saratoga Av (3),Brooklyn,871
2020,2020-08-15,347,Saratoga Av (3),Brooklyn,939
2020,2020-11-15,347,Saratoga Av (3),Brooklyn,1021
2021,2021-02-15,347,Saratoga Av (3),Brooklyn,967
2021,2021-05-15,347,Saratoga Av (3),Brooklyn,1105
2021,2021-08-15,347,Saratoga Av (3),Brooklyn,1121
2021,2021-11-15,347,Saratoga Av (3),Brooklyn,1132
2022,2022-02-15,347,Saratoga Av (3),Brooklyn,1133
2022,2022-05-15,347,Saratoga Av (3),Brooklyn,1136
2022,2022-08-15,347,Saratoga Av (3),Brooklyn,1136
2022,2022-11-15,347,Saratoga Av (3),Brooklyn,1150
2023,2023-02-15,347,Saratoga Av (3),Brooklyn,1146
2023,2023-05-15,347,Saratoga Av (3),Brooklyn,1165
2023,2023-08-15,347,Saratoga Av (3),Brooklyn,1180
2023,2023-11-15,347,Saratoga Av (3),Brooklyn,1201
2024,2024-02-15,347,Saratoga Av (3),Brooklyn,1164
2024,2024-05-15,347,Saratoga Av (3),Brooklyn,1183
2024,2024-08-15,347,Saratoga Av (3),Brooklyn,1142
2024,2024-11-15,347,Saratoga Av (3),Brooklyn,1313
2020,2020-02-15,348,Rockaway Av (3),Brooklyn,1031
2020,2020-05-15,348,Rockaway Av (3),Brooklyn,884
2020,2020-08-15,348,Rockaway Av (3),Brooklyn,952
2020,2020-11-15,348,Rockaway Av (3),Brooklyn,1025
2021,2021-02-15,348,Rockaway Av (3),Brooklyn,980
2021,2021-05-15,348,Rockaway Av (3),Brooklyn,1094
2021,2021-08-15,348,Rockaway Av (3),Brooklyn,1119
2021,2021-11-15,348,Rockaway Av (3),Brooklyn,1141
2022,2022-02-15,348,Rockaway Av (3),Brooklyn,1142
2022,2022-05-15,348,Rockaway Av (3),Brooklyn,1168
2022,2022-08-15,348,Rockaway Av (3),Brooklyn,1132
2022,2022-11-15,348,Rockaway Av (3),Brooklyn,1159
2023,2023-02-15,348,Rockaway Av (3),Brooklyn,1139
2023,2023-05-15,348,Rockaway Av (3),Brooklyn,1140
2023,2023-08-15,348,Rockaway Av (3),Brooklyn,1172
2023,2023-11-15,348,Rockaway Av (3),Brooklyn,1185
2024,2024-02-15,348,Rockaway Av (3),Brooklyn,1156
2024,2024-05-15,348,Rockaway Av (3),Brooklyn,1184
2024,2024-08-15,348,Rockaway Av (3),Brooklyn,1155
2024,2024-11-15,348,Rockaway Av (3),Brooklyn,1349
2020,2020-02-15,349,Junius St (3),Brooklyn,961
2020,2020-05-15,349,Junius St (3),Brooklyn,758
2020,2020-08-15,349,Junius St (3),Brooklyn,845
2020,2020-11-15,349,Junius St (3),Brooklyn,923
2021,2021-02-15,349,Junius St (3),Brooklyn,860
2021,2021-05-15,349,Junius St (3),Brooklyn,1010
2021,2021-08-15,349,Junius St (3),Brooklyn,1000
2021,2021-11-15,349,Junius St (3),Brooklyn,1066
2022,2022-02-15,349,Junius St (3),Brooklyn,1065
2022,2022-05-15,349,Junius St (3),Brooklyn,1087
2022,2022-08-15,349,Junius St (3),Brooklyn,1052
2022,2022-11-15,349,Junius St (3),Brooklyn,1076
2023,2023-02-15,349,Junius St (3),Brooklyn,1074
2023,2023-05-15,349,Junius St (3),Brooklyn,1111
2023,2023-08-15,349,Junius St (3),Brooklyn,1082
2023,2023-11-15,349,Junius St (3),Brooklyn,1088
2024,2024-02-15,349,Junius St (3),Brooklyn,1056
2024,2024-05-15,349,Junius St (3),Brooklyn,1102
2024,2024-08-15,349,Junius St (3),Brooklyn,1069
2024,2024-11-15,349,Junius St (3),Brooklyn,1237
2020,2020-02-15,35,"59 St (N,R)",Brooklyn,1026
2020,2020-05-15,35,"59 St (N,R)",Brooklyn,876
2020,2020-08-15,35,"59 St (N,R)",Brooklyn,841
2020,2020-11-15,35,"59 St (N,R)",Brooklyn,989
2021,2021-02-15,35,"59 St (N,R)",Brooklyn,1024
2021,2021-05-15,35,"59 St (N,R)",Brooklyn,1133
2021,2021-08-15,35,"59 St (N,R)",Brooklyn,1158
2021,2021-11-15,35,"59 St (N,R)",Brooklyn,1180
2022,2022-02-15,35,"59 St (N,R)",Brooklyn,1179
2022,2022-05-15,35,"59 St (N,R)",Brooklyn,1240
2022,2022-08-15,35,"59 St (N,R)",Brooklyn,1169
2022,2022-11-15,35,"59 St (N,R)",Brooklyn,1215
2023,2023-02-15,35,"59 St (N,R)",Brooklyn,1225
2023,2023-05-15,35,"59 St (N,R)",Brooklyn,1241
2023,2023-08-15,35,"59 St (N,R)",Brooklyn,1230
2023,2023-11-15,35,"59 St (N,R)",Brooklyn,1274
2024,2024-02-15,35,"59 St (N,R)",Brooklyn,1246
2024,2024-05-15,35,"59 St (N,R)",Brooklyn,1293
2024,2024-08-15,35,"59 St (N,R)",Brooklyn,1256
2024,2024-11-15,35,"59 St (N,R)",Brooklyn,1476
2020,2020-02-15,350,Pennsylvania Av (3),Brooklyn,1015
2020,2020-05-15,350,Pennsylvania Av (3),Brooklyn,872
2020,2020-08-15,350,Pennsylvania Av (3),Brooklyn,941
2020,2020-11-15,350,Pennsylvania Av (3),Brooklyn,1035
2021,2021-02-15,350,Pennsylvania Av (3),Brooklyn,977
2021,2021-05-15,350,Pennsylvania Av (3),Brooklyn,1096
2021,2021-08-15,350,Pennsylvania Av (3),Brooklyn,1136
2021,2021-11-15,350,Pennsylvania Av (3),Brooklyn,1138
2022,2022-02-15,350,Pennsylvania Av (3),Brooklyn,1125
2022,2022-05-15,350,Pennsylvania Av (3),Brooklyn,1153
2022,2022-08-15,350,Pennsylvania Av (3),Brooklyn,1128
2022,2022-11-15,350,Pennsylvania Av (3),Brooklyn,1150
2023,2023-02-15,350,Pennsylvania Av (3),Brooklyn,1149
2023,2023-05-15,350,Pennsylvania Av (3),Brooklyn,1163
2023,2023-08-15,350,Pennsylvania Av (3),Brooklyn,1132
2023,2023-11-15,350,Pennsylvania Av (3),Brooklyn,1141
2024,2024-02-15,350,Pennsylvania Av (3),Brooklyn,1147
2024,2024-05-15,350,Pennsylvania Av (3),Brooklyn,1155
2024,2024-08-15,350,Pennsylvania Av (3),Brooklyn,1123
2024,2024-11-15,350,Pennsylvania Av (3),Brooklyn,1300
2020,2020-02-15,351,Van Siclen Av (3),Brooklyn,978
2020,2020-05-15,351,Van Siclen Av (3),Brooklyn,782
2020,2020-08-15,351,Van Siclen Av (3),Brooklyn,887
2020,2020-11-15,351,Van Siclen Av (3),Brooklyn,952
2021,2021-02-15,351,Van Siclen Av (3),Brooklyn,915
2021,2021-05-15,351,Van Siclen Av (3),Brooklyn,1021
2021,2021-08-15,351,Van Siclen Av (3),Brooklyn,1005
2021,2021-11-15,351,Van Siclen Av (3),Brooklyn,1072
2022,2022-02-15,351,Van Siclen Av (3),Brooklyn,1049
2022,2022-05-15,351,Van Siclen Av (3),Brooklyn,1078
2022,2022-08-15,351,Van Siclen Av (3),Brooklyn,1060
2022,2022-11-15,351,Van Siclen Av (3),Brooklyn,1046
2023,2023-02-15,351,Van Siclen Av (3),Brooklyn,1064
2023,2023-05-15,351,Van Siclen Av (3),Brooklyn,1087
2023,2023-08-15,351,Van Siclen Av (3),Brooklyn,1048
2023,2023-11-15,351,Van Siclen Av (3),Brooklyn,1084
2024,2024-02-15,351,Van Siclen Av (3),Brooklyn,1061
2024,2024-05-15,351,Van Siclen Av (3),Brooklyn,1102
2024,2024-08-15,351,Van Siclen Av (3),Brooklyn,1057
2024,2024-11-15,351,Van Siclen Av (3),Brooklyn,1203
2020,2020-02-15,352,New Lots Av (3),Brooklyn,1053
2020,2020-05-15,352,New Lots Av (3),Brooklyn,890
2020,2020-08-15,352,New Lots Av (3),Brooklyn,986
2020,2020-11-15,352,New Lots Av (3),Brooklyn,1048
2021,2021-02-15,352,New Lots Av (3),Brooklyn,984
2021,2021-05-15,352,New Lots Av (3),Brooklyn,1141
2021,2021-08-15,352,New Lots Av (3),Brooklyn,1155
2021,2021-11-15,352,New Lots Av (3),Brooklyn,1180
2022,2022-02-15,352,New Lots Av (3),Brooklyn,1181
2022,2022-05-15,352,New Lots Av (3),Brooklyn,1204
2022,2022-08-15,352,New Lots Av (3),Brooklyn,1187
2022,2022-11-15,352,New Lots Av (3),Brooklyn,1206
2023,2023-02-15,352,New Lots Av (3),Brooklyn,1214
2023,2023-05-15,352,New Lots Av (3),Brooklyn,1232
2023,2023-08-15,352,New Lots Av (3),Brooklyn,1210
2023,2023-11-15,352,New Lots Av (3),Brooklyn,1235
2024,2024-02-15,352,New Lots Av (3),Brooklyn,1205
2024,2024-05-15,352,New Lots Av (3),Brooklyn,1230
2024,2024-08-15,352,New Lots Av (3),Brooklyn,1204
2024,2024-11-15,352,New Lots Av (3),Brooklyn,1388
2020,2020-02-15,353,"President St-Medgar Evers College (2,5)",Brooklyn,951
2020,2020-05-15,353,"President St-Medgar Evers College (2,5)",Brooklyn,642
2020,2020-08-15,353,"President St-Medgar Evers College (2,5)",Brooklyn,797
2020,2020-11-15,353,"President St-Medgar Evers College (2,5)",Brooklyn,898
2021,2021-02-15,353,"President St-Medgar Evers College (2,5)",Brooklyn,891
2021,2021-05-15,353,"President St-Medgar Evers College (2,5)",Brooklyn,963
2021,2021-08-15,353,"President St-Medgar Evers College (2,5)",Brooklyn,987
2021,2021-11-15,353,"President St-Medgar Evers College (2,5)",Brooklyn,1069
2022,2022-02-15,353,"President St-Medgar Evers College (2,5)",Brooklyn,762
2022,2022-05-15,353,"President St-Medgar Evers College (2,5)",Brooklyn,1061
2022,2022-08-15,353,"President St-Medgar Evers College (2,5)",Brooklyn,1006
2022,2022-11-15,353,"President St-Medgar Evers College (2,5)",Brooklyn,998
2023,2023-02-15,353,"President St-Medgar Evers College (2,5)",Brooklyn,1053
2023,2023-05-15,353,"President St-Medgar Evers College (2,5)",Brooklyn,1070
2023,2023-08-15,353,"President St-Medgar Evers College (2,5)",Brooklyn,1017
2023,2023-11-15,353,"President St-Medgar Evers College (2,5)",Brooklyn,1082
2024,2024-02-15,353,"President St-Medgar Evers College (2,5)",Brooklyn,1080
2024,2024-05-15,353,"President St-Medgar Evers College (2,5)",Brooklyn,1075
2024,2024-08-15,353,"President St-Medgar Evers College (2,5)",Brooklyn,1054
2024,2024-11-15,353,"President St-Medgar Evers College (2,5)",Brooklyn,1209
2020,2020-02-15,354,"Sterling St (2,5)",Brooklyn,992
2020,2020-05-15,354,"Sterling St (2,5)",Brooklyn,766
2020,2020-08-15,354,"Sterling St (2,5)",Brooklyn,876
2020,2020-11-15,354,"Sterling St (2,5)",Brooklyn,976
2021,2021-02-15,354,"Sterling St (2,5)",Brooklyn,968
2021,2021-05-15,354,"Sterling St (2,5)",Brooklyn,1064
2021,2021-08-15,354,"Sterling St (2,5)",Brooklyn,1081
2021,2021-11-15,354,"Sterling St (2,5)",Brooklyn,1118
2022,2022-02-15,354,"Sterling St (2,5)",Brooklyn,831
2022,2022-05-15,354,"Sterling St (2,5)",Brooklyn,1136
2022,2022-08-15,354,"Sterling St (2,5)",Brooklyn,1091
2022,2022-11-15,354,"Sterling St (2,5)",Brooklyn,1098
2023,2023-02-15,354,"Sterling St (2,5)",Brooklyn,1118
2023,2023-05-15,354,"Sterling St (2,5)",Brooklyn,1139
2023,2023-08-15,354,"Sterling St (2,5)",Brooklyn,1110
2023,2023-11-15,354,"Sterling St (2,5)",Brooklyn,1145
2024,2024-02-15,354,"Sterling St (2,5)",Brooklyn,1167
2024,2024-05-15,354,"Sterling St (2,5)",Brooklyn,1152
2024,2024-08-15,354,"Sterling St (2,5)",Brooklyn,1150
2024,2024-11-15,354,"Sterling St (2,5)",Brooklyn,1271
2020,2020-02-15,355,"Winthrop St (2,5)",Brooklyn,991
2020,2020-05-15,355,"Winthrop St (2,5)",Brooklyn,812
2020,2020-08-15,355,"Winthrop St (2,5)",Brooklyn,912
2020,2020-11-15,355,"Winthrop St (2,5)",Brooklyn,1003
2021,2021-02-15,355,"Winthrop St (2,5)",Brooklyn,966
2021,2021-05-15,355,"Winthrop St (2,5)",Brooklyn,1071
2021,2021-08-15,355,"Winthrop St (2,5)",Brooklyn,1104
2021,2021-11-15,355,"Winthrop St (2,5)",Brooklyn,1145
2022,2022-02-15,355,"Winthrop St (2,5)",Brooklyn,828
2022,2022-05-15,355,"Winthrop St (2,5)",Brooklyn,1153
2022,2022-08-15,355,"Winthrop St (2,5)",Brooklyn,1143
2022,2022-11-15,355,"Winthrop St (2,5)",Brooklyn,1085
2023,2023-02-15,355,"Winthrop St (2,5)",Brooklyn,1136
2023,2023-05-15,355,"Winthrop St (2,5)",Brooklyn,1183
2023,2023-08-15,355,"Winthrop St (2,5)",Brooklyn,1163
2023,2023-11-15,355,"Winthrop St (2,5)",Brooklyn,1196
2024,2024-02-15,355,"Winthrop St (2,5)",Brooklyn,1193
2024,2024-05-15,355,"Winthrop St (2,5)",Brooklyn,1194
2024,2024-08-15,355,"Winthrop St (2,5)",Brooklyn,1180
2024,2024-11-15,355,"Winthrop St (2,5)",Brooklyn,1350
2020,2020-02-15,356,"Church Av (2,5)",Brooklyn,1055
2020,2020-05-15,356,"Church Av (2,5)",Brooklyn,884
2020,2020-08-15,356,"Church Av (2,5)",Brooklyn,963
2020,2020-11-15,356,"Church Av (2,5)",Brooklyn,1036
2021,2021-02-15,356,"Church Av (2,5)",Brooklyn,1013
2021,2021-05-15,356,"Church Av (2,5)",Brooklyn,1131
2021,2021-08-15,356,"Church Av (2,5)",Brooklyn,1168
2021,2021-11-15,356,"Church Av (2,5)",Brooklyn,1196
2022,2022-02-15,356,"Church Av (2,5)",Brooklyn,863
2022,2022-05-15,356,"Church Av (2,5)",Brooklyn,1198
2022,2022-08-15,356,"Church Av (2,5)",Brooklyn,1193
2022,2022-11-15,356,"Church Av (2,5)",Brooklyn,1149
2023,2023-02-15,356,"Church Av (2,5)",Brooklyn,1196
2023,2023-05-15,356,"Church Av (2,5)",Brooklyn,1219
2023,2023-08-15,356,"Church Av (2,5)",Brooklyn,1201
2023,2023-11-15,356,"Church Av (2,5)",Brooklyn,1250
2024,2024-02-15,356,"Church Av (2,5)",Brooklyn,1227
2024,2024-05-15,356,"Church Av (2,5)",Brooklyn,1242
2024,2024-08-15,356,"Church Av (2,5)",Brooklyn,1231
2024,2024-11-15,356,"Church Av (2,5)",Brooklyn,1416
2020,2020-02-15,357,"Beverly Rd (2,5)",Brooklyn,974
2020,2020-05-15,357,"Beverly Rd (2,5)",Brooklyn,759
2020,2020-08-15,357,"Beverly Rd (2,5)",Brooklyn,881
2020,2020-11-15,357,"Beverly Rd (2,5)",Brooklyn,969
2021,2021-02-15,357,"Beverly Rd (2,5)",Brooklyn,935
2021,2021-05-15,357,"Beverly Rd (2,5)",Brooklyn,1052
2021,2021-08-15,357,"Beverly Rd (2,5)",Brooklyn,1064
2021,2021-11-15,357,"Beverly Rd (2,5)",Brooklyn,1108
2022,2022-02-15,357,"Beverly Rd (2,5)",Brooklyn,806
2022,2022-05-15,357,"Beverly Rd (2,5)",Brooklyn,1117
2022,2022-08-15,357,"Beverly Rd (2,5)",Brooklyn,1087
2022,2022-11-15,357,"Beverly Rd (2,5)",Brooklyn,1054
2023,2023-02-15,357,"Beverly Rd (2,5)",Brooklyn,1093
2023,2023-05-15,357,"Beverly Rd (2,5)",Brooklyn,1118
2023,2023-08-15,357,"Beverly Rd (2,5)",Brooklyn,1101
2023,2023-11-15,357,"Beverly Rd (2,5)",Brooklyn,1144
2024,2024-02-15,357,"Beverly Rd (2,5)",Brooklyn,1125
2024,2024-05-15,357,"Beverly Rd (2,5)",Brooklyn,1150
2024,2024-08-15,357,"Beverly Rd (2,5)",Brooklyn,1122
2024,2024-11-15,357,"Beverly Rd (2,5)",Brooklyn,1312
2020,2020-02-15,358,"Newkirk Av-Little Haiti (2,5)",Brooklyn,1043
2020,2020-05-15,358,"Newkirk Av-Little Haiti (2,5)",Brooklyn,853
2020,2020-08-15,358,"Newkirk Av-Little Haiti (2,5)",Brooklyn,942
2020,2020-11-15,358,"Newkirk Av-Little Haiti (2,5)",Brooklyn,1028
2021,2021-02-15,358,"Newkirk Av-Little Haiti (2,5)",Brooklyn,979
2021,2021-05-15,358,"Newkirk Av-Little Haiti (2,5)",Brooklyn,1119
2021,2021-08-15,358,"Newkirk Av-Little Haiti (2,5)",Brooklyn,1138
2021,2021-11-15,358,"Newkirk Av-Little Haiti (2,5)",Brooklyn,1176
2022,2022-02-15,358,"Newkirk Av-Little Haiti (2,5)",Brooklyn,854
2022,2022-05-15,358,"Newkirk Av-Little Haiti (2,5)",Brooklyn,1184
2022,2022-08-15,358,"Newkirk Av-Little Haiti (2,5)",Brooklyn,1165
2022,2022-11-15,358,"Newkirk Av-Little Haiti (2,5)",Brooklyn,1122
2023,2023-02-15,358,"Newkirk Av-Little Haiti (2,5)",Brooklyn,1164
2023,2023-05-15,358,"Newkirk Av-Little Haiti (2,5)",Brooklyn,1182
2023,2023-08-15,358,"Newkirk Av-Little Haiti (2,5)",Brooklyn,1180
2023,2023-11-15,358,"Newkirk Av-Little Haiti (2,5)",Brooklyn,1205
2024,2024-02-15,358,"Newkirk Av-Little Haiti (2,5)",Brooklyn,1190
2024,2024-05-15,358,"Newkirk Av-Little Haiti (2,5)",Brooklyn,1194
2024,2024-08-15,358,"Newkirk Av-Little Haiti (2,5)",Brooklyn,1174
2024,2024-11-15,358,"Newkirk Av-Little Haiti (2,5)",Brooklyn,1379
2020,2020-02-15,359,"Flatbush Av-Brooklyn College (2,5)",Brooklyn,1079
2020,2020-05-15,359,"Flatbush Av-Brooklyn College (2,5)",Brooklyn,910
2020,2020-08-15,359,"Flatbush Av-Brooklyn College (2,5)",Brooklyn,999
2020,2020-11-15,359,"Flatbush Av-Brooklyn College (2,5)",Brooklyn,1083
2021,2021-02-15,359,"Flatbush Av-Brooklyn College (2,5)",Brooklyn,1052
2021,2021-05-15,359,"Flatbush Av-Brooklyn College (2,5)",Brooklyn,1177
2021,2021-08-15,359,"Flatbush Av-Brooklyn College (2,5)",Brooklyn,1203
2021,2021-11-15,359,"Flatbush Av-Brooklyn College (2,5)",Brooklyn,1222
2022,2022-02-15,359,"Flatbush Av-Brooklyn College (2,5)",Brooklyn,898
2022,2022-05-15,359,"Flatbush Av-Brooklyn College (2,5)",Brooklyn,1231
2022,2022-08-15,359,"Flatbush Av-Brooklyn College (2,5)",Brooklyn,1216
2022,2022-11-15,359,"Flatbush Av-Brooklyn College (2,5)",Brooklyn,1208
2023,2023-02-15,359,"Flatbush Av-Brooklyn College (2,5)",Brooklyn,1271
2023,2023-05-15,359,"Flatbush Av-Brooklyn College (2,5)",Brooklyn,1287
2023,2023-08-15,359,"Flatbush Av-Brooklyn College (2,5)",Brooklyn,1273
2023,2023-11-15,359,"Flatbush Av-Brooklyn College (2,5)",Brooklyn,1327
2024,2024-02-15,359,"Flatbush Av-Brooklyn College (2,5)",Brooklyn,1310
2024,2024-05-15,359,"Flatbush Av-Brooklyn College (2,5)",Brooklyn,1311
2024,2024-08-15,359,"Flatbush Av-Brooklyn College (2,5)",Brooklyn,1295
2024,2024-11-15,359,"Flatbush Av-Brooklyn College (2,5)",Brooklyn,1508
2020,2020-02-15,36,Bay Ridge Av (R),Brooklyn,1016
2020,2020-05-15,36,Bay Ridge Av (R),Brooklyn,795
2020,2020-08-15,36,Bay Ridge Av (R),Brooklyn,809
2020,2020-11-15,36,Bay Ridge Av (R),Brooklyn,985
2021,2021-02-15,36,Bay Ridge Av (R),Brooklyn,978
2021,2021-05-15,36,Bay Ridge Av (R),Brooklyn,1100
2021,2021-08-15,36,Bay Ridge Av (R),Brooklyn,1087
2021,2021-11-15,36,Bay Ridge Av (R),Brooklyn,1151
2022,2022-02-15,36,Bay Ridge Av (R),Brooklyn,1116
2022,2022-05-15,36,Bay Ridge Av (R),Brooklyn,750
2022,2022-08-15,36,Bay Ridge Av (R),Brooklyn,1115
2022,2022-11-15,36,Bay Ridge Av (R),Brooklyn,1179
2023,2023-02-15,36,Bay Ridge Av (R),Brooklyn,1166
2023,2023-05-15,36,Bay Ridge Av (R),Brooklyn,1195
2023,2023-08-15,36,Bay Ridge Av (R),Brooklyn,1171
2023,2023-11-15,36,Bay Ridge Av (R),Brooklyn,1204
2024,2024-02-15,36,Bay Ridge Av (R),Brooklyn,1218
2024,2024-05-15,36,Bay Ridge Av (R),Brooklyn,1252
2024,2024-08-15,36,Bay Ridge Av (R),Brooklyn,1228
2024,2024-11-15,36,Bay Ridge Av (R),Brooklyn,1398
2020,2020-02-15,360,Pelham Bay Park (6),Bronx,1096
2020,2020-05-15,360,Pelham Bay Park (6),Bronx,972
2020,2020-08-15,360,Pelham Bay Park (6),Bronx,977
2020,2020-11-15,360,Pelham Bay Park (6),Bronx,1039
2021,2021-02-15,360,Pelham Bay Park (6),Bronx,990
2021,2021-05-15,360,Pelham Bay Park (6),Bronx,1141
2021,2021-08-15,360,Pelham Bay Park (6),Bronx,1130
2021,2021-11-15,360,Pelham Bay Park (6),Bronx,1169
2022,2022-02-15,360,Pelham Bay Park (6),Bronx,1141
2022,2022-05-15,360,Pelham Bay Park (6),Bronx,1179
2022,2022-08-15,360,Pelham Bay Park (6),Bronx,1178
2022,2022-11-15,360,Pelham Bay Park (6),Bronx,1195
2023,2023-02-15,360,Pelham Bay Park (6),Bronx,1207
2023,2023-05-15,360,Pelham Bay Park (6),Bronx,943
2023,2023-08-15,360,Pelham Bay Park (6),Bronx,1217
2023,2023-11-15,360,Pelham Bay Park (6),Bronx,1236
2024,2024-02-15,360,Pelham Bay Park (6),Bronx,1215
2024,2024-05-15,360,Pelham Bay Park (6),Bronx,1230
2024,2024-08-15,360,Pelham Bay Park (6),Bronx,1241
2024,2024-11-15,360,Pelham Bay Park (6),Bronx,1376
2020,2020-02-15,361,Buhre Av (6),Bronx,983
2020,2020-05-15,361,Buhre Av (6),Bronx,786
2020,2020-08-15,361,Buhre Av (6),Bronx,857
2020,2020-11-15,361,Buhre Av (6),Bronx,940
2021,2021-02-15,361,Buhre Av (6),Bronx,875
2021,2021-05-15,361,Buhre Av (6),Bronx,1010
2021,2021-08-15,361,Buhre Av (6),Bronx,1006
2021,2021-11-15,361,Buhre Av (6),Bronx,1052
2022,2022-02-15,361,Buhre Av (6),Bronx,1055
2022,2022-05-15,361,Buhre Av (6),Bronx,1079
2022,2022-08-15,361,Buhre Av (6),Bronx,1062
2022,2022-11-15,361,Buhre Av (6),Bronx,1086
2023,2023-02-15,361,Buhre Av (6),Bronx,1068
2023,2023-05-15,361,Buhre Av (6),Bronx,837
2023,2023-08-15,361,Buhre Av (6),Bronx,1019
2023,2023-11-15,361,Buhre Av (6),Bronx,1106
2024,2024-02-15,361,Buhre Av (6),Bronx,1102
2024,2024-05-15,361,Buhre Av (6),Bronx,1130
2024,2024-08-15,361,Buhre Av (6),Bronx,1068
2024,2024-11-15,361,Buhre Av (6),Bronx,1212
2020,2020-02-15,362,Middletown Rd (6),Bronx,923
2020,2020-05-15,362,Middletown Rd (6),Bronx,638
2020,2020-08-15,362,Middletown Rd (6),Bronx,756
2020,2020-11-15,362,Middletown Rd (6),Bronx,849
2021,2021-02-15,362,Middletown Rd (6),Bronx,793
2021,2021-05-15,362,Middletown Rd (6),Bronx,939
2021,2021-08-15,362,Middletown Rd (6),Bronx,935
2021,2021-11-15,362,Middletown Rd (6),Bronx,1017
2022,2022-02-15,362,Middletown Rd (6),Bronx,983
2022,2022-05-15,362,Middletown Rd (6),Bronx,1013
2022,2022-08-15,362,Middletown Rd (6),Bronx,963
2022,2022-11-15,362,Middletown Rd (6),Bronx,999
2023,2023-02-15,362,Middletown Rd (6),Bronx,967
2023,2023-05-15,362,Middletown Rd (6),Bronx,794
2023,2023-08-15,362,Middletown Rd (6),Bronx,1000
2023,2023-11-15,362,Middletown Rd (6),Bronx,1037
2024,2024-02-15,362,Middletown Rd (6),Bronx,953
2024,2024-05-15,362,Middletown Rd (6),Bronx,1033
2024,2024-08-15,362,Middletown Rd (6),Bronx,974
2024,2024-11-15,362,Middletown Rd (6),Bronx,1122
2020,2020-02-15,363,Westchester Sq-E Tremont Av (6),Bronx,1090
2020,2020-05-15,363,Westchester Sq-E Tremont Av (6),Bronx,950
2020,2020-08-15,363,Westchester Sq-E Tremont Av (6),Bronx,948
2020,2020-11-15,363,Westchester Sq-E Tremont Av (6),Bronx,1030
2021,2021-02-15,363,Westchester Sq-E Tremont Av (6),Bronx,984
2021,2021-05-15,363,Westchester Sq-E Tremont Av (6),Bronx,1083
2021,2021-08-15,363,Westchester Sq-E Tremont Av (6),Bronx,1113
2021,2021-11-15,363,Westchester Sq-E Tremont Av (6),Bronx,1155
2022,2022-02-15,363,Westchester Sq-E Tremont Av (6),Bronx,1150
2022,2022-05-15,363,Westchester Sq-E Tremont Av (6),Bronx,1164
2022,2022-08-15,363,Westchester Sq-E Tremont Av (6),Bronx,1148
2022,2022-11-15,363,Westchester Sq-E Tremont Av (6),Bronx,1177
2023,2023-02-15,363,Westchester Sq-E Tremont Av (6),Bronx,1155
2023,2023-05-15,363,Westchester Sq-E Tremont Av (6),Bronx,898
2023,2023-08-15,363,Westchester Sq-E Tremont Av (6),Bronx,1074
2023,2023-11-15,363,Westchester Sq-E Tremont Av (6),Bronx,1025
2024,2024-02-15,363,Westchester Sq-E Tremont Av (6),Bronx,1130
2024,2024-05-15,363,Westchester Sq-E Tremont Av (6),Bronx,1148
2024,2024-08-15,363,Westchester Sq-E Tremont Av (6),Bronx,1104
2024,2024-11-15,363,Westchester Sq-E Tremont Av (6),Bronx,1322
2020,2020-02-15,364,Zerega Av (6),Bronx,974
2020,2020-05-15,364,Zerega Av (6),Bronx,711
2020,2020-08-15,364,Zerega Av (6),Bronx,801
2020,2020-11-15,364,Zerega Av (6),Bronx,918
2021,2021-02-15,364,Zerega Av (6),Bronx,836
2021,2021-05-15,364,Zerega Av (6),Bronx,933
2021,2021-08-15,364,Zerega Av (6),Bronx,936
2021,2021-11-15,364,Zerega Av (6),Bronx,993
2022,2022-02-15,364,Zerega Av (6),Bronx,967
2022,2022-05-15,364,Zerega Av (6),Bronx,994
2022,2022-08-15,364,Zerega Av (6),Bronx,978
2022,2022-11-15,364,Zerega Av (6),Bronx,991
2023,2023-02-15,364,Zerega Av (6),Bronx,971
2023,2023-05-15,364,Zerega Av (6),Bronx,776
2023,2023-08-15,364,Zerega Av (6),Bronx,960
2023,2023-11-15,364,Zerega Av (6),Bronx,1005
2024,2024-02-15,364,Zerega Av (6),Bronx,998
2024,2024-05-15,364,Zerega Av (6),Bronx,1030
2024,2024-08-15,364,Zerega Av (6),Bronx,996
2024,2024-11-15,364,Zerega Av (6),Bronx,1113
2020,2020-02-15,365,Castle Hill Av (6),Bronx,1130
2020,2020-05-15,365,Castle Hill Av (6),Bronx,958
2020,2020-08-15,365,Castle Hill Av (6),Bronx,950
2020,2020-11-15,365,Castle Hill Av (6),Bronx,1046
2021,2021-02-15,365,Castle Hill Av (6),Bronx,993
2021,2021-05-15,365,Castle Hill Av (6),Bronx,1126
2021,2021-08-15,365,Castle Hill Av (6),Bronx,1139
2021,2021-11-15,365,Castle Hill Av (6),Bronx,1144
2022,2022-02-15,365,Castle Hill Av (6),Bronx,1139
2022,2022-05-15,365,Castle Hill Av (6),Bronx,1151
2022,2022-08-15,365,Castle Hill Av (6),Bronx,1155
2022,2022-11-15,365,Castle Hill Av (6),Bronx,1149
2023,2023-02-15,365,Castle Hill Av (6),Bronx,1167
2023,2023-05-15,365,Castle Hill Av (6),Bronx,900
2023,2023-08-15,365,Castle Hill Av (6),Bronx,1086
2023,2023-11-15,365,Castle Hill Av (6),Bronx,1172
2024,2024-02-15,365,Castle Hill Av (6),Bronx,1176
2024,2024-05-15,365,Castle Hill Av (6),Bronx,1206
2024,2024-08-15,365,Castle Hill Av (6),Bronx,1207
2024,2024-11-15,365,Castle Hill Av (6),Bronx,1357
2020,2020-02-15,366,Parkchester (6),Bronx,1207
2020,2020-05-15,366,Parkchester (6),Bronx,1056
2020,2020-08-15,366,Parkchester (6),Bronx,1006
2020,2020-11-15,366,Parkchester (6),Bronx,1086
2021,2021-02-15,366,Parkchester (6),Bronx,1047
2021,2021-05-15,366,Parkchester (6),Bronx,1190
2021,2021-08-15,366,Parkchester (6),Bronx,1195
2021,2021-11-15,366,Parkchester (6),Bronx,1221
2022,2022-02-15,366,Parkchester (6),Bronx,1207
2022,2022-05-15,366,Parkchester (6),Bronx,1226
2022,2022-08-15,366,Parkchester (6),Bronx,1217
2022,2022-11-15,366,Parkchester (6),Bronx,1241
2023,2023-02-15,366,Parkchester (6),Bronx,1240
2023,2023-05-15,366,Parkchester (6),Bronx,1280
2023,2023-08-15,366,Parkchester (6),Bronx,1281
2023,2023-11-15,366,Parkchester (6),Bronx,1274
2024,2024-02-15,366,Parkchester (6),Bronx,1285
2024,2024-05-15,366,Parkchester (6),Bronx,1289
2024,2024-08-15,366,Parkchester (6),Bronx,1290
2024,2024-11-15,366,Parkchester (6),Bronx,1482
2020,2020-02-15,367,St Lawrence Av (6),Bronx,1128
2020,2020-05-15,367,St Lawrence Av (6),Bronx,870
2020,2020-08-15,367,St Lawrence Av (6),Bronx,891
2020,2020-11-15,367,St Lawrence Av (6),Bronx,971
2021,2021-02-15,367,St Lawrence Av (6),Bronx,922
2021,2021-05-15,367,St Lawrence Av (6),Bronx,1060
2021,2021-08-15,367,St Lawrence Av (6),Bronx,1042
2021,2021-11-15,367,St Lawrence Av (6),Bronx,1116
2022,2022-02-15,367,St Lawrence Av (6),Bronx,1084
2022,2022-05-15,367,St Lawrence Av (6),Bronx,1128
2022,2022-08-15,367,St Lawrence Av (6),Bronx,1085
2022,2022-11-15,367,St Lawrence Av (6),Bronx,1097
2023,2023-02-15,367,St Lawrence Av (6),Bronx,1088
2023,2023-05-15,367,St Lawrence Av (6),Bronx,1114
2023,2023-08-15,367,St Lawrence Av (6),Bronx,1079
2023,2023-11-15,367,St Lawrence Av (6),Bronx,1103
2024,2024-02-15,367,St Lawrence Av (6),Bronx,1090
2024,2024-05-15,367,St Lawrence Av (6),Bronx,1102
2024,2024-08-15,367,St Lawrence Av (6),Bronx,1073
2024,2024-11-15,367,St Lawrence Av (6),Bronx,1267
2020,2020-02-15,368,Morrison Av-Soundview (6),Bronx,1174
2020,2020-05-15,368,Morrison Av-Soundview (6),Bronx,989
2020,2020-08-15,368,Morrison Av-Soundview (6),Bronx,931
2020,2020-11-15,368,Morrison Av-Soundview (6),Bronx,1036
2021,2021-02-15,368,Morrison Av-Soundview (6),Bronx,987
2021,2021-05-15,368,Morrison Av-Soundview (6),Bronx,1112
2021,2021-08-15,368,Morrison Av-Soundview (6),Bronx,1106
2021,2021-11-15,368,Morrison Av-Soundview (6),Bronx,1170
2022,2022-02-15,368,Morrison Av-Soundview (6),Bronx,1152
2022,2022-05-15,368,Morrison Av-Soundview (6),Bronx,1168
2022,2022-08-15,368,Morrison Av-Soundview (6),Bronx,1150
2022,2022-11-15,368,Morrison Av-Soundview (6),Bronx,1185
2023,2023-02-15,368,Morrison Av-Soundview (6),Bronx,1167
2023,2023-05-15,368,Morrison Av-Soundview (6),Bronx,1182
2023,2023-08-15,368,Morrison Av-Soundview (6),Bronx,1158
2023,2023-11-15,368,Morrison Av-Soundview (6),Bronx,1173
2024,2024-02-15,368,Morrison Av-Soundview (6),Bronx,1159
2024,2024-05-15,368,Morrison Av-Soundview (6),Bronx,1164
2024,2024-08-15,368,Morrison Av-Soundview (6),Bronx,1151
2024,2024-11-15,368,Morrison Av-Soundview (6),Bronx,1332
2020,2020-02-15,369,Elder Av (6),Bronx,1140
2020,2020-05-15,369,Elder Av (6),Bronx,961
2020,2020-08-15,369,Elder Av (6),Bronx,915
2020,2020-11-15,369,Elder Av (6),Bronx,1051
2021,2021-02-15,369,Elder Av (6),Bronx,970
2021,2021-05-15,369,Elder Av (6),Bronx,1104
2021,2021-08-15,369,Elder Av (6),Bronx,1105
2021,2021-11-15,369,Elder Av (6),Bronx,1151
2022,2022-02-15,369,Elder Av (6),Bronx,1137
2022,2022-05-15,369,Elder Av (6),Bronx,1159
2022,2022-08-15,369,Elder Av (6),Bronx,1125
2022,2022-11-15,369,Elder Av (6),Bronx,1150
2023,2023-02-15,369,Elder Av (6),Bronx,1169
2023,2023-05-15,369,Elder Av (6),Bronx,1169
2023,2023-08-15,369,Elder Av (6),Bronx,1124
2023,2023-11-15,369,Elder Av (6),Bronx,1161
2024,2024-02-15,369,Elder Av (6),Bronx,1135
2024,2024-05-15,369,Elder Av (6),Bronx,1169
2024,2024-08-15,369,Elder Av (6),Bronx,1137
2024,2024-11-15,369,Elder Av (6),Bronx,1295
2020,2020-02-15,37,77 St (R),Brooklyn,957
2020,2020-05-15,37,77 St (R),Brooklyn,696
2020,2020-08-15,37,77 St (R),Brooklyn,758
2020,2020-11-15,37,77 St (R),Brooklyn,976
2021,2021-02-15,37,77 St (R),Brooklyn,967
2021,2021-05-15,37,77 St (R),Brooklyn,1039
2021,2021-08-15,37,77 St (R),Brooklyn,1004
2021,2021-11-15,37,77 St (R),Brooklyn,1083
2022,2022-02-15,37,77 St (R),Brooklyn,1068
2022,2022-05-15,37,77 St (R),Brooklyn,741
2022,2022-08-15,37,77 St (R),Brooklyn,1035
2022,2022-11-15,37,77 St (R),Brooklyn,1106
2023,2023-02-15,37,77 St (R),Brooklyn,1116
2023,2023-05-15,37,77 St (R),Brooklyn,1120
2023,2023-08-15,37,77 St (R),Brooklyn,1113
2023,2023-11-15,37,77 St (R),Brooklyn,1160
2024,2024-02-15,37,77 St (R),Brooklyn,1160
2024,2024-05-15,37,77 St (R),Brooklyn,1158
2024,2024-08-15,37,77 St (R),Brooklyn,1127
2024,2024-11-15,37,77 St (R),Brooklyn,1287
2020,2020-02-15,370,Whitlock Av (6),Bronx,994
2020,2020-05-15,370,Whitlock Av (6),Bronx,765
2020,2020-08-15,370,Whitlock Av (6),Bronx,793
2020,2020-11-15,370,Whitlock Av (6),Bronx,892
2021,2021-02-15,370,Whitlock Av (6),Bronx,830
2021,2021-05-15,370,Whitlock Av (6),Bronx,978
2021,2021-08-15,370,Whitlock Av (6),Bronx,975
2021,2021-11-15,370,Whitlock Av (6),Bronx,995
2022,2022-02-15,370,Whitlock Av (6),Bronx,993
2022,2022-05-15,370,Whitlock Av (6),Bronx,1050
2022,2022-08-15,370,Whitlock Av (6),Bronx,994
2022,2022-11-15,370,Whitlock Av (6),Bronx,1017
2023,2023-02-15,370,Whitlock Av (6),Bronx,1020
2023,2023-05-15,370,Whitlock Av (6),Bronx,1039
2023,2023-08-15,370,Whitlock Av (6),Bronx,993
2023,2023-11-15,370,Whitlock Av (6),Bronx,1025
2024,2024-02-15,370,Whitlock Av (6),Bronx,1003
2024,2024-05-15,370,Whitlock Av (6),Bronx,1051
2024,2024-08-15,370,Whitlock Av (6),Bronx,967
2024,2024-11-15,370,Whitlock Av (6),Bronx,1093
2020,2020-02-15,371,Hunts Point Av (6),Bronx,1212
2020,2020-05-15,371,Hunts Point Av (6),Bronx,1061
2020,2020-08-15,371,Hunts Point Av (6),Bronx,1000
2020,2020-11-15,371,Hunts Point Av (6),Bronx,1085
2021,2021-02-15,371,Hunts Point Av (6),Bronx,1050
2021,2021-05-15,371,Hunts Point Av (6),Bronx,1173
2021,2021-08-15,371,Hunts Point Av (6),Bronx,1196
2021,2021-11-15,371,Hunts Point Av (6),Bronx,1209
2022,2022-02-15,371,Hunts Point Av (6),Bronx,1219
2022,2022-05-15,371,Hunts Point Av (6),Bronx,1227
2022,2022-08-15,371,Hunts Point Av (6),Bronx,1221
2022,2022-11-15,371,Hunts Point Av (6),Bronx,1237
2023,2023-02-15,371,Hunts Point Av (6),Bronx,1231
2023,2023-05-15,371,Hunts Point Av (6),Bronx,1246
2023,2023-08-15,371,Hunts Point Av (6),Bronx,1249
2023,2023-11-15,371,Hunts Point Av (6),Bronx,1244
2024,2024-02-15,371,Hunts Point Av (6),Bronx,1251
2024,2024-05-15,371,Hunts Point Av (6),Bronx,1276
2024,2024-08-15,371,Hunts Point Av (6),Bronx,1335
2024,2024-11-15,371,Hunts Point Av (6),Bronx,1480
2020,2020-02-15,372,Longwood Av (6),Bronx,851
2020,2020-05-15,372,Longwood Av (6),Bronx,702
2020,2020-08-15,372,Longwood Av (6),Bronx,881
2020,2020-11-15,372,Longwood Av (6),Bronx,961
2021,2021-02-15,372,Longwood Av (6),Bronx,932
2021,2021-05-15,372,Longwood Av (6),Bronx,1030
2021,2021-08-15,372,Longwood Av (6),Bronx,877
2021,2021-11-15,372,Longwood Av (6),Bronx,1093
2022,2022-02-15,372,Longwood Av (6),Bronx,1039
2022,2022-05-15,372,Longwood Av (6),Bronx,1102
2022,2022-08-15,372,Longwood Av (6),Bronx,1052
2022,2022-11-15,372,Longwood Av (6),Bronx,1095
2023,2023-02-15,372,Longwood Av (6),Bronx,1123
2023,2023-05-15,372,Longwood Av (6),Bronx,1131
2023,2023-08-15,372,Longwood Av (6),Bronx,1097
2023,2023-11-15,372,Longwood Av (6),Bronx,1148
2024,2024-02-15,372,Longwood Av (6),Bronx,1010
2024,2024-05-15,372,Longwood Av (6),Bronx,1142
2024,2024-08-15,372,Longwood Av (6),Bronx,1061
2024,2024-11-15,372,Longwood Av (6),Bronx,1252
2020,2020-02-15,373,E 149 St (6),Bronx,1139
2020,2020-05-15,373,E 149 St (6),Bronx,919
2020,2020-08-15,373,E 149 St (6),Bronx,932
2020,2020-11-15,373,E 149 St (6),Bronx,1023
2021,2021-02-15,373,E 149 St (6),Bronx,961
2021,2021-05-15,373,E 149 St (6),Bronx,1091
2021,2021-08-15,373,E 149 St (6),Bronx,1093
2021,2021-11-15,373,E 149 St (6),Bronx,1138
2022,2022-02-15,373,E 149 St (6),Bronx,1122
2022,2022-05-15,373,E 149 St (6),Bronx,1160
2022,2022-08-15,373,E 149 St (6),Bronx,1128
2022,2022-11-15,373,E 149 St (6),Bronx,1152
2023,2023-02-15,373,E 149 St (6),Bronx,1171
2023,2023-05-15,373,E 149 St (6),Bronx,1188
2023,2023-08-15,373,E 149 St (6),Bronx,1150
2023,2023-11-15,373,E 149 St (6),Bronx,1172
2024,2024-02-15,373,E 149 St (6),Bronx,1083
2024,2024-05-15,373,E 149 St (6),Bronx,1177
2024,2024-08-15,373,E 149 St (6),Bronx,1162
2024,2024-11-15,373,E 149 St (6),Bronx,1345
2020,2020-02-15,374,E 143 St-St Mary's St (6),Bronx,809
2020,2020-05-15,374,E 143 St-St Mary's St (6),Bronx,540
2020,2020-08-15,374,E 143 St-St Mary's St (6),Bronx,636
2020,2020-11-15,374,E 143 St-St Mary's St (6),Bronx,695
2021,2021-02-15,374,E 143 St-St Mary's St (6),Bronx,646
2021,2021-05-15,374,E 143 St-St Mary's St (6),Bronx,775
2021,2021-08-15,374,E 143 St-St Mary's St (6),Bronx,769
2021,2021-11-15,374,E 143 St-St Mary's St (6),Bronx,824
2022,2022-02-15,374,E 143 St-St Mary's St (6),Bronx,779
2022,2022-05-15,374,E 143 St-St Mary's St (6),Bronx,816
2022,2022-08-15,374,E 143 St-St Mary's St (6),Bronx,752
2022,2022-11-15,374,E 143 St-St Mary's St (6),Bronx,846
2023,2023-02-15,374,E 143 St-St Mary's St (6),Bronx,821
2023,2023-05-15,374,E 143 St-St Mary's St (6),Bronx,833
2023,2023-08-15,374,E 143 St-St Mary's St (6),Bronx,813
2023,2023-11-15,374,E 143 St-St Mary's St (6),Bronx,849
2024,2024-02-15,374,E 143 St-St Mary's St (6),Bronx,772
2024,2024-05-15,374,E 143 St-St Mary's St (6),Bronx,873
2024,2024-08-15,374,E 143 St-St Mary's St (6),Bronx,776
2024,2024-11-15,374,E 143 St-St Mary's St (6),Bronx,900
2020,2020-02-15,375,Cypress Av (6),Bronx,1074
2020,2020-05-15,375,Cypress Av (6),Bronx,898
2020,2020-08-15,375,Cypress Av (6),Bronx,852
2020,2020-11-15,375,Cypress Av (6),Bronx,975
2021,2021-02-15,375,Cypress Av (6),Bronx,922
2021,2021-05-15,375,Cypress Av (6),Bronx,1026
2021,2021-08-15,375,Cypress Av (6),Bronx,1015
2021,2021-11-15,375,Cypress Av (6),Bronx,1058
2022,2022-02-15,375,Cypress Av (6),Bronx,1027
2022,2022-05-15,375,Cypress Av (6),Bronx,1072
2022,2022-08-15,375,Cypress Av (6),Bronx,1013
2022,2022-11-15,375,Cypress Av (6),Bronx,1045
2023,2023-02-15,375,Cypress Av (6),Bronx,1023
2023,2023-05-15,375,Cypress Av (6),Bronx,1065
2023,2023-08-15,375,Cypress Av (6),Bronx,1043
2023,2023-11-15,375,Cypress Av (6),Bronx,1071
2024,2024-02-15,375,Cypress Av (6),Bronx,979
2024,2024-05-15,375,Cypress Av (6),Bronx,1086
2024,2024-08-15,375,Cypress Av (6),Bronx,1056
2024,2024-11-15,375,Cypress Av (6),Bronx,1199
2020,2020-02-15,376,Brook Av (6),Bronx,1161
2020,2020-05-15,376,Brook Av (6),Bronx,999
2020,2020-08-15,376,Brook Av (6),Bronx,940
2020,2020-11-15,376,Brook Av (6),Bronx,1008
2021,2021-02-15,376,Brook Av (6),Bronx,1003
2021,2021-05-15,376,Brook Av (6),Bronx,1118
2021,2021-08-15,376,Brook Av (6),Bronx,1114
2021,2021-11-15,376,Brook Av (6),Bronx,1165
2022,2022-02-15,376,Brook Av (6),Bronx,1142
2022,2022-05-15,376,Brook Av (6),Bronx,1164
2022,2022-08-15,376,Brook Av (6),Bronx,1159
2022,2022-11-15,376,Brook Av (6),Bronx,1168
2023,2023-02-15,376,Brook Av (6),Bronx,1182
2023,2023-05-15,376,Brook Av (6),Bronx,1182
2023,2023-08-15,376,Brook Av (6),Bronx,1172
2023,2023-11-15,376,Brook Av (6),Bronx,1195
2024,2024-02-15,376,Brook Av (6),Bronx,1091
2024,2024-05-15,376,Brook Av (6),Bronx,1198
2024,2024-08-15,376,Brook Av (6),Bronx,1150
2024,2024-11-15,376,Brook Av (6),Bronx,1352
2020,2020-02-15,377,3 Av-138 St (6),Bronx,1200
2020,2020-05-15,377,3 Av-138 St (6),Bronx,1042
2020,2020-08-15,377,3 Av-138 St (6),Bronx,973
2020,2020-11-15,377,3 Av-138 St (6),Bronx,1067
2021,2021-02-15,377,3 Av-138 St (6),Bronx,1034
2021,2021-05-15,377,3 Av-138 St (6),Bronx,1154
2021,2021-08-15,377,3 Av-138 St (6),Bronx,1173
2021,2021-11-15,377,3 Av-138 St (6),Bronx,1198
2022,2022-02-15,377,3 Av-138 St (6),Bronx,1202
2022,2022-05-15,377,3 Av-138 St (6),Bronx,1228
2022,2022-08-15,377,3 Av-138 St (6),Bronx,1194
2022,2022-11-15,377,3 Av-138 St (6),Bronx,1208
2023,2023-02-15,377,3 Av-138 St (6),Bronx,1230
2023,2023-05-15,377,3 Av-138 St (6),Bronx,1261
2023,2023-08-15,377,3 Av-138 St (6),Bronx,1231
2023,2023-11-15,377,3 Av-138 St (6),Bronx,1240
2024,2024-02-15,377,3 Av-138 St (6),Bronx,1159
2024,2024-05-15,377,3 Av-138 St (6),Bronx,1266
2024,2024-08-15,377,3 Av-138 St (6),Bronx,1238
2024,2024-11-15,377,3 Av-138 St (6),Bronx,1418
2020,2020-02-15,378,Woodlawn (4),Bronx,1181
2020,2020-05-15,378,Woodlawn (4),Bronx,922
2020,2020-08-15,378,Woodlawn (4),Bronx,943
2020,2020-11-15,378,Woodlawn (4),Bronx,1039
2021,2021-02-15,378,Woodlawn (4),Bronx,1004
2021,2021-05-15,378,Woodlawn (4),Bronx,1144
2021,2021-08-15,378,Woodlawn (4),Bronx,1135
2021,2021-11-15,378,Woodlawn (4),Bronx,1168
2022,2022-02-15,378,Woodlawn (4),Bronx,1167
2022,2022-05-15,378,Woodlawn (4),Bronx,1186
2022,2022-08-15,378,Woodlawn (4),Bronx,1160
2022,2022-11-15,378,Woodlawn (4),Bronx,1195
2023,2023-02-15,378,Woodlawn (4),Bronx,1202
2023,2023-05-15,378,Woodlawn (4),Bronx,1206
2023,2023-08-15,378,Woodlawn (4),Bronx,1195
2023,2023-11-15,378,Woodlawn (4),Bronx,1215
2024,2024-02-15,378,Woodlawn (4),Bronx,1220
2024,2024-05-15,378,Woodlawn (4),Bronx,1210
2024,2024-08-15,378,Woodlawn (4),Bronx,1209
2024,2024-11-15,378,Woodlawn (4),Bronx,1391
2020,2020-02-15,379,Mosholu Pkwy (4),Bronx,1206
2020,2020-05-15,379,Mosholu Pkwy (4),Bronx,1027
2020,2020-08-15,379,Mosholu Pkwy (4),Bronx,979
2020,2020-11-15,379,Mosholu Pkwy (4),Bronx,1070
2021,2021-02-15,379,Mosholu Pkwy (4),Bronx,1016
2021,2021-05-15,379,Mosholu Pkwy (4),Bronx,1166
2021,2021-08-15,379,Mosholu Pkwy (4),Bronx,1159
2021,2021-11-15,379,Mosholu Pkwy (4),Bronx,1184
2022,2022-02-15,379,Mosholu Pkwy (4),Bronx,1178
2022,2022-05-15,379,Mosholu Pkwy (4),Bronx,1195
2022,2022-08-15,379,Mosholu Pkwy (4),Bronx,1181
2022,2022-11-15,379,Mosholu Pkwy (4),Bronx,1213
2023,2023-02-15,379,Mosholu Pkwy (4),Bronx,1212
2023,2023-05-15,379,Mosholu Pkwy (4),Bronx,1226
2023,2023-08-15,379,Mosholu Pkwy (4),Bronx,1234
2023,2023-11-15,379,Mosholu Pkwy (4),Bronx,1265
2024,2024-02-15,379,Mosholu Pkwy (4),Bronx,1246
2024,2024-05-15,379,Mosholu Pkwy (4),Bronx,1214
2024,2024-08-15,379,Mosholu Pkwy (4),Bronx,1226
2024,2024-11-15,379,Mosholu Pkwy (4),Bronx,1410
2020,2020-02-15,38,86 St (R),Brooklyn,1179
2020,2020-05-15,38,86 St (R),Brooklyn,964
2020,2020-08-15,38,86 St (R),Brooklyn,971
2020,2020-11-15,38,86 St (R),Brooklyn,1046
2021,2021-02-15,38,86 St (R),Brooklyn,1021
2021,2021-05-15,38,86 St (R),Brooklyn,1153
2021,2021-08-15,38,86 St (R),Brooklyn,1156
2021,2021-11-15,38,86 St (R),Brooklyn,1179
2022,2022-02-15,38,86 St (R),Brooklyn,1176
2022,2022-05-15,38,86 St (R),Brooklyn,793
2022,2022-08-15,38,86 St (R),Brooklyn,1180
2022,2022-11-15,38,86 St (R),Brooklyn,1220
2023,2023-02-15,38,86 St (R),Brooklyn,1217
2023,2023-05-15,38,86 St (R),Brooklyn,1258
2023,2023-08-15,38,86 St (R),Brooklyn,1243
2023,2023-11-15,38,86 St (R),Brooklyn,1266
2024,2024-02-15,38,86 St (R),Brooklyn,1264
2024,2024-05-15,38,86 St (R),Brooklyn,1277
2024,2024-08-15,38,86 St (R),Brooklyn,1263
2024,2024-11-15,38,86 St (R),Brooklyn,1453
2020,2020-02-15,380,Bedford Park Blvd-Lehman College (4),Bronx,1153
2020,2020-05-15,380,Bedford Park Blvd-Lehman College (4),Bronx,932
2020,2020-08-15,380,Bedford Park Blvd-Lehman College (4),Bronx,911
2020,2020-11-15,380,Bedford Park Blvd-Lehman College (4),Bronx,1000
2021,2021-02-15,380,Bedford Park Blvd-Lehman College (4),Bronx,975
2021,2021-05-15,380,Bedford Park Blvd-Lehman College (4),Bronx,1097
2021,2021-08-15,380,Bedford Park Blvd-Lehman College (4),Bronx,1095
2021,2021-11-15,380,Bedford Park Blvd-Lehman College (4),Bronx,1130
2022,2022-02-15,380,Bedford Park Blvd-Lehman College (4),Bronx,1128
2022,2022-05-15,380,Bedford Park Blvd-Lehman College (4),Bronx,1168
2022,2022-08-15,380,Bedford Park Blvd-Lehman College (4),Bronx,1154
2022,2022-11-15,380,Bedford Park Blvd-Lehman College (4),Bronx,1191
2023,2023-02-15,380,Bedford Park Blvd-Lehman College (4),Bronx,1178
2023,2023-05-15,380,Bedford Park Blvd-Lehman College (4),Bronx,1213
2023,2023-08-15,380,Bedford Park Blvd-Lehman College (4),Bronx,1169
2023,2023-11-15,380,Bedford Park Blvd-Lehman College (4),Bronx,1234
2024,2024-02-15,380,Bedford Park Blvd-Lehman College (4),Bronx,1221
2024,2024-05-15,380,Bedford Park Blvd-Lehman College (4),Bronx,1185
2024,2024-08-15,380,Bedford Park Blvd-Lehman College (4),Bronx,1172
2024,2024-11-15,380,Bedford Park Blvd-Lehman College (4),Bronx,1381
2020,2020-02-15,381,Kingsbridge Rd (4),Bronx,1208
2020,2020-05-15,381,Kingsbridge Rd (4),Bronx,1030
2020,2020-08-15,381,Kingsbridge Rd (4),Bronx,971
2020,2020-11-15,381,Kingsbridge Rd (4),Bronx,1064
2021,2021-02-15,381,Kingsbridge Rd (4),Bronx,1029
2021,2021-05-15,381,Kingsbridge Rd (4),Bronx,1144
2021,2021-08-15,381,Kingsbridge Rd (4),Bronx,1173
2021,2021-11-15,381,Kingsbridge Rd (4),Bronx,1196
2022,2022-02-15,381,Kingsbridge Rd (4),Bronx,1183
2022,2022-05-15,381,Kingsbridge Rd (4),Bronx,1200
2022,2022-08-15,381,Kingsbridge Rd (4),Bronx,1210
2022,2022-11-15,381,Kingsbridge Rd (4),Bronx,1217
2023,2023-02-15,381,Kingsbridge Rd (4),Bronx,1200
2023,2023-05-15,381,Kingsbridge Rd (4),Bronx,1234
2023,2023-08-15,381,Kingsbridge Rd (4),Bronx,1197
2023,2023-11-15,381,Kingsbridge Rd (4),Bronx,1248
2024,2024-02-15,381,Kingsbridge Rd (4),Bronx,1230
2024,2024-05-15,381,Kingsbridge Rd (4),Bronx,1222
2024,2024-08-15,381,Kingsbridge Rd (4),Bronx,1216
2024,2024-11-15,381,Kingsbridge Rd (4),Bronx,1429
2020,2020-02-15,382,Fordham Rd (4),Bronx,1211
2020,2020-05-15,382,Fordham Rd (4),Bronx,1044
2020,2020-08-15,382,Fordham Rd (4),Bronx,973
2020,2020-11-15,382,Fordham Rd (4),Bronx,1057
2021,2021-02-15,382,Fordham Rd (4),Bronx,1030
2021,2021-05-15,382,Fordham Rd (4),Bronx,1169
2021,2021-08-15,382,Fordham Rd (4),Bronx,1183
2021,2021-11-15,382,Fordham Rd (4),Bronx,1213
2022,2022-02-15,382,Fordham Rd (4),Bronx,1201
2022,2022-05-15,382,Fordham Rd (4),Bronx,1224
2022,2022-08-15,382,Fordham Rd (4),Bronx,1216
2022,2022-11-15,382,Fordham Rd (4),Bronx,1241
2023,2023-02-15,382,Fordham Rd (4),Bronx,1241
2023,2023-05-15,382,Fordham Rd (4),Bronx,1257
2023,2023-08-15,382,Fordham Rd (4),Bronx,1231
2023,2023-11-15,382,Fordham Rd (4),Bronx,1317
2024,2024-02-15,382,Fordham Rd (4),Bronx,1317
2024,2024-05-15,382,Fordham Rd (4),Bronx,1313
2024,2024-08-15,382,Fordham Rd (4),Bronx,1278
2024,2024-11-15,382,Fordham Rd (4),Bronx,1442
2020,2020-02-15,383,183 St (4),Bronx,1188
2020,2020-05-15,383,183 St (4),Bronx,1010
2020,2020-08-15,383,183 St (4),Bronx,951
2020,2020-11-15,383,183 St (4),Bronx,1031
2021,2021-02-15,383,183 St (4),Bronx,992
2021,2021-05-15,383,183 St (4),Bronx,1122
2021,2021-08-15,383,183 St (4),Bronx,1106
2021,2021-11-15,383,183 St (4),Bronx,1154
2022,2022-02-15,383,183 St (4),Bronx,1135
2022,2022-05-15,383,183 St (4),Bronx,1178
2022,2022-08-15,383,183 St (4),Bronx,1146
2022,2022-11-15,383,183 St (4),Bronx,1167
2023,2023-02-15,383,183 St (4),Bronx,1161
2023,2023-05-15,383,183 St (4),Bronx,1188
2023,2023-08-15,383,183 St (4),Bronx,1168
2023,2023-11-15,383,183 St (4),Bronx,1195
2024,2024-02-15,383,183 St (4),Bronx,1197
2024,2024-05-15,383,183 St (4),Bronx,1204
2024,2024-08-15,383,183 St (4),Bronx,1169
2024,2024-11-15,383,183 St (4),Bronx,1373
2020,2020-02-15,384,Burnside Av (4),Bronx,1219
2020,2020-05-15,384,Burnside Av (4),Bronx,1054
2020,2020-08-15,384,Burnside Av (4),Bronx,974
2020,2020-11-15,384,Burnside Av (4),Bronx,1070
2021,2021-02-15,384,Burnside Av (4),Bronx,1024
2021,2021-05-15,384,Burnside Av (4),Bronx,1150
2021,2021-08-15,384,Burnside Av (4),Bronx,1162
2021,2021-11-15,384,Burnside Av (4),Bronx,1202
2022,2022-02-15,384,Burnside Av (4),Bronx,1186
2022,2022-05-15,384,Burnside Av (4),Bronx,1214
2022,2022-08-15,384,Burnside Av (4),Bronx,1196
2022,2022-11-15,384,Burnside Av (4),Bronx,1224
2023,2023-02-15,384,Burnside Av (4),Bronx,1223
2023,2023-05-15,384,Burnside Av (4),Bronx,1246
2023,2023-08-15,384,Burnside Av (4),Bronx,1212
2023,2023-11-15,384,Burnside Av (4),Bronx,1245
2024,2024-02-15,384,Burnside Av (4),Bronx,1250
2024,2024-05-15,384,Burnside Av (4),Bronx,1258
2024,2024-08-15,384,Burnside Av (4),Bronx,1229
2024,2024-11-15,384,Burnside Av (4),Bronx,1430
2020,2020-02-15,385,176 St (4),Bronx,1164
2020,2020-05-15,385,176 St (4),Bronx,988
2020,2020-08-15,385,176 St (4),Bronx,923
2020,2020-11-15,385,176 St (4),Bronx,1022
2021,2021-02-15,385,176 St (4),Bronx,991
2021,2021-05-15,385,176 St (4),Bronx,1100
2021,2021-08-15,385,176 St (4),Bronx,1112
2021,2021-11-15,385,176 St (4),Bronx,1140
2022,2022-02-15,385,176 St (4),Bronx,1137
2022,2022-05-15,385,176 St (4),Bronx,1160
2022,2022-08-15,385,176 St (4),Bronx,1143
2022,2022-11-15,385,176 St (4),Bronx,1159
2023,2023-02-15,385,176 St (4),Bronx,1154
2023,2023-05-15,385,176 St (4),Bronx,1186
2023,2023-08-15,385,176 St (4),Bronx,1147
2023,2023-11-15,385,176 St (4),Bronx,1165
2024,2024-02-15,385,176 St (4),Bronx,1214
2024,2024-05-15,385,176 St (4),Bronx,1195
2024,2024-08-15,385,176 St (4),Bronx,1177
2024,2024-11-15,385,176 St (4),Bronx,1369
2020,2020-02-15,386,Mt Eden Av (4),Bronx,1166
2020,2020-05-15,386,Mt Eden Av (4),Bronx,984
2020,2020-08-15,386,Mt Eden Av (4),Bronx,934
2020,2020-11-15,386,Mt Eden Av (4),Bronx,990
2021,2021-02-15,386,Mt Eden Av (4),Bronx,979
2021,2021-05-15,386,Mt Eden Av (4),Bronx,1105
2021,2021-08-15,386,Mt Eden Av (4),Bronx,1115
2021,2021-11-15,386,Mt Eden Av (4),Bronx,1155
2022,2022-02-15,386,Mt Eden Av (4),Bronx,1122
2022,2022-05-15,386,Mt Eden Av (4),Bronx,1167
2022,2022-08-15,386,Mt Eden Av (4),Bronx,1126
2022,2022-11-15,386,Mt Eden Av (4),Bronx,1170
2023,2023-02-15,386,Mt Eden Av (4),Bronx,1141
2023,2023-05-15,386,Mt Eden Av (4),Bronx,1168
2023,2023-08-15,386,Mt Eden Av (4),Bronx,1144
2023,2023-11-15,386,Mt Eden Av (4),Bronx,1174
2024,2024-02-15,386,Mt Eden Av (4),Bronx,1177
2024,2024-05-15,386,Mt Eden Av (4),Bronx,1159
2024,2024-08-15,386,Mt Eden Av (4),Bronx,1142
2024,2024-11-15,386,Mt Eden Av (4),Bronx,1314
2020,2020-02-15,387,170 St (4),Bronx,1192
2020,2020-05-15,387,170 St (4),Bronx,1025
2020,2020-08-15,387,170 St (4),Bronx,946
2020,2020-11-15,387,170 St (4),Bronx,1065
2021,2021-02-15,387,170 St (4),Bronx,992
2021,2021-05-15,387,170 St (4),Bronx,1132
2021,2021-08-15,387,170 St (4),Bronx,1133
2021,2021-11-15,387,170 St (4),Bronx,1166
2022,2022-02-15,387,170 St (4),Bronx,1155
2022,2022-05-15,387,170 St (4),Bronx,1199
2022,2022-08-15,387,170 St (4),Bronx,1189
2022,2022-11-15,387,170 St (4),Bronx,1196
2023,2023-02-15,387,170 St (4),Bronx,1178
2023,2023-05-15,387,170 St (4),Bronx,1205
2023,2023-08-15,387,170 St (4),Bronx,1190
2023,2023-11-15,387,170 St (4),Bronx,1214
2024,2024-02-15,387,170 St (4),Bronx,1197
2024,2024-05-15,387,170 St (4),Bronx,1231
2024,2024-08-15,387,170 St (4),Bronx,1189
2024,2024-11-15,387,170 St (4),Bronx,1410
2020,2020-02-15,388,167 St (4),Bronx,1180
2020,2020-05-15,388,167 St (4),Bronx,1016
2020,2020-08-15,388,167 St (4),Bronx,969
2020,2020-11-15,388,167 St (4),Bronx,1071
2021,2021-02-15,388,167 St (4),Bronx,1027
2021,2021-05-15,388,167 St (4),Bronx,1129
2021,2021-08-15,388,167 St (4),Bronx,1162
2021,2021-11-15,388,167 St (4),Bronx,1177
2022,2022-02-15,388,167 St (4),Bronx,1173
2022,2022-05-15,388,167 St (4),Bronx,1196
2022,2022-08-15,388,167 St (4),Bronx,1188
2022,2022-11-15,388,167 St (4),Bronx,1220
2023,2023-02-15,388,167 St (4),Bronx,1183
2023,2023-05-15,388,167 St (4),Bronx,1215
2023,2023-08-15,388,167 St (4),Bronx,1188
2023,2023-11-15,388,167 St (4),Bronx,1225
2024,2024-02-15,388,167 St (4),Bronx,1221
2024,2024-05-15,388,167 St (4),Bronx,1231
2024,2024-08-15,388,167 St (4),Bronx,1221
2024,2024-11-15,388,167 St (4),Bronx,1455
2020,2020-02-15,39,Bay Ridge-95 St (R),Brooklyn,1000
2020,2020-05-15,39,Bay Ridge-95 St (R),Brooklyn,774
2020,2020-08-15,39,Bay Ridge-95 St (R),Brooklyn,806
2020,2020-11-15,39,Bay Ridge-95 St (R),Brooklyn,985
2021,2021-02-15,39,Bay Ridge-95 St (R),Brooklyn,961
2021,2021-05-15,39,Bay Ridge-95 St (R),Brooklyn,1084
2021,2021-08-15,39,Bay Ridge-95 St (R),Brooklyn,1077
2021,2021-11-15,39,Bay Ridge-95 St (R),Brooklyn,1114
2022,2022-02-15,39,Bay Ridge-95 St (R),Brooklyn,1119
2022,2022-05-15,39,Bay Ridge-95 St (R),Brooklyn,766
2022,2022-08-15,39,Bay Ridge-95 St (R),Brooklyn,1124
2022,2022-11-15,39,Bay Ridge-95 St (R),Brooklyn,1146
2023,2023-02-15,39,Bay Ridge-95 St (R),Brooklyn,1147
2023,2023-05-15,39,Bay Ridge-95 St (R),Brooklyn,1194
2023,2023-08-15,39,Bay Ridge-95 St (R),Brooklyn,1160
2023,2023-11-15,39,Bay Ridge-95 St (R),Brooklyn,1221
2024,2024-02-15,39,Bay Ridge-95 St (R),Brooklyn,1212
2024,2024-05-15,39,Bay Ridge-95 St (R),Brooklyn,1212
2024,2024-08-15,39,Bay Ridge-95 St (R),Brooklyn,1208
2024,2024-11-15,39,Bay Ridge-95 St (R),Brooklyn,1362
2020,2020-02-15,391,"138 St-Grand Concourse (4,5)",Bronx,997
2020,2020-05-15,391,"138 St-Grand Concourse (4,5)",Bronx,759
2020,2020-08-15,391,"138 St-Grand Concourse (4,5)",Bronx,831
2020,2020-11-15,391,"138 St-Grand Concourse (4,5)",Bronx,965
2021,2021-02-15,391,"138 St-Grand Concourse (4,5)",Bronx,918
2021,2021-05-15,391,"138 St-Grand Concourse (4,5)",Bronx,1048
2021,2021-08-15,391,"138 St-Grand Concourse (4,5)",Bronx,1091
2021,2021-11-15,391,"138 St-Grand Concourse (4,5)",Bronx,1097
2022,2022-02-15,391,"138 St-Grand Concourse (4,5)",Bronx,1070
2022,2022-05-15,391,"138 St-Grand Concourse (4,5)",Bronx,1099
2022,2022-08-15,391,"138 St-Grand Concourse (4,5)",Bronx,1108
2022,2022-11-15,391,"138 St-Grand Concourse (4,5)",Bronx,1120
2023,2023-02-15,391,"138 St-Grand Concourse (4,5)",Bronx,1127
2023,2023-05-15,391,"138 St-Grand Concourse (4,5)",Bronx,1154
2023,2023-08-15,391,"138 St-Grand Concourse (4,5)",Bronx,1126
2023,2023-11-15,391,"138 St-Grand Concourse (4,5)",Bronx,1164
2024,2024-02-15,391,"138 St-Grand Concourse (4,5)",Bronx,1167
2024,2024-05-15,391,"138 St-Grand Concourse (4,5)",Bronx,1177
2024,2024-08-15,391,"138 St-Grand Concourse (4,5)",Bronx,1116
2024,2024-11-15,391,"138 St-Grand Concourse (4,5)",Bronx,1308
2020,2020-02-15,392,"125 St (4,5,6)",Manhattan,1255
2020,2020-05-15,392,"125 St (4,5,6)",Manhattan,1068
2020,2020-08-15,392,"125 St (4,5,6)",Manhattan,1004
2020,2020-11-15,392,"125 St (4,5,6)",Manhattan,1089
2021,2021-02-15,392,"125 St (4,5,6)",Manhattan,1069
2021,2021-05-15,392,"125 St (4,5,6)",Manhattan,1205
2021,2021-08-15,392,"125 St (4,5,6)",Manhattan,1229
2021,2021-11-15,392,"125 St (4,5,6)",Manhattan,1244
2022,2022-02-15,392,"125 St (4,5,6)",Manhattan,1250
2022,2022-05-15,392,"125 St (4,5,6)",Manhattan,1272
2022,2022-08-15,392,"125 St (4,5,6)",Manhattan,1245
2022,2022-11-15,392,"125 St (4,5,6)",Manhattan,1284
2023,2023-02-15,392,"125 St (4,5,6)",Manhattan,1296
2023,2023-05-15,392,"125 St (4,5,6)",Manhattan,1334
2023,2023-08-15,392,"125 St (4,5,6)",Manhattan,1329
2023,2023-11-15,392,"125 St (4,5,6)",Manhattan,1347
2024,2024-02-15,392,"125 St (4,5,6)",Manhattan,1336
2024,2024-05-15,392,"125 St (4,5,6)",Manhattan,1500
2024,2024-08-15,392,"125 St (4,5,6)",Manhattan,1468
2024,2024-11-15,392,"125 St (4,5,6)",Manhattan,1573
2020,2020-02-15,393,116 St (6),Manhattan,1228
2020,2020-05-15,393,116 St (6),Manhattan,1057
2020,2020-08-15,393,116 St (6),Manhattan,989
2020,2020-11-15,393,116 St (6),Manhattan,1073
2021,2021-02-15,393,116 St (6),Manhattan,1066
2021,2021-05-15,393,116 St (6),Manhattan,1174
2021,2021-08-15,393,116 St (6),Manhattan,1197
2021,2021-11-15,393,116 St (6),Manhattan,1207
2022,2022-02-15,393,116 St (6),Manhattan,1210
2022,2022-05-15,393,116 St (6),Manhattan,1238
2022,2022-08-15,393,116 St (6),Manhattan,1212
2022,2022-11-15,393,116 St (6),Manhattan,1237
2023,2023-02-15,393,116 St (6),Manhattan,1254
2023,2023-05-15,393,116 St (6),Manhattan,1176
2023,2023-08-15,393,116 St (6),Manhattan,1237
2023,2023-11-15,393,116 St (6),Manhattan,1195
2024,2024-02-15,393,116 St (6),Manhattan,1264
2024,2024-05-15,393,116 St (6),Manhattan,1300
2024,2024-08-15,393,116 St (6),Manhattan,1245
2024,2024-11-15,393,116 St (6),Manhattan,1470
2020,2020-02-15,394,110 St (6),Manhattan,1190
2020,2020-05-15,394,110 St (6),Manhattan,1017
2020,2020-08-15,394,110 St (6),Manhattan,965
2020,2020-11-15,394,110 St (6),Manhattan,1047
2021,2021-02-15,394,110 St (6),Manhattan,1033
2021,2021-05-15,394,110 St (6),Manhattan,1161
2021,2021-08-15,394,110 St (6),Manhattan,1177
2021,2021-11-15,394,110 St (6),Manhattan,1203
2022,2022-02-15,394,110 St (6),Manhattan,1199
2022,2022-05-15,394,110 St (6),Manhattan,1219
2022,2022-08-15,394,110 St (6),Manhattan,1176
2022,2022-11-15,394,110 St (6),Manhattan,1203
2023,2023-02-15,394,110 St (6),Manhattan,1211
2023,2023-05-15,394,110 St (6),Manhattan,1143
2023,2023-08-15,394,110 St (6),Manhattan,1204
2023,2023-11-15,394,110 St (6),Manhattan,1167
2024,2024-02-15,394,110 St (6),Manhattan,1220
2024,2024-05-15,394,110 St (6),Manhattan,1250
2024,2024-08-15,394,110 St (6),Manhattan,1186
2024,2024-11-15,394,110 St (6),Manhattan,1406
2020,2020-02-15,395,103 St (6),Manhattan,1203
2020,2020-05-15,395,103 St (6),Manhattan,1044
2020,2020-08-15,395,103 St (6),Manhattan,965
2020,2020-11-15,395,103 St (6),Manhattan,1056
2021,2021-02-15,395,103 St (6),Manhattan,1026
2021,2021-05-15,395,103 St (6),Manhattan,1156
2021,2021-08-15,395,103 St (6),Manhattan,1162
2021,2021-11-15,395,103 St (6),Manhattan,1196
2022,2022-02-15,395,103 St (6),Manhattan,1170
2022,2022-05-15,395,103 St (6),Manhattan,1199
2022,2022-08-15,395,103 St (6),Manhattan,1181
2022,2022-11-15,395,103 St (6),Manhattan,1207
2023,2023-02-15,395,103 St (6),Manhattan,1224
2023,2023-05-15,395,103 St (6),Manhattan,1134
2023,2023-08-15,395,103 St (6),Manhattan,1242
2023,2023-11-15,395,103 St (6),Manhattan,1164
2024,2024-02-15,395,103 St (6),Manhattan,1239
2024,2024-05-15,395,103 St (6),Manhattan,1266
2024,2024-08-15,395,103 St (6),Manhattan,1231
2024,2024-11-15,395,103 St (6),Manhattan,1427
2020,2020-02-15,396,96 St (6),Manhattan,1192
2020,2020-05-15,396,96 St (6),Manhattan,1008
2020,2020-08-15,396,96 St (6),Manhattan,959
2020,2020-11-15,396,96 St (6),Manhattan,1049
2021,2021-02-15,396,96 St (6),Manhattan,1011
2021,2021-05-15,396,96 St (6),Manhattan,1130
2021,2021-08-15,396,96 St (6),Manhattan,1141
2021,2021-11-15,396,96 St (6),Manhattan,1183
2022,2022-02-15,396,96 St (6),Manhattan,1186
2022,2022-05-15,396,96 St (6),Manhattan,1200
2022,2022-08-15,396,96 St (6),Manhattan,1197
2022,2022-11-15,396,96 St (6),Manhattan,1233
2023,2023-02-15,396,96 St (6),Manhattan,1253
2023,2023-05-15,396,96 St (6),Manhattan,1173
2023,2023-08-15,396,96 St (6),Manhattan,1269
2023,2023-11-15,396,96 St (6),Manhattan,1197
2024,2024-02-15,396,96 St (6),Manhattan,1287
2024,2024-05-15,396,96 St (6),Manhattan,1286
2024,2024-08-15,396,96 St (6),Manhattan,1236
2024,2024-11-15,396,96 St (6),Manhattan,1432
2020,2020-02-15,397,"86 St (4,5,6)",Manhattan,1225
2020,2020-05-15,397,"86 St (4,5,6)",Manhattan,1055
2020,2020-08-15,397,"86 St (4,5,6)",Manhattan,995
2020,2020-11-15,397,"86 St (4,5,6)",Manhattan,1077
2021,2021-02-15,397,"86 St (4,5,6)",Manhattan,1071
2021,2021-05-15,397,"86 St (4,5,6)",Manhattan,1170
2021,2021-08-15,397,"86 St (4,5,6)",Manhattan,1193
2021,2021-11-15,397,"86 St (4,5,6)",Manhattan,1230
2022,2022-02-15,397,"86 St (4,5,6)",Manhattan,1217
2022,2022-05-15,397,"86 St (4,5,6)",Manhattan,1238
2022,2022-08-15,397,"86 St (4,5,6)",Manhattan,1215
2022,2022-11-15,397,"86 St (4,5,6)",Manhattan,1309
2023,2023-02-15,397,"86 St (4,5,6)",Manhattan,1339
2023,2023-05-15,397,"86 St (4,5,6)",Manhattan,1367
2023,2023-08-15,397,"86 St (4,5,6)",Manhattan,1331
2023,2023-11-15,397,"86 St (4,5,6)",Manhattan,1428
2024,2024-02-15,397,"86 St (4,5,6)",Manhattan,1390
2024,2024-05-15,397,"86 St (4,5,6)",Manhattan,1432
2024,2024-08-15,397,"86 St (4,5,6)",Manhattan,1438
2024,2024-11-15,397,"86 St (4,5,6)",Manhattan,1550
2020,2020-02-15,398,77 St (6),Manhattan,1160
2020,2020-05-15,398,77 St (6),Manhattan,973
2020,2020-08-15,398,77 St (6),Manhattan,950
2020,2020-11-15,398,77 St (6),Manhattan,1034
2021,2021-02-15,398,77 St (6),Manhattan,1028
2021,2021-05-15,398,77 St (6),Manhattan,1141
2021,2021-08-15,398,77 St (6),Manhattan,1151
2021,2021-11-15,398,77 St (6),Manhattan,1190
2022,2022-02-15,398,77 St (6),Manhattan,1168
2022,2022-05-15,398,77 St (6),Manhattan,1194
2022,2022-08-15,398,77 St (6),Manhattan,1171
2022,2022-11-15,398,77 St (6),Manhattan,1226
2023,2023-02-15,398,77 St (6),Manhattan,1261
2023,2023-05-15,398,77 St (6),Manhattan,1176
2023,2023-08-15,398,77 St (6),Manhattan,1274
2023,2023-11-15,398,77 St (6),Manhattan,1211
2024,2024-02-15,398,77 St (6),Manhattan,1305
2024,2024-05-15,398,77 St (6),Manhattan,1327
2024,2024-08-15,398,77 St (6),Manhattan,1261
2024,2024-11-15,398,77 St (6),Manhattan,1461
2020,2020-02-15,399,68 St-Hunter College (6),Manhattan,1150
2020,2020-05-15,399,68 St-Hunter College (6),Manhattan,962
2020,2020-08-15,399,68 St-Hunter College (6),Manhattan,950
2020,2020-11-15,399,68 St-Hunter College (6),Manhattan,1030
2021,2021-02-15,399,68 St-Hunter College (6),Manhattan,1008
2021,2021-05-15,399,68 St-Hunter College (6),Manhattan,1085
2021,2021-08-15,399,68 St-Hunter College (6),Manhattan,1079
2021,2021-11-15,399,68 St-Hunter College (6),Manhattan,1152
2022,2022-02-15,399,68 St-Hunter College (6),Manhattan,1133
2022,2022-05-15,399,68 St-Hunter College (6),Manhattan,1148
2022,2022-08-15,399,68 St-Hunter College (6),Manhattan,1125
2022,2022-11-15,399,68 St-Hunter College (6),Manhattan,1199
2023,2023-02-15,399,68 St-Hunter College (6),Manhattan,1184
2023,2023-05-15,399,68 St-Hunter College (6),Manhattan,1126
2023,2023-08-15,399,68 St-Hunter College (6),Manhattan,1214
2023,2023-11-15,399,68 St-Hunter College (6),Manhattan,1178
2024,2024-02-15,399,68 St-Hunter College (6),Manhattan,1249
2024,2024-05-15,399,68 St-Hunter College (6),Manhattan,1252
2024,2024-08-15,399,68 St-Hunter College (6),Manhattan,1171
2024,2024-11-15,399,68 St-Hunter College (6),Manhattan,1300
2020,2020-02-15,4,"Broadway (N,W)",Queens,1004
2020,2020-05-15,4,"Broadway (N,W)",Queens,776
2020,2020-08-15,4,"Broadway (N,W)",Queens,958
2020,2020-11-15,4,"Broadway (N,W)",Queens,1021
2021,2021-02-15,4,"Broadway (N,W)",Queens,987
2021,2021-05-15,4,"Broadway (N,W)",Queens,1113
2021,2021-08-15,4,"Broadway (N,W)",Queens,1131
2021,2021-11-15,4,"Broadway (N,W)",Queens,1161
2022,2022-02-15,4,"Broadway (N,W)",Queens,1154
2022,2022-05-15,4,"Broadway (N,W)",Queens,1169
2022,2022-08-15,4,"Broadway (N,W)",Queens,1156
2022,2022-11-15,4,"Broadway (N,W)",Queens,1198
2023,2023-02-15,4,"Broadway (N,W)",Queens,1205
2023,2023-05-15,4,"Broadway (N,W)",Queens,1257
2023,2023-08-15,4,"Broadway (N,W)",Queens,1216
2023,2023-11-15,4,"Broadway (N,W)",Queens,1225
2024,2024-02-15,4,"Broadway (N,W)",Queens,1242
2024,2024-05-15,4,"Broadway (N,W)",Queens,1281
2024,2024-08-15,4,"Broadway (N,W)",Queens,1239
2024,2024-11-15,4,"Broadway (N,W)",Queens,1412
2020,2020-02-15,403,33 St (6),Manhattan,1212
2020,2020-05-15,403,33 St (6),Manhattan,1007
2020,2020-08-15,403,33 St (6),Manhattan,635
2020,2020-11-15,403,33 St (6),Manhattan,1042
2021,2021-02-15,403,33 St (6),Manhattan,1024
2021,2021-05-15,403,33 St (6),Manhattan,1171
2021,2021-08-15,403,33 St (6),Manhattan,1183
2021,2021-11-15,403,33 St (6),Manhattan,1212
2022,2022-02-15,403,33 St (6),Manhattan,1202
2022,2022-05-15,403,33 St (6),Manhattan,1220
2022,2022-08-15,403,33 St (6),Manhattan,1205
2022,2022-11-15,403,33 St (6),Manhattan,1262
2023,2023-02-15,403,33 St (6),Manhattan,1272
2023,2023-05-15,403,33 St (6),Manhattan,1283
2023,2023-08-15,403,33 St (6),Manhattan,1296
2023,2023-11-15,403,33 St (6),Manhattan,1333
2024,2024-02-15,403,33 St (6),Manhattan,1318
2024,2024-05-15,403,33 St (6),Manhattan,1343
2024,2024-08-15,403,33 St (6),Manhattan,1298
2024,2024-11-15,403,33 St (6),Manhattan,1487
2020,2020-02-15,404,28 St (6),Manhattan,1184
2020,2020-05-15,404,28 St (6),Manhattan,987
2020,2020-08-15,404,28 St (6),Manhattan,612
2020,2020-11-15,404,28 St (6),Manhattan,1026
2021,2021-02-15,404,28 St (6),Manhattan,1003
2021,2021-05-15,404,28 St (6),Manhattan,1128
2021,2021-08-15,404,28 St (6),Manhattan,1156
2021,2021-11-15,404,28 St (6),Manhattan,1189
2022,2022-02-15,404,28 St (6),Manhattan,1177
2022,2022-05-15,404,28 St (6),Manhattan,1201
2022,2022-08-15,404,28 St (6),Manhattan,1178
2022,2022-11-15,404,28 St (6),Manhattan,1227
2023,2023-02-15,404,28 St (6),Manhattan,1246
2023,2023-05-15,404,28 St (6),Manhattan,1286
2023,2023-08-15,404,28 St (6),Manhattan,1268
2023,2023-11-15,404,28 St (6),Manhattan,1295
2024,2024-02-15,404,28 St (6),Manhattan,1296
2024,2024-05-15,404,28 St (6),Manhattan,1311
2024,2024-08-15,404,28 St (6),Manhattan,1283
2024,2024-11-15,404,28 St (6),Manhattan,1491
2020,2020-02-15,405,23 St (6),Manhattan,1197
2020,2020-05-15,405,23 St (6),Manhattan,976
2020,2020-08-15,405,23 St (6),Manhattan,612
2020,2020-11-15,405,23 St (6),Manhattan,1043
2021,2021-02-15,405,23 St (6),Manhattan,1000
2021,2021-05-15,405,23 St (6),Manhattan,1138
2021,2021-08-15,405,23 St (6),Manhattan,1153
2021,2021-11-15,405,23 St (6),Manhattan,1182
2022,2022-02-15,405,23 St (6),Manhattan,1181
2022,2022-05-15,405,23 St (6),Manhattan,1211
2022,2022-08-15,405,23 St (6),Manhattan,1184
2022,2022-11-15,405,23 St (6),Manhattan,1249
2023,2023-02-15,405,23 St (6),Manhattan,1263
2023,2023-05-15,405,23 St (6),Manhattan,1297
2023,2023-08-15,405,23 St (6),Manhattan,1283
2023,2023-11-15,405,23 St (6),Manhattan,1323
2024,2024-02-15,405,23 St (6),Manhattan,1304
2024,2024-05-15,405,23 St (6),Manhattan,1328
2024,2024-08-15,405,23 St (6),Manhattan,1308
2024,2024-11-15,405,23 St (6),Manhattan,1488
2020,2020-02-15,407,Astor Pl (6),Manhattan,1194
2020,2020-05-15,407,Astor Pl (6),Manhattan,865
2020,2020-08-15,407,Astor Pl (6),Manhattan,587
2020,2020-11-15,407,Astor Pl (6),Manhattan,995
2021,2021-02-15,407,Astor Pl (6),Manhattan,961
2021,2021-05-15,407,Astor Pl (6),Manhattan,1126
2021,2021-08-15,407,Astor Pl (6),Manhattan,1136
2021,2021-11-15,407,Astor Pl (6),Manhattan,1181
2022,2022-02-15,407,Astor Pl (6),Manhattan,1161
2022,2022-05-15,407,Astor Pl (6),Manhattan,1196
2022,2022-08-15,407,Astor Pl (6),Manhattan,1140
2022,2022-11-15,407,Astor Pl (6),Manhattan,1198
2023,2023-02-15,407,Astor Pl (6),Manhattan,1239
2023,2023-05-15,407,Astor Pl (6),Manhattan,1254
2023,2023-08-15,407,Astor Pl (6),Manhattan,1241
2023,2023-11-15,407,Astor Pl (6),Manhattan,1300
2024,2024-02-15,407,Astor Pl (6),Manhattan,1315
2024,2024-05-15,407,Astor Pl (6),Manhattan,1302
2024,2024-08-15,407,Astor Pl (6),Manhattan,1270
2024,2024-11-15,407,Astor Pl (6),Manhattan,1449
2020,2020-02-15,409,Spring St (6),Manhattan,1144
2020,2020-05-15,409,Spring St (6),Manhattan,763
2020,2020-08-15,409,Spring St (6),Manhattan,585
2020,2020-11-15,409,Spring St (6),Manhattan,972
2021,2021-02-15,409,Spring St (6),Manhattan,929
2021,2021-05-15,409,Spring St (6),Manhattan,1069
2021,2021-08-15,409,Spring St (6),Manhattan,1096
2021,2021-11-15,409,Spring St (6),Manhattan,1127
2022,2022-02-15,409,Spring St (6),Manhattan,1139
2022,2022-05-15,409,Spring St (6),Manhattan,1177
2022,2022-08-15,409,Spring St (6),Manhattan,1101
2022,2022-11-15,409,Spring St (6),Manhattan,1167
2023,2023-02-15,409,Spring St (6),Manhattan,1180
2023,2023-05-15,409,Spring St (6),Manhattan,1209
2023,2023-08-15,409,Spring St (6),Manhattan,1191
2023,2023-11-15,409,Spring St (6),Manhattan,1223
2024,2024-02-15,409,Spring St (6),Manhattan,1200
2024,2024-05-15,409,Spring St (6),Manhattan,1231
2024,2024-08-15,409,Spring St (6),Manhattan,1215
2024,2024-11-15,409,Spring St (6),Manhattan,1417
2020,2020-02-15,41,"7 Av (B,Q)",Brooklyn,914
2020,2020-05-15,41,"7 Av (B,Q)",Brooklyn,664
2020,2020-08-15,41,"7 Av (B,Q)",Brooklyn,728
2020,2020-11-15,41,"7 Av (B,Q)",Brooklyn,974
2021,2021-02-15,41,"7 Av (B,Q)",Brooklyn,944
2021,2021-05-15,41,"7 Av (B,Q)",Brooklyn,1067
2021,2021-08-15,41,"7 Av (B,Q)",Brooklyn,1047
2021,2021-11-15,41,"7 Av (B,Q)",Brooklyn,1111
2022,2022-02-15,41,"7 Av (B,Q)",Brooklyn,1099
2022,2022-05-15,41,"7 Av (B,Q)",Brooklyn,1100
2022,2022-08-15,41,"7 Av (B,Q)",Brooklyn,995
2022,2022-11-15,41,"7 Av (B,Q)",Brooklyn,1115
2023,2023-02-15,41,"7 Av (B,Q)",Brooklyn,1140
2023,2023-05-15,41,"7 Av (B,Q)",Brooklyn,1200
2023,2023-08-15,41,"7 Av (B,Q)",Brooklyn,1144
2023,2023-11-15,41,"7 Av (B,Q)",Brooklyn,1202
2024,2024-02-15,41,"7 Av (B,Q)",Brooklyn,1169
2024,2024-05-15,41,"7 Av (B,Q)",Brooklyn,1218
2024,2024-08-15,41,"7 Av (B,Q)",Brooklyn,1157
2024,2024-11-15,41,"7 Av (B,Q)",Brooklyn,1299
2020,2020-02-15,413,"Wall St (4,5)",Manhattan,1115
2020,2020-05-15,413,"Wall St (4,5)",Manhattan,843
2020,2020-08-15,413,"Wall St (4,5)",Manhattan,583
2020,2020-11-15,413,"Wall St (4,5)",Manhattan,976
2021,2021-02-15,413,"Wall St (4,5)",Manhattan,950
2021,2021-05-15,413,"Wall St (4,5)",Manhattan,1049
2021,2021-08-15,413,"Wall St (4,5)",Manhattan,1055
2021,2021-11-15,413,"Wall St (4,5)",Manhattan,1114
2022,2022-02-15,413,"Wall St (4,5)",Manhattan,1098
2022,2022-05-15,413,"Wall St (4,5)",Manhattan,1097
2022,2022-08-15,413,"Wall St (4,5)",Manhattan,1116
2022,2022-11-15,413,"Wall St (4,5)",Manhattan,1153
2023,2023-02-15,413,"Wall St (4,5)",Manhattan,1179
2023,2023-05-15,413,"Wall St (4,5)",Manhattan,1237
2023,2023-08-15,413,"Wall St (4,5)",Manhattan,1184
2023,2023-11-15,413,"Wall St (4,5)",Manhattan,1252
2024,2024-02-15,413,"Wall St (4,5)",Manhattan,1232
2024,2024-05-15,413,"Wall St (4,5)",Manhattan,1243
2024,2024-08-15,413,"Wall St (4,5)",Manhattan,1203
2024,2024-11-15,413,"Wall St (4,5)",Manhattan,1394
2020,2020-02-15,414,"Bowling Green (4,5)",Manhattan,1201
2020,2020-05-15,414,"Bowling Green (4,5)",Manhattan,1010
2020,2020-08-15,414,"Bowling Green (4,5)",Manhattan,715
2020,2020-11-15,414,"Bowling Green (4,5)",Manhattan,1064
2021,2021-02-15,414,"Bowling Green (4,5)",Manhattan,1007
2021,2021-05-15,414,"Bowling Green (4,5)",Manhattan,1159
2021,2021-08-15,414,"Bowling Green (4,5)",Manhattan,1162
2021,2021-11-15,414,"Bowling Green (4,5)",Manhattan,1215
2022,2022-02-15,414,"Bowling Green (4,5)",Manhattan,1223
2022,2022-05-15,414,"Bowling Green (4,5)",Manhattan,1186
2022,2022-08-15,414,"Bowling Green (4,5)",Manhattan,1210
2022,2022-11-15,414,"Bowling Green (4,5)",Manhattan,1278
2023,2023-02-15,414,"Bowling Green (4,5)",Manhattan,1296
2023,2023-05-15,414,"Bowling Green (4,5)",Manhattan,1328
2023,2023-08-15,414,"Bowling Green (4,5)",Manhattan,1304
2023,2023-11-15,414,"Bowling Green (4,5)",Manhattan,1358
2024,2024-02-15,414,"Bowling Green (4,5)",Manhattan,1320
2024,2024-05-15,414,"Bowling Green (4,5)",Manhattan,1368
2024,2024-08-15,414,"Bowling Green (4,5)",Manhattan,1343
2024,2024-11-15,414,"Bowling Green (4,5)",Manhattan,1484
2020,2020-02-15,416,Wakefield-241 St (2),Bronx,1027
2020,2020-05-15,416,Wakefield-241 St (2),Bronx,979
2020,2020-08-15,416,Wakefield-241 St (2),Bronx,929
2020,2020-11-15,416,Wakefield-241 St (2),Bronx,775
2021,2021-02-15,416,Wakefield-241 St (2),Bronx,987
2021,2021-05-15,416,Wakefield-241 St (2),Bronx,1119
2021,2021-08-15,416,Wakefield-241 St (2),Bronx,1130
2021,2021-11-15,416,Wakefield-241 St (2),Bronx,1172
2022,2022-02-15,416,Wakefield-241 St (2),Bronx,1144
2022,2022-05-15,416,Wakefield-241 St (2),Bronx,1176
2022,2022-08-15,416,Wakefield-241 St (2),Bronx,1129
2022,2022-11-15,416,Wakefield-241 St (2),Bronx,1170
2023,2023-02-15,416,Wakefield-241 St (2),Bronx,1162
2023,2023-05-15,416,Wakefield-241 St (2),Bronx,1158
2023,2023-08-15,416,Wakefield-241 St (2),Bronx,1124
2023,2023-11-15,416,Wakefield-241 St (2),Bronx,1141
2024,2024-02-15,416,Wakefield-241 St (2),Bronx,1128
2024,2024-05-15,416,Wakefield-241 St (2),Bronx,1166
2024,2024-08-15,416,Wakefield-241 St (2),Bronx,862
2024,2024-11-15,416,Wakefield-241 St (2),Bronx,1284
2020,2020-02-15,417,"Nereid Av (2,5)",Bronx,968
2020,2020-05-15,417,"Nereid Av (2,5)",Bronx,802
2020,2020-08-15,417,"Nereid Av (2,5)",Bronx,861
2020,2020-11-15,417,"Nereid Av (2,5)",Bronx,723
2021,2021-02-15,417,"Nereid Av (2,5)",Bronx,902
2021,2021-05-15,417,"Nereid Av (2,5)",Bronx,1026
2021,2021-08-15,417,"Nereid Av (2,5)",Bronx,998
2021,2021-11-15,417,"Nereid Av (2,5)",Bronx,1056
2022,2022-02-15,417,"Nereid Av (2,5)",Bronx,1043
2022,2022-05-15,417,"Nereid Av (2,5)",Bronx,1072
2022,2022-08-15,417,"Nereid Av (2,5)",Bronx,1043
2022,2022-11-15,417,"Nereid Av (2,5)",Bronx,1058
2023,2023-02-15,417,"Nereid Av (2,5)",Bronx,1072
2023,2023-05-15,417,"Nereid Av (2,5)",Bronx,1117
2023,2023-08-15,417,"Nereid Av (2,5)",Bronx,1080
2023,2023-11-15,417,"Nereid Av (2,5)",Bronx,1098
2024,2024-02-15,417,"Nereid Av (2,5)",Bronx,1057
2024,2024-05-15,417,"Nereid Av (2,5)",Bronx,1119
2024,2024-08-15,417,"Nereid Av (2,5)",Bronx,810
2024,2024-11-15,417,"Nereid Av (2,5)",Bronx,1228
2020,2020-02-15,418,"233 St (2,5)",Bronx,1014
2020,2020-05-15,418,"233 St (2,5)",Bronx,971
2020,2020-08-15,418,"233 St (2,5)",Bronx,925
2020,2020-11-15,418,"233 St (2,5)",Bronx,781
2021,2021-02-15,418,"233 St (2,5)",Bronx,980
2021,2021-05-15,418,"233 St (2,5)",Bronx,1121
2021,2021-08-15,418,"233 St (2,5)",Bronx,1108
2021,2021-11-15,418,"233 St (2,5)",Bronx,1153
2022,2022-02-15,418,"233 St (2,5)",Bronx,1111
2022,2022-05-15,418,"233 St (2,5)",Bronx,1134
2022,2022-08-15,418,"233 St (2,5)",Bronx,1139
2022,2022-11-15,418,"233 St (2,5)",Bronx,1155
2023,2023-02-15,418,"233 St (2,5)",Bronx,1161
2023,2023-05-15,418,"233 St (2,5)",Bronx,1179
2023,2023-08-15,418,"233 St (2,5)",Bronx,1146
2023,2023-11-15,418,"233 St (2,5)",Bronx,1175
2024,2024-02-15,418,"233 St (2,5)",Bronx,1169
2024,2024-05-15,418,"233 St (2,5)",Bronx,1172
2024,2024-08-15,418,"233 St (2,5)",Bronx,878
2024,2024-11-15,418,"233 St (2,5)",Bronx,1304
2020,2020-02-15,419,"225 St (2,5)",Bronx,985
2020,2020-05-15,419,"225 St (2,5)",Bronx,905
2020,2020-08-15,419,"225 St (2,5)",Bronx,857
2020,2020-11-15,419,"225 St (2,5)",Bronx,766
2021,2021-02-15,419,"225 St (2,5)",Bronx,933
2021,2021-05-15,419,"225 St (2,5)",Bronx,1057
2021,2021-08-15,419,"225 St (2,5)",Bronx,1060
2021,2021-11-15,419,"225 St (2,5)",Bronx,1108
2022,2022-02-15,419,"225 St (2,5)",Bronx,1090
2022,2022-05-15,419,"225 St (2,5)",Bronx,1127
2022,2022-08-15,419,"225 St (2,5)",Bronx,1073
2022,2022-11-15,419,"225 St (2,5)",Bronx,1102
2023,2023-02-15,419,"225 St (2,5)",Bronx,1085
2023,2023-05-15,419,"225 St (2,5)",Bronx,1092
2023,2023-08-15,419,"225 St (2,5)",Bronx,1103
2023,2023-11-15,419,"225 St (2,5)",Bronx,1080
2024,2024-02-15,419,"225 St (2,5)",Bronx,1092
2024,2024-05-15,419,"225 St (2,5)",Bronx,1121
2024,2024-08-15,419,"225 St (2,5)",Bronx,833
2024,2024-11-15,419,"225 St (2,5)",Bronx,1239
2020,2020-02-15,42,"Prospect Park (B,Q,S)",Brooklyn,1008
2020,2020-05-15,42,"Prospect Park (B,Q,S)",Brooklyn,889
2020,2020-08-15,42,"Prospect Park (B,Q,S)",Brooklyn,989
2020,2020-11-15,42,"Prospect Park (B,Q,S)",Brooklyn,1055
2021,2021-02-15,42,"Prospect Park (B,Q,S)",Brooklyn,1028
2021,2021-05-15,42,"Prospect Park (B,Q,S)",Brooklyn,1154
2021,2021-08-15,42,"Prospect Park (B,Q,S)",Brooklyn,1180
2021,2021-11-15,42,"Prospect Park (B,Q,S)",Brooklyn,1182
2022,2022-02-15,42,"Prospect Park (B,Q,S)",Brooklyn,1173
2022,2022-05-15,42,"Prospect Park (B,Q,S)",Brooklyn,1218
2022,2022-08-15,42,"Prospect Park (B,Q,S)",Brooklyn,1191
2022,2022-11-15,42,"Prospect Park (B,Q,S)",Brooklyn,1219
2023,2023-02-15,42,"Prospect Park (B,Q,S)",Brooklyn,1232
2023,2023-05-15,42,"Prospect Park (B,Q,S)",Brooklyn,1267
2023,2023-08-15,42,"Prospect Park (B,Q,S)",Brooklyn,1248
2023,2023-11-15,42,"Prospect Park (B,Q,S)",Brooklyn,1275
2024,2024-02-15,42,"Prospect Park (B,Q,S)",Brooklyn,1262
2024,2024-05-15,42,"Prospect Park (B,Q,S)",Brooklyn,1290
2024,2024-08-15,42,"Prospect Park (B,Q,S)",Brooklyn,1289
2024,2024-11-15,42,"Prospect Park (B,Q,S)",Brooklyn,1442
2020,2020-02-15,420,"219 St (2,5)",Bronx,966
2020,2020-05-15,420,"219 St (2,5)",Bronx,869
2020,2020-08-15,420,"219 St (2,5)",Bronx,824
2020,2020-11-15,420,"219 St (2,5)",Bronx,724
2021,2021-02-15,420,"219 St (2,5)",Bronx,921
2021,2021-05-15,420,"219 St (2,5)",Bronx,1035
2021,2021-08-15,420,"219 St (2,5)",Bronx,1026
2021,2021-11-15,420,"219 St (2,5)",Bronx,1056
2022,2022-02-15,420,"219 St (2,5)",Bronx,1067
2022,2022-05-15,420,"219 St (2,5)",Bronx,1083
2022,2022-08-15,420,"219 St (2,5)",Bronx,1051
2022,2022-11-15,420,"219 St (2,5)",Bronx,1081
2023,2023-02-15,420,"219 St (2,5)",Bronx,1063
2023,2023-05-15,420,"219 St (2,5)",Bronx,1075
2023,2023-08-15,420,"219 St (2,5)",Bronx,1044
2023,2023-11-15,420,"219 St (2,5)",Bronx,1076
2024,2024-02-15,420,"219 St (2,5)",Bronx,1052
2024,2024-05-15,420,"219 St (2,5)",Bronx,1071
2024,2024-08-15,420,"219 St (2,5)",Bronx,788
2024,2024-11-15,420,"219 St (2,5)",Bronx,1191
2020,2020-02-15,421,"Gun Hill Rd (2,5)",Bronx,1052
2020,2020-05-15,421,"Gun Hill Rd (2,5)",Bronx,1031
2020,2020-08-15,421,"Gun Hill Rd (2,5)",Bronx,977
2020,2020-11-15,421,"Gun Hill Rd (2,5)",Bronx,829
2021,2021-02-15,421,"Gun Hill Rd (2,5)",Bronx,1032
2021,2021-05-15,421,"Gun Hill Rd (2,5)",Bronx,1177
2021,2021-08-15,421,"Gun Hill Rd (2,5)",Bronx,1186
2021,2021-11-15,421,"Gun Hill Rd (2,5)",Bronx,1208
2022,2022-02-15,421,"Gun Hill Rd (2,5)",Bronx,1196
2022,2022-05-15,421,"Gun Hill Rd (2,5)",Bronx,1197
2022,2022-08-15,421,"Gun Hill Rd (2,5)",Bronx,1186
2022,2022-11-15,421,"Gun Hill Rd (2,5)",Bronx,1199
2023,2023-02-15,421,"Gun Hill Rd (2,5)",Bronx,1192
2023,2023-05-15,421,"Gun Hill Rd (2,5)",Bronx,1215
2023,2023-08-15,421,"Gun Hill Rd (2,5)",Bronx,1202
2023,2023-11-15,421,"Gun Hill Rd (2,5)",Bronx,1218
2024,2024-02-15,421,"Gun Hill Rd (2,5)",Bronx,1208
2024,2024-05-15,421,"Gun Hill Rd (2,5)",Bronx,1227
2024,2024-08-15,421,"Gun Hill Rd (2,5)",Bronx,932
2024,2024-11-15,421,"Gun Hill Rd (2,5)",Bronx,1383
2020,2020-02-15,422,"Burke Av (2,5)",Bronx,987
2020,2020-05-15,422,"Burke Av (2,5)",Bronx,901
2020,2020-08-15,422,"Burke Av (2,5)",Bronx,871
2020,2020-11-15,422,"Burke Av (2,5)",Bronx,741
2021,2021-02-15,422,"Burke Av (2,5)",Bronx,903
2021,2021-05-15,422,"Burke Av (2,5)",Bronx,1037
2021,2021-08-15,422,"Burke Av (2,5)",Bronx,1042
2021,2021-11-15,422,"Burke Av (2,5)",Bronx,1073
2022,2022-02-15,422,"Burke Av (2,5)",Bronx,1049
2022,2022-05-15,422,"Burke Av (2,5)",Bronx,1087
2022,2022-08-15,422,"Burke Av (2,5)",Bronx,1058
2022,2022-11-15,422,"Burke Av (2,5)",Bronx,1061
2023,2023-02-15,422,"Burke Av (2,5)",Bronx,1074
2023,2023-05-15,422,"Burke Av (2,5)",Bronx,1103
2023,2023-08-15,422,"Burke Av (2,5)",Bronx,1110
2023,2023-11-15,422,"Burke Av (2,5)",Bronx,1108
2024,2024-02-15,422,"Burke Av (2,5)",Bronx,1078
2024,2024-05-15,422,"Burke Av (2,5)",Bronx,1113
2024,2024-08-15,422,"Burke Av (2,5)",Bronx,806
2024,2024-11-15,422,"Burke Av (2,5)",Bronx,1219
2020,2020-02-15,423,"Allerton Av (2,5)",Bronx,1028
2020,2020-05-15,423,"Allerton Av (2,5)",Bronx,974
2020,2020-08-15,423,"Allerton Av (2,5)",Bronx,891
2020,2020-11-15,423,"Allerton Av (2,5)",Bronx,779
2021,2021-02-15,423,"Allerton Av (2,5)",Bronx,974
2021,2021-05-15,423,"Allerton Av (2,5)",Bronx,1099
2021,2021-08-15,423,"Allerton Av (2,5)",Bronx,1107
2021,2021-11-15,423,"Allerton Av (2,5)",Bronx,1145
2022,2022-02-15,423,"Allerton Av (2,5)",Bronx,1121
2022,2022-05-15,423,"Allerton Av (2,5)",Bronx,1143
2022,2022-08-15,423,"Allerton Av (2,5)",Bronx,1137
2022,2022-11-15,423,"Allerton Av (2,5)",Bronx,1133
2023,2023-02-15,423,"Allerton Av (2,5)",Bronx,1122
2023,2023-05-15,423,"Allerton Av (2,5)",Bronx,1155
2023,2023-08-15,423,"Allerton Av (2,5)",Bronx,1136
2023,2023-11-15,423,"Allerton Av (2,5)",Bronx,1158
2024,2024-02-15,423,"Allerton Av (2,5)",Bronx,1151
2024,2024-05-15,423,"Allerton Av (2,5)",Bronx,1166
2024,2024-08-15,423,"Allerton Av (2,5)",Bronx,859
2024,2024-11-15,423,"Allerton Av (2,5)",Bronx,1298
2020,2020-02-15,424,"Pelham Pkwy (2,5)",Bronx,1042
2020,2020-05-15,424,"Pelham Pkwy (2,5)",Bronx,1032
2020,2020-08-15,424,"Pelham Pkwy (2,5)",Bronx,971
2020,2020-11-15,424,"Pelham Pkwy (2,5)",Bronx,849
2021,2021-02-15,424,"Pelham Pkwy (2,5)",Bronx,1026
2021,2021-05-15,424,"Pelham Pkwy (2,5)",Bronx,1173
2021,2021-08-15,424,"Pelham Pkwy (2,5)",Bronx,1158
2021,2021-11-15,424,"Pelham Pkwy (2,5)",Bronx,1203
2022,2022-02-15,424,"Pelham Pkwy (2,5)",Bronx,1188
2022,2022-05-15,424,"Pelham Pkwy (2,5)",Bronx,1204
2022,2022-08-15,424,"Pelham Pkwy (2,5)",Bronx,1191
2022,2022-11-15,424,"Pelham Pkwy (2,5)",Bronx,1209
2023,2023-02-15,424,"Pelham Pkwy (2,5)",Bronx,1218
2023,2023-05-15,424,"Pelham Pkwy (2,5)",Bronx,1251
2023,2023-08-15,424,"Pelham Pkwy (2,5)",Bronx,1226
2023,2023-11-15,424,"Pelham Pkwy (2,5)",Bronx,1245
2024,2024-02-15,424,"Pelham Pkwy (2,5)",Bronx,1232
2024,2024-05-15,424,"Pelham Pkwy (2,5)",Bronx,1256
2024,2024-08-15,424,"Pelham Pkwy (2,5)",Bronx,986
2024,2024-11-15,424,"Pelham Pkwy (2,5)",Bronx,1430
2020,2020-02-15,425,"Bronx Park East (2,5)",Bronx,942
2020,2020-05-15,425,"Bronx Park East (2,5)",Bronx,782
2020,2020-08-15,425,"Bronx Park East (2,5)",Bronx,789
2020,2020-11-15,425,"Bronx Park East (2,5)",Bronx,728
2021,2021-02-15,425,"Bronx Park East (2,5)",Bronx,861
2021,2021-05-15,425,"Bronx Park East (2,5)",Bronx,990
2021,2021-08-15,425,"Bronx Park East (2,5)",Bronx,982
2021,2021-11-15,425,"Bronx Park East (2,5)",Bronx,1031
2022,2022-02-15,425,"Bronx Park East (2,5)",Bronx,1017
2022,2022-05-15,425,"Bronx Park East (2,5)",Bronx,1021
2022,2022-08-15,425,"Bronx Park East (2,5)",Bronx,990
2022,2022-11-15,425,"Bronx Park East (2,5)",Bronx,968
2023,2023-02-15,425,"Bronx Park East (2,5)",Bronx,991
2023,2023-05-15,425,"Bronx Park East (2,5)",Bronx,1030
2023,2023-08-15,425,"Bronx Park East (2,5)",Bronx,1028
2023,2023-11-15,425,"Bronx Park East (2,5)",Bronx,1034
2024,2024-02-15,425,"Bronx Park East (2,5)",Bronx,1025
2024,2024-05-15,425,"Bronx Park East (2,5)",Bronx,1053
2024,2024-08-15,425,"Bronx Park East (2,5)",Bronx,771
2024,2024-11-15,425,"Bronx Park East (2,5)",Bronx,1117
2020,2020-02-15,426,"E 180 St (2,5)",Bronx,1024
2020,2020-05-15,426,"E 180 St (2,5)",Bronx,1004
2020,2020-08-15,426,"E 180 St (2,5)",Bronx,956
2020,2020-11-15,426,"E 180 St (2,5)",Bronx,1070
2021,2021-02-15,426,"E 180 St (2,5)",Bronx,1007
2021,2021-05-15,426,"E 180 St (2,5)",Bronx,1140
2021,2021-08-15,426,"E 180 St (2,5)",Bronx,1165
2021,2021-11-15,426,"E 180 St (2,5)",Bronx,1199
2022,2022-02-15,426,"E 180 St (2,5)",Bronx,1168
2022,2022-05-15,426,"E 180 St (2,5)",Bronx,1189
2022,2022-08-15,426,"E 180 St (2,5)",Bronx,1184
2022,2022-11-15,426,"E 180 St (2,5)",Bronx,1192
2023,2023-02-15,426,"E 180 St (2,5)",Bronx,1188
2023,2023-05-15,426,"E 180 St (2,5)",Bronx,1224
2023,2023-08-15,426,"E 180 St (2,5)",Bronx,1233
2023,2023-11-15,426,"E 180 St (2,5)",Bronx,1228
2024,2024-02-15,426,"E 180 St (2,5)",Bronx,1234
2024,2024-05-15,426,"E 180 St (2,5)",Bronx,1264
2024,2024-08-15,426,"E 180 St (2,5)",Bronx,1330
2024,2024-11-15,426,"E 180 St (2,5)",Bronx,1449
2020,2020-02-15,427,"West Farms Sq-E Tremont Av (2,5)",Bronx,1055
2020,2020-05-15,427,"West Farms Sq-E Tremont Av (2,5)",Bronx,1035
2020,2020-08-15,427,"West Farms Sq-E Tremont Av (2,5)",Bronx,958
2020,2020-11-15,427,"West Farms Sq-E Tremont Av (2,5)",Bronx,1049
2021,2021-02-15,427,"West Farms Sq-E Tremont Av (2,5)",Bronx,987
2021,2021-05-15,427,"West Farms Sq-E Tremont Av (2,5)",Bronx,1148
2021,2021-08-15,427,"West Farms Sq-E Tremont Av (2,5)",Bronx,1145
2021,2021-11-15,427,"West Farms Sq-E Tremont Av (2,5)",Bronx,1195
2022,2022-02-15,427,"West Farms Sq-E Tremont Av (2,5)",Bronx,1171
2022,2022-05-15,427,"West Farms Sq-E Tremont Av (2,5)",Bronx,1209
2022,2022-08-15,427,"West Farms Sq-E Tremont Av (2,5)",Bronx,1178
2022,2022-11-15,427,"West Farms Sq-E Tremont Av (2,5)",Bronx,1197
2023,2023-02-15,427,"West Farms Sq-E Tremont Av (2,5)",Bronx,1172
2023,2023-05-15,427,"West Farms Sq-E Tremont Av (2,5)",Bronx,1200
2023,2023-08-15,427,"West Farms Sq-E Tremont Av (2,5)",Bronx,1171
2023,2023-11-15,427,"West Farms Sq-E Tremont Av (2,5)",Bronx,1201
2024,2024-02-15,427,"West Farms Sq-E Tremont Av (2,5)",Bronx,1182
2024,2024-05-15,427,"West Farms Sq-E Tremont Av (2,5)",Bronx,1176
2024,2024-08-15,427,"West Farms Sq-E Tremont Av (2,5)",Bronx,1172
2024,2024-11-15,427,"West Farms Sq-E Tremont Av (2,5)",Bronx,1361
2020,2020-02-15,428,"174 St (2,5)",Bronx,1047
2020,2020-05-15,428,"174 St (2,5)",Bronx,1017
2020,2020-08-15,428,"174 St (2,5)",Bronx,951
2020,2020-11-15,428,"174 St (2,5)",Bronx,1047
2021,2021-02-15,428,"174 St (2,5)",Bronx,1011
2021,2021-05-15,428,"174 St (2,5)",Bronx,1136
2021,2021-08-15,428,"174 St (2,5)",Bronx,1115
2021,2021-11-15,428,"174 St (2,5)",Bronx,1184
2022,2022-02-15,428,"174 St (2,5)",Bronx,1128
2022,2022-05-15,428,"174 St (2,5)",Bronx,1170
2022,2022-08-15,428,"174 St (2,5)",Bronx,1151
2022,2022-11-15,428,"174 St (2,5)",Bronx,1173
2023,2023-02-15,428,"174 St (2,5)",Bronx,1158
2023,2023-05-15,428,"174 St (2,5)",Bronx,1193
2023,2023-08-15,428,"174 St (2,5)",Bronx,1136
2023,2023-11-15,428,"174 St (2,5)",Bronx,1196
2024,2024-02-15,428,"174 St (2,5)",Bronx,1190
2024,2024-05-15,428,"174 St (2,5)",Bronx,1165
2024,2024-08-15,428,"174 St (2,5)",Bronx,1175
2024,2024-11-15,428,"174 St (2,5)",Bronx,1368
2020,2020-02-15,429,"Freeman St (2,5)",Bronx,1023
2020,2020-05-15,429,"Freeman St (2,5)",Bronx,936
2020,2020-08-15,429,"Freeman St (2,5)",Bronx,884
2020,2020-11-15,429,"Freeman St (2,5)",Bronx,1004
2021,2021-02-15,429,"Freeman St (2,5)",Bronx,939
2021,2021-05-15,429,"Freeman St (2,5)",Bronx,1078
2021,2021-08-15,429,"Freeman St (2,5)",Bronx,1065
2021,2021-11-15,429,"Freeman St (2,5)",Bronx,1126
2022,2022-02-15,429,"Freeman St (2,5)",Bronx,1132
2022,2022-05-15,429,"Freeman St (2,5)",Bronx,1123
2022,2022-08-15,429,"Freeman St (2,5)",Bronx,1112
2022,2022-11-15,429,"Freeman St (2,5)",Bronx,1141
2023,2023-02-15,429,"Freeman St (2,5)",Bronx,1103
2023,2023-05-15,429,"Freeman St (2,5)",Bronx,1134
2023,2023-08-15,429,"Freeman St (2,5)",Bronx,1102
2023,2023-11-15,429,"Freeman St (2,5)",Bronx,1150
2024,2024-02-15,429,"Freeman St (2,5)",Bronx,1140
2024,2024-05-15,429,"Freeman St (2,5)",Bronx,1102
2024,2024-08-15,429,"Freeman St (2,5)",Bronx,1099
2024,2024-11-15,429,"Freeman St (2,5)",Bronx,1300
2020,2020-02-15,43,Parkside Av (Q),Brooklyn,999
2020,2020-05-15,43,Parkside Av (Q),Brooklyn,824
2020,2020-08-15,43,Parkside Av (Q),Brooklyn,823
2020,2020-11-15,43,Parkside Av (Q),Brooklyn,1014
2021,2021-02-15,43,Parkside Av (Q),Brooklyn,989
2021,2021-05-15,43,Parkside Av (Q),Brooklyn,1114
2021,2021-08-15,43,Parkside Av (Q),Brooklyn,1110
2021,2021-11-15,43,Parkside Av (Q),Brooklyn,1153
2022,2022-02-15,43,Parkside Av (Q),Brooklyn,1134
2022,2022-05-15,43,Parkside Av (Q),Brooklyn,1148
2022,2022-08-15,43,Parkside Av (Q),Brooklyn,1093
2022,2022-11-15,43,Parkside Av (Q),Brooklyn,1144
2023,2023-02-15,43,Parkside Av (Q),Brooklyn,1175
2023,2023-05-15,43,Parkside Av (Q),Brooklyn,1188
2023,2023-08-15,43,Parkside Av (Q),Brooklyn,1165
2023,2023-11-15,43,Parkside Av (Q),Brooklyn,1174
2024,2024-02-15,43,Parkside Av (Q),Brooklyn,1163
2024,2024-05-15,43,Parkside Av (Q),Brooklyn,1219
2024,2024-08-15,43,Parkside Av (Q),Brooklyn,1222
2024,2024-11-15,43,Parkside Av (Q),Brooklyn,1356
2020,2020-02-15,430,"Simpson St (2,5)",Bronx,1094
2020,2020-05-15,430,"Simpson St (2,5)",Bronx,1026
2020,2020-08-15,430,"Simpson St (2,5)",Bronx,980
2020,2020-11-15,430,"Simpson St (2,5)",Bronx,1058
2021,2021-02-15,430,"Simpson St (2,5)",Bronx,1032
2021,2021-05-15,430,"Simpson St (2,5)",Bronx,1141
2021,2021-08-15,430,"Simpson St (2,5)",Bronx,1123
2021,2021-11-15,430,"Simpson St (2,5)",Bronx,1187
2022,2022-02-15,430,"Simpson St (2,5)",Bronx,1169
2022,2022-05-15,430,"Simpson St (2,5)",Bronx,1184
2022,2022-08-15,430,"Simpson St (2,5)",Bronx,1172
2022,2022-11-15,430,"Simpson St (2,5)",Bronx,1184
2023,2023-02-15,430,"Simpson St (2,5)",Bronx,1189
2023,2023-05-15,430,"Simpson St (2,5)",Bronx,1186
2023,2023-08-15,430,"Simpson St (2,5)",Bronx,1135
2023,2023-11-15,430,"Simpson St (2,5)",Bronx,1207
2024,2024-02-15,430,"Simpson St (2,5)",Bronx,1194
2024,2024-05-15,430,"Simpson St (2,5)",Bronx,1193
2024,2024-08-15,430,"Simpson St (2,5)",Bronx,1204
2024,2024-11-15,430,"Simpson St (2,5)",Bronx,1390
2020,2020-02-15,431,"Intervale Av (2,5)",Bronx,1020
2020,2020-05-15,431,"Intervale Av (2,5)",Bronx,874
2020,2020-08-15,431,"Intervale Av (2,5)",Bronx,859
2020,2020-11-15,431,"Intervale Av (2,5)",Bronx,952
2021,2021-02-15,431,"Intervale Av (2,5)",Bronx,919
2021,2021-05-15,431,"Intervale Av (2,5)",Bronx,1016
2021,2021-08-15,431,"Intervale Av (2,5)",Bronx,1017
2021,2021-11-15,431,"Intervale Av (2,5)",Bronx,1083
2022,2022-02-15,431,"Intervale Av (2,5)",Bronx,1084
2022,2022-05-15,431,"Intervale Av (2,5)",Bronx,1075
2022,2022-08-15,431,"Intervale Av (2,5)",Bronx,1068
2022,2022-11-15,431,"Intervale Av (2,5)",Bronx,1100
2023,2023-02-15,431,"Intervale Av (2,5)",Bronx,1052
2023,2023-05-15,431,"Intervale Av (2,5)",Bronx,1095
2023,2023-08-15,431,"Intervale Av (2,5)",Bronx,1041
2023,2023-11-15,431,"Intervale Av (2,5)",Bronx,1109
2024,2024-02-15,431,"Intervale Av (2,5)",Bronx,1070
2024,2024-05-15,431,"Intervale Av (2,5)",Bronx,1047
2024,2024-08-15,431,"Intervale Av (2,5)",Bronx,1047
2024,2024-11-15,431,"Intervale Av (2,5)",Bronx,1187
2020,2020-02-15,432,"Prospect Av (2,5)",Bronx,1079
2020,2020-05-15,432,"Prospect Av (2,5)",Bronx,1000
2020,2020-08-15,432,"Prospect Av (2,5)",Bronx,961
2020,2020-11-15,432,"Prospect Av (2,5)",Bronx,1044
2021,2021-02-15,432,"Prospect Av (2,5)",Bronx,992
2021,2021-05-15,432,"Prospect Av (2,5)",Bronx,1123
2021,2021-08-15,432,"Prospect Av (2,5)",Bronx,1117
2021,2021-11-15,432,"Prospect Av (2,5)",Bronx,1177
2022,2022-02-15,432,"Prospect Av (2,5)",Bronx,1140
2022,2022-05-15,432,"Prospect Av (2,5)",Bronx,1183
2022,2022-08-15,432,"Prospect Av (2,5)",Bronx,1150
2022,2022-11-15,432,"Prospect Av (2,5)",Bronx,1172
2023,2023-02-15,432,"Prospect Av (2,5)",Bronx,1142
2023,2023-05-15,432,"Prospect Av (2,5)",Bronx,1178
2023,2023-08-15,432,"Prospect Av (2,5)",Bronx,1096
2023,2023-11-15,432,"Prospect Av (2,5)",Bronx,1207
2024,2024-02-15,432,"Prospect Av (2,5)",Bronx,1192
2024,2024-05-15,432,"Prospect Av (2,5)",Bronx,1180
2024,2024-08-15,432,"Prospect Av (2,5)",Bronx,1181
2024,2024-11-15,432,"Prospect Av (2,5)",Bronx,1353
2020,2020-02-15,433,"Jackson Av (2,5)",Bronx,1018
2020,2020-05-15,433,"Jackson Av (2,5)",Bronx,965
2020,2020-08-15,433,"Jackson Av (2,5)",Bronx,919
2020,2020-11-15,433,"Jackson Av (2,5)",Bronx,1012
2021,2021-02-15,433,"Jackson Av (2,5)",Bronx,987
2021,2021-05-15,433,"Jackson Av (2,5)",Bronx,1079
2021,2021-08-15,433,"Jackson Av (2,5)",Bronx,1073
2021,2021-11-15,433,"Jackson Av (2,5)",Bronx,1134
2022,2022-02-15,433,"Jackson Av (2,5)",Bronx,1120
2022,2022-05-15,433,"Jackson Av (2,5)",Bronx,1140
2022,2022-08-15,433,"Jackson Av (2,5)",Bronx,1109
2022,2022-11-15,433,"Jackson Av (2,5)",Bronx,1132
2023,2023-02-15,433,"Jackson Av (2,5)",Bronx,1081
2023,2023-05-15,433,"Jackson Av (2,5)",Bronx,1138
2023,2023-08-15,433,"Jackson Av (2,5)",Bronx,1033
2023,2023-11-15,433,"Jackson Av (2,5)",Bronx,1155
2024,2024-02-15,433,"Jackson Av (2,5)",Bronx,1152
2024,2024-05-15,433,"Jackson Av (2,5)",Bronx,978
2024,2024-08-15,433,"Jackson Av (2,5)",Bronx,1114
2024,2024-11-15,433,"Jackson Av (2,5)",Bronx,1318
2020,2020-02-15,434,"3 Av-149 St (2,5)",Bronx,1134
2020,2020-05-15,434,"3 Av-149 St (2,5)",Bronx,1074
2020,2020-08-15,434,"3 Av-149 St (2,5)",Bronx,1015
2020,2020-11-15,434,"3 Av-149 St (2,5)",Bronx,1092
2021,2021-02-15,434,"3 Av-149 St (2,5)",Bronx,1077
2021,2021-05-15,434,"3 Av-149 St (2,5)",Bronx,1204
2021,2021-08-15,434,"3 Av-149 St (2,5)",Bronx,1220
2021,2021-11-15,434,"3 Av-149 St (2,5)",Bronx,1247
2022,2022-02-15,434,"3 Av-149 St (2,5)",Bronx,1242
2022,2022-05-15,434,"3 Av-149 St (2,5)",Bronx,1226
2022,2022-08-15,434,"3 Av-149 St (2,5)",Bronx,1093
2022,2022-11-15,434,"3 Av-149 St (2,5)",Bronx,1257
2023,2023-02-15,434,"3 Av-149 St (2,5)",Bronx,1034
2023,2023-05-15,434,"3 Av-149 St (2,5)",Bronx,1285
2023,2023-08-15,434,"3 Av-149 St (2,5)",Bronx,1272
2023,2023-11-15,434,"3 Av-149 St (2,5)",Bronx,1292
2024,2024-02-15,434,"3 Av-149 St (2,5)",Bronx,1269
2024,2024-05-15,434,"3 Av-149 St (2,5)",Bronx,1314
2024,2024-08-15,434,"3 Av-149 St (2,5)",Bronx,1279
2024,2024-11-15,434,"3 Av-149 St (2,5)",Bronx,1489
2020,2020-02-15,436,Harlem-148 St (3),Manhattan,962
2020,2020-05-15,436,Harlem-148 St (3),Manhattan,807
2020,2020-08-15,436,Harlem-148 St (3),Manhattan,857
2020,2020-11-15,436,Harlem-148 St (3),Manhattan,947
2021,2021-02-15,436,Harlem-148 St (3),Manhattan,940
2021,2021-05-15,436,Harlem-148 St (3),Manhattan,1029
2021,2021-08-15,436,Harlem-148 St (3),Manhattan,1040
2021,2021-11-15,436,Harlem-148 St (3),Manhattan,1063
2022,2022-02-15,436,Harlem-148 St (3),Manhattan,997
2022,2022-05-15,436,Harlem-148 St (3),Manhattan,1063
2022,2022-08-15,436,Harlem-148 St (3),Manhattan,966
2022,2022-11-15,436,Harlem-148 St (3),Manhattan,1057
2023,2023-02-15,436,Harlem-148 St (3),Manhattan,1055
2023,2023-05-15,436,Harlem-148 St (3),Manhattan,1074
2023,2023-08-15,436,Harlem-148 St (3),Manhattan,1048
2023,2023-11-15,436,Harlem-148 St (3),Manhattan,1096
2024,2024-02-15,436,Harlem-148 St (3),Manhattan,1050
2024,2024-05-15,436,Harlem-148 St (3),Manhattan,1080
2024,2024-08-15,436,Harlem-148 St (3),Manhattan,1069
2024,2024-11-15,436,Harlem-148 St (3),Manhattan,1246
2020,2020-02-15,437,145 St (3),Manhattan,971
2020,2020-05-15,437,145 St (3),Manhattan,839
2020,2020-08-15,437,145 St (3),Manhattan,869
2020,2020-11-15,437,145 St (3),Manhattan,945
2021,2021-02-15,437,145 St (3),Manhattan,900
2021,2021-05-15,437,145 St (3),Manhattan,1009
2021,2021-08-15,437,145 St (3),Manhattan,1039
2021,2021-11-15,437,145 St (3),Manhattan,1089
2022,2022-02-15,437,145 St (3),Manhattan,988
2022,2022-05-15,437,145 St (3),Manhattan,1066
2022,2022-08-15,437,145 St (3),Manhattan,921
2022,2022-11-15,437,145 St (3),Manhattan,1076
2023,2023-02-15,437,145 St (3),Manhattan,630
2023,2023-05-15,437,145 St (3),Manhattan,1066
2023,2023-08-15,437,145 St (3),Manhattan,1040
2023,2023-11-15,437,145 St (3),Manhattan,1096
2024,2024-02-15,437,145 St (3),Manhattan,1060
2024,2024-05-15,437,145 St (3),Manhattan,1044
2024,2024-08-15,437,145 St (3),Manhattan,1067
2024,2024-11-15,437,145 St (3),Manhattan,1235
2020,2020-02-15,438,"135 St (2,3)",Manhattan,1083
2020,2020-05-15,438,"135 St (2,3)",Manhattan,1050
2020,2020-08-15,438,"135 St (2,3)",Manhattan,1009
2020,2020-11-15,438,"135 St (2,3)",Manhattan,1060
2021,2021-02-15,438,"135 St (2,3)",Manhattan,1062
2021,2021-05-15,438,"135 St (2,3)",Manhattan,1178
2021,2021-08-15,438,"135 St (2,3)",Manhattan,1216
2021,2021-11-15,438,"135 St (2,3)",Manhattan,1244
2022,2022-02-15,438,"135 St (2,3)",Manhattan,1219
2022,2022-05-15,438,"135 St (2,3)",Manhattan,1223
2022,2022-08-15,438,"135 St (2,3)",Manhattan,1062
2022,2022-11-15,438,"135 St (2,3)",Manhattan,1225
2023,2023-02-15,438,"135 St (2,3)",Manhattan,1193
2023,2023-05-15,438,"135 St (2,3)",Manhattan,1263
2023,2023-08-15,438,"135 St (2,3)",Manhattan,1258
2023,2023-11-15,438,"135 St (2,3)",Manhattan,1283
2024,2024-02-15,438,"135 St (2,3)",Manhattan,1267
2024,2024-05-15,438,"135 St (2,3)",Manhattan,1295
2024,2024-08-15,438,"135 St (2,3)",Manhattan,1294
2024,2024-11-15,438,"135 St (2,3)",Manhattan,1504
2020,2020-02-15,439,"125 St (2,3)",Manhattan,1074
2020,2020-05-15,439,"125 St (2,3)",Manhattan,1024
2020,2020-08-15,439,"125 St (2,3)",Manhattan,983
2020,2020-11-15,439,"125 St (2,3)",Manhattan,1053
2021,2021-02-15,439,"125 St (2,3)",Manhattan,1036
2021,2021-05-15,439,"125 St (2,3)",Manhattan,1184
2021,2021-08-15,439,"125 St (2,3)",Manhattan,1193
2021,2021-11-15,439,"125 St (2,3)",Manhattan,1231
2022,2022-02-15,439,"125 St (2,3)",Manhattan,1198
2022,2022-05-15,439,"125 St (2,3)",Manhattan,1233
2022,2022-08-15,439,"125 St (2,3)",Manhattan,1059
2022,2022-11-15,439,"125 St (2,3)",Manhattan,1244
2023,2023-02-15,439,"125 St (2,3)",Manhattan,1228
2023,2023-05-15,439,"125 St (2,3)",Manhattan,1269
2023,2023-08-15,439,"125 St (2,3)",Manhattan,1249
2023,2023-11-15,439,"125 St (2,3)",Manhattan,1301
2024,2024-02-15,439,"125 St (2,3)",Manhattan,1291
2024,2024-05-15,439,"125 St (2,3)",Manhattan,1328
2024,2024-08-15,439,"125 St (2,3)",Manhattan,1324
2024,2024-11-15,439,"125 St (2,3)",Manhattan,1536
2020,2020-02-15,44,"Church Av (B,Q)",Brooklyn,1062
2020,2020-05-15,44,"Church Av (B,Q)",Brooklyn,919
2020,2020-08-15,44,"Church Av (B,Q)",Brooklyn,868
2020,2020-11-15,44,"Church Av (B,Q)",Brooklyn,1079
2021,2021-02-15,44,"Church Av (B,Q)",Brooklyn,1067
2021,2021-05-15,44,"Church Av (B,Q)",Brooklyn,1169
2021,2021-08-15,44,"Church Av (B,Q)",Brooklyn,1194
2021,2021-11-15,44,"Church Av (B,Q)",Brooklyn,1208
2022,2022-02-15,44,"Church Av (B,Q)",Brooklyn,1211
2022,2022-05-15,44,"Church Av (B,Q)",Brooklyn,1208
2022,2022-08-15,44,"Church Av (B,Q)",Brooklyn,1181
2022,2022-11-15,44,"Church Av (B,Q)",Brooklyn,1203
2023,2023-02-15,44,"Church Av (B,Q)",Brooklyn,1226
2023,2023-05-15,44,"Church Av (B,Q)",Brooklyn,1245
2023,2023-08-15,44,"Church Av (B,Q)",Brooklyn,1253
2023,2023-11-15,44,"Church Av (B,Q)",Brooklyn,1266
2024,2024-02-15,44,"Church Av (B,Q)",Brooklyn,1242
2024,2024-05-15,44,"Church Av (B,Q)",Brooklyn,1296
2024,2024-08-15,44,"Church Av (B,Q)",Brooklyn,1242
2024,2024-11-15,44,"Church Av (B,Q)",Brooklyn,1408
2020,2020-02-15,440,"116 St (2,3)",Manhattan,1064
2020,2020-05-15,440,"116 St (2,3)",Manhattan,1007
2020,2020-08-15,440,"116 St (2,3)",Manhattan,968
2020,2020-11-15,440,"116 St (2,3)",Manhattan,1047
2021,2021-02-15,440,"116 St (2,3)",Manhattan,1036
2021,2021-05-15,440,"116 St (2,3)",Manhattan,1160
2021,2021-08-15,440,"116 St (2,3)",Manhattan,1160
2021,2021-11-15,440,"116 St (2,3)",Manhattan,1191
2022,2022-02-15,440,"116 St (2,3)",Manhattan,1164
2022,2022-05-15,440,"116 St (2,3)",Manhattan,1187
2022,2022-08-15,440,"116 St (2,3)",Manhattan,1052
2022,2022-11-15,440,"116 St (2,3)",Manhattan,1206
2023,2023-02-15,440,"116 St (2,3)",Manhattan,1218
2023,2023-05-15,440,"116 St (2,3)",Manhattan,1277
2023,2023-08-15,440,"116 St (2,3)",Manhattan,1235
2023,2023-11-15,440,"116 St (2,3)",Manhattan,1277
2024,2024-02-15,440,"116 St (2,3)",Manhattan,1235
2024,2024-05-15,440,"116 St (2,3)",Manhattan,1263
2024,2024-08-15,440,"116 St (2,3)",Manhattan,1256
2024,2024-11-15,440,"116 St (2,3)",Manhattan,1459
2020,2020-02-15,441,"Central Park North (110 St) (2,3)",Manhattan,1034
2020,2020-05-15,441,"Central Park North (110 St) (2,3)",Manhattan,1018
2020,2020-08-15,441,"Central Park North (110 St) (2,3)",Manhattan,969
2020,2020-11-15,441,"Central Park North (110 St) (2,3)",Manhattan,1046
2021,2021-02-15,441,"Central Park North (110 St) (2,3)",Manhattan,1011
2021,2021-05-15,441,"Central Park North (110 St) (2,3)",Manhattan,1144
2021,2021-08-15,441,"Central Park North (110 St) (2,3)",Manhattan,1162
2021,2021-11-15,441,"Central Park North (110 St) (2,3)",Manhattan,1152
2022,2022-02-15,441,"Central Park North (110 St) (2,3)",Manhattan,1164
2022,2022-05-15,441,"Central Park North (110 St) (2,3)",Manhattan,1186
2022,2022-08-15,441,"Central Park North (110 St) (2,3)",Manhattan,1004
2022,2022-11-15,441,"Central Park North (110 St) (2,3)",Manhattan,1172
2023,2023-02-15,441,"Central Park North (110 St) (2,3)",Manhattan,1185
2023,2023-05-15,441,"Central Park North (110 St) (2,3)",Manhattan,1243
2023,2023-08-15,441,"Central Park North (110 St) (2,3)",Manhattan,1193
2023,2023-11-15,441,"Central Park North (110 St) (2,3)",Manhattan,1230
2024,2024-02-15,441,"Central Park North (110 St) (2,3)",Manhattan,1216
2024,2024-05-15,441,"Central Park North (110 St) (2,3)",Manhattan,1240
2024,2024-08-15,441,"Central Park North (110 St) (2,3)",Manhattan,1216
2024,2024-11-15,441,"Central Park North (110 St) (2,3)",Manhattan,1431
2020,2020-02-15,442,Eastchester-Dyre Av (5),Bronx,987
2020,2020-05-15,442,Eastchester-Dyre Av (5),Bronx,898
2020,2020-08-15,442,Eastchester-Dyre Av (5),Bronx,909
2020,2020-11-15,442,Eastchester-Dyre Av (5),Bronx,991
2021,2021-02-15,442,Eastchester-Dyre Av (5),Bronx,908
2021,2021-05-15,442,Eastchester-Dyre Av (5),Bronx,1032
2021,2021-08-15,442,Eastchester-Dyre Av (5),Bronx,1062
2021,2021-11-15,442,Eastchester-Dyre Av (5),Bronx,791
2022,2022-02-15,442,Eastchester-Dyre Av (5),Bronx,1072
2022,2022-05-15,442,Eastchester-Dyre Av (5),Bronx,1071
2022,2022-08-15,442,Eastchester-Dyre Av (5),Bronx,1028
2022,2022-11-15,442,Eastchester-Dyre Av (5),Bronx,1038
2023,2023-02-15,442,Eastchester-Dyre Av (5),Bronx,1052
2023,2023-05-15,442,Eastchester-Dyre Av (5),Bronx,1110
2023,2023-08-15,442,Eastchester-Dyre Av (5),Bronx,1078
2023,2023-11-15,442,Eastchester-Dyre Av (5),Bronx,1081
2024,2024-02-15,442,Eastchester-Dyre Av (5),Bronx,1070
2024,2024-05-15,442,Eastchester-Dyre Av (5),Bronx,1104
2024,2024-08-15,442,Eastchester-Dyre Av (5),Bronx,1049
2024,2024-11-15,442,Eastchester-Dyre Av (5),Bronx,1171
2020,2020-02-15,443,Baychester Av (5),Bronx,991
2020,2020-05-15,443,Baychester Av (5),Bronx,876
2020,2020-08-15,443,Baychester Av (5),Bronx,844
2020,2020-11-15,443,Baychester Av (5),Bronx,932
2021,2021-02-15,443,Baychester Av (5),Bronx,883
2021,2021-05-15,443,Baychester Av (5),Bronx,993
2021,2021-08-15,443,Baychester Av (5),Bronx,978
2021,2021-11-15,443,Baychester Av (5),Bronx,716
2022,2022-02-15,443,Baychester Av (5),Bronx,988
2022,2022-05-15,443,Baychester Av (5),Bronx,1016
2022,2022-08-15,443,Baychester Av (5),Bronx,999
2022,2022-11-15,443,Baychester Av (5),Bronx,1016
2023,2023-02-15,443,Baychester Av (5),Bronx,979
2023,2023-05-15,443,Baychester Av (5),Bronx,1051
2023,2023-08-15,443,Baychester Av (5),Bronx,1007
2023,2023-11-15,443,Baychester Av (5),Bronx,1034
2024,2024-02-15,443,Baychester Av (5),Bronx,1024
2024,2024-05-15,443,Baychester Av (5),Bronx,1041
2024,2024-08-15,443,Baychester Av (5),Bronx,982
2024,2024-11-15,443,Baychester Av (5),Bronx,1130
2020,2020-02-15,444,Gun Hill Rd (5),Bronx,936
2020,2020-05-15,444,Gun Hill Rd (5),Bronx,904
2020,2020-08-15,444,Gun Hill Rd (5),Bronx,875
2020,2020-11-15,444,Gun Hill Rd (5),Bronx,964
2021,2021-02-15,444,Gun Hill Rd (5),Bronx,944
2021,2021-05-15,444,Gun Hill Rd (5),Bronx,1024
2021,2021-08-15,444,Gun Hill Rd (5),Bronx,1075
2021,2021-11-15,444,Gun Hill Rd (5),Bronx,771
2022,2022-02-15,444,Gun Hill Rd (5),Bronx,1084
2022,2022-05-15,444,Gun Hill Rd (5),Bronx,1108
2022,2022-08-15,444,Gun Hill Rd (5),Bronx,1089
2022,2022-11-15,444,Gun Hill Rd (5),Bronx,1100
2023,2023-02-15,444,Gun Hill Rd (5),Bronx,1100
2023,2023-05-15,444,Gun Hill Rd (5),Bronx,1164
2023,2023-08-15,444,Gun Hill Rd (5),Bronx,1104
2023,2023-11-15,444,Gun Hill Rd (5),Bronx,1111
2024,2024-02-15,444,Gun Hill Rd (5),Bronx,1077
2024,2024-05-15,444,Gun Hill Rd (5),Bronx,1117
2024,2024-08-15,444,Gun Hill Rd (5),Bronx,1086
2024,2024-11-15,444,Gun Hill Rd (5),Bronx,1212
2020,2020-02-15,445,Pelham Pkwy (5),Bronx,901
2020,2020-05-15,445,Pelham Pkwy (5),Bronx,679
2020,2020-08-15,445,Pelham Pkwy (5),Bronx,759
2020,2020-11-15,445,Pelham Pkwy (5),Bronx,889
2021,2021-02-15,445,Pelham Pkwy (5),Bronx,821
2021,2021-05-15,445,Pelham Pkwy (5),Bronx,936
2021,2021-08-15,445,Pelham Pkwy (5),Bronx,924
2021,2021-11-15,445,Pelham Pkwy (5),Bronx,717
2022,2022-02-15,445,Pelham Pkwy (5),Bronx,927
2022,2022-05-15,445,Pelham Pkwy (5),Bronx,952
2022,2022-08-15,445,Pelham Pkwy (5),Bronx,940
2022,2022-11-15,445,Pelham Pkwy (5),Bronx,943
2023,2023-02-15,445,Pelham Pkwy (5),Bronx,932
2023,2023-05-15,445,Pelham Pkwy (5),Bronx,1000
2023,2023-08-15,445,Pelham Pkwy (5),Bronx,922
2023,2023-11-15,445,Pelham Pkwy (5),Bronx,983
2024,2024-02-15,445,Pelham Pkwy (5),Bronx,955
2024,2024-05-15,445,Pelham Pkwy (5),Bronx,976
2024,2024-08-15,445,Pelham Pkwy (5),Bronx,971
2024,2024-11-15,445,Pelham Pkwy (5),Bronx,1099
2020,2020-02-15,446,Morris Park (5),Bronx,813
2020,2020-05-15,446,Morris Park (5),Bronx,603
2020,2020-08-15,446,Morris Park (5),Bronx,694
2020,2020-11-15,446,Morris Park (5),Bronx,835
2021,2021-02-15,446,Morris Park (5),Bronx,756
2021,2021-05-15,446,Morris Park (5),Bronx,807
2021,2021-08-15,446,Morris Park (5),Bronx,870
2021,2021-11-15,446,Morris Park (5),Bronx,622
2022,2022-02-15,446,Morris Park (5),Bronx,858
2022,2022-05-15,446,Morris Park (5),Bronx,913
2022,2022-08-15,446,Morris Park (5),Bronx,832
2022,2022-11-15,446,Morris Park (5),Bronx,933
2023,2023-02-15,446,Morris Park (5),Bronx,866
2023,2023-05-15,446,Morris Park (5),Bronx,952
2023,2023-08-15,446,Morris Park (5),Bronx,889
2023,2023-11-15,446,Morris Park (5),Bronx,950
2024,2024-02-15,446,Morris Park (5),Bronx,918
2024,2024-05-15,446,Morris Park (5),Bronx,915
2024,2024-08-15,446,Morris Park (5),Bronx,921
2024,2024-11-15,446,Morris Park (5),Bronx,1004
2020,2020-02-15,447,Flushing-Main St (7),Queens,718
2020,2020-05-15,447,Flushing-Main St (7),Queens,1076
2020,2020-08-15,447,Flushing-Main St (7),Queens,1022
2020,2020-11-15,447,Flushing-Main St (7),Queens,1101
2021,2021-02-15,447,Flushing-Main St (7),Queens,1069
2021,2021-05-15,447,Flushing-Main St (7),Queens,1240
2021,2021-08-15,447,Flushing-Main St (7),Queens,1241
2021,2021-11-15,447,Flushing-Main St (7),Queens,1274
2022,2022-02-15,447,Flushing-Main St (7),Queens,1273
2022,2022-05-15,447,Flushing-Main St (7),Queens,1293
2022,2022-08-15,447,Flushing-Main St (7),Queens,1266
2022,2022-11-15,447,Flushing-Main St (7),Queens,1317
2023,2023-02-15,447,Flushing-Main St (7),Queens,876
2023,2023-05-15,447,Flushing-Main St (7),Queens,1390
2023,2023-08-15,447,Flushing-Main St (7),Queens,1379
2023,2023-11-15,447,Flushing-Main St (7),Queens,1408
2024,2024-02-15,447,Flushing-Main St (7),Queens,1393
2024,2024-05-15,447,Flushing-Main St (7),Queens,1548
2024,2024-08-15,447,Flushing-Main St (7),Queens,1502
2024,2024-11-15,447,Flushing-Main St (7),Queens,1570
2020,2020-02-15,448,Mets-Willets Point (7),Queens,542
2020,2020-05-15,448,Mets-Willets Point (7),Queens,593
2020,2020-08-15,448,Mets-Willets Point (7),Queens,861
2020,2020-11-15,448,Mets-Willets Point (7),Queens,811
2021,2021-02-15,448,Mets-Willets Point (7),Queens,734
2021,2021-05-15,448,Mets-Willets Point (7),Queens,995
2021,2021-08-15,448,Mets-Willets Point (7),Queens,1069
2021,2021-11-15,448,Mets-Willets Point (7),Queens,957
2022,2022-02-15,448,Mets-Willets Point (7),Queens,937
2022,2022-05-15,448,Mets-Willets Point (7),Queens,1095
2022,2022-08-15,448,Mets-Willets Point (7),Queens,1075
2022,2022-11-15,448,Mets-Willets Point (7),Queens,989
2023,2023-02-15,448,Mets-Willets Point (7),Queens,1130
2023,2023-05-15,448,Mets-Willets Point (7),Queens,1176
2023,2023-08-15,448,Mets-Willets Point (7),Queens,1166
2023,2023-11-15,448,Mets-Willets Point (7),Queens,1053
2024,2024-02-15,448,Mets-Willets Point (7),Queens,1053
2024,2024-05-15,448,Mets-Willets Point (7),Queens,1149
2024,2024-08-15,448,Mets-Willets Point (7),Queens,1201
2024,2024-11-15,448,Mets-Willets Point (7),Queens,1228
2020,2020-02-15,449,111 St (7),Queens,1048
2020,2020-05-15,449,111 St (7),Queens,908
2020,2020-08-15,449,111 St (7),Queens,941
2020,2020-11-15,449,111 St (7),Queens,1038
2021,2021-02-15,449,111 St (7),Queens,968
2021,2021-05-15,449,111 St (7),Queens,1120
2021,2021-08-15,449,111 St (7),Queens,1144
2021,2021-11-15,449,111 St (7),Queens,1167
2022,2022-02-15,449,111 St (7),Queens,1150
2022,2022-05-15,449,111 St (7),Queens,1181
2022,2022-08-15,449,111 St (7),Queens,1167
2022,2022-11-15,449,111 St (7),Queens,1195
2023,2023-02-15,449,111 St (7),Queens,1200
2023,2023-05-15,449,111 St (7),Queens,1184
2023,2023-08-15,449,111 St (7),Queens,1145
2023,2023-11-15,449,111 St (7),Queens,1129
2024,2024-02-15,449,111 St (7),Queens,1128
2024,2024-05-15,449,111 St (7),Queens,1200
2024,2024-08-15,449,111 St (7),Queens,1192
2024,2024-11-15,449,111 St (7),Queens,1356
2020,2020-02-15,45,Beverley Rd (Q),Brooklyn,954
2020,2020-05-15,45,Beverley Rd (Q),Brooklyn,702
2020,2020-08-15,45,Beverley Rd (Q),Brooklyn,727
2020,2020-11-15,45,Beverley Rd (Q),Brooklyn,929
2021,2021-02-15,45,Beverley Rd (Q),Brooklyn,886
2021,2021-05-15,45,Beverley Rd (Q),Brooklyn,1006
2021,2021-08-15,45,Beverley Rd (Q),Brooklyn,992
2021,2021-11-15,45,Beverley Rd (Q),Brooklyn,1077
2022,2022-02-15,45,Beverley Rd (Q),Brooklyn,1075
2022,2022-05-15,45,Beverley Rd (Q),Brooklyn,1081
2022,2022-08-15,45,Beverley Rd (Q),Brooklyn,1022
2022,2022-11-15,45,Beverley Rd (Q),Brooklyn,1107
2023,2023-02-15,45,Beverley Rd (Q),Brooklyn,1087
2023,2023-05-15,45,Beverley Rd (Q),Brooklyn,1106
2023,2023-08-15,45,Beverley Rd (Q),Brooklyn,1082
2023,2023-11-15,45,Beverley Rd (Q),Brooklyn,1125
2024,2024-02-15,45,Beverley Rd (Q),Brooklyn,1099
2024,2024-05-15,45,Beverley Rd (Q),Brooklyn,1165
2024,2024-08-15,45,Beverley Rd (Q),Brooklyn,1143
2024,2024-11-15,45,Beverley Rd (Q),Brooklyn,1300
2020,2020-02-15,450,103 St-Corona Plaza (7),Queens,1036
2020,2020-05-15,450,103 St-Corona Plaza (7),Queens,998
2020,2020-08-15,450,103 St-Corona Plaza (7),Queens,974
2020,2020-11-15,450,103 St-Corona Plaza (7),Queens,1060
2021,2021-02-15,450,103 St-Corona Plaza (7),Queens,1039
2021,2021-05-15,450,103 St-Corona Plaza (7),Queens,1175
2021,2021-08-15,450,103 St-Corona Plaza (7),Queens,1203
2021,2021-11-15,450,103 St-Corona Plaza (7),Queens,1200
2022,2022-02-15,450,103 St-Corona Plaza (7),Queens,1215
2022,2022-05-15,450,103 St-Corona Plaza (7),Queens,1229
2022,2022-08-15,450,103 St-Corona Plaza (7),Queens,1205
2022,2022-11-15,450,103 St-Corona Plaza (7),Queens,1221
2023,2023-02-15,450,103 St-Corona Plaza (7),Queens,1243
2023,2023-05-15,450,103 St-Corona Plaza (7),Queens,1263
2023,2023-08-15,450,103 St-Corona Plaza (7),Queens,1256
2023,2023-11-15,450,103 St-Corona Plaza (7),Queens,1282
2024,2024-02-15,450,103 St-Corona Plaza (7),Queens,1262
2024,2024-05-15,450,103 St-Corona Plaza (7),Queens,1308
2024,2024-08-15,450,103 St-Corona Plaza (7),Queens,1271
2024,2024-11-15,450,103 St-Corona Plaza (7),Queens,1468
2020,2020-02-15,451,Junction Blvd (7),Queens,1064
2020,2020-05-15,451,Junction Blvd (7),Queens,903
2020,2020-08-15,451,Junction Blvd (7),Queens,987
2020,2020-11-15,451,Junction Blvd (7),Queens,1069
2021,2021-02-15,451,Junction Blvd (7),Queens,1041
2021,2021-05-15,451,Junction Blvd (7),Queens,1173
2021,2021-08-15,451,Junction Blvd (7),Queens,1211
2021,2021-11-15,451,Junction Blvd (7),Queens,1217
2022,2022-02-15,451,Junction Blvd (7),Queens,1221
2022,2022-05-15,451,Junction Blvd (7),Queens,1239
2022,2022-08-15,451,Junction Blvd (7),Queens,1215
2022,2022-11-15,451,Junction Blvd (7),Queens,1229
2023,2023-02-15,451,Junction Blvd (7),Queens,1253
2023,2023-05-15,451,Junction Blvd (7),Queens,1277
2023,2023-08-15,451,Junction Blvd (7),Queens,1263
2023,2023-11-15,451,Junction Blvd (7),Queens,1385
2024,2024-02-15,451,Junction Blvd (7),Queens,1405
2024,2024-05-15,451,Junction Blvd (7),Queens,1419
2024,2024-08-15,451,Junction Blvd (7),Queens,1387
2024,2024-11-15,451,Junction Blvd (7),Queens,1519
2020,2020-02-15,452,90 St-Elmhurst Av (7),Queens,1045
2020,2020-05-15,452,90 St-Elmhurst Av (7),Queens,992
2020,2020-08-15,452,90 St-Elmhurst Av (7),Queens,969
2020,2020-11-15,452,90 St-Elmhurst Av (7),Queens,1052
2021,2021-02-15,452,90 St-Elmhurst Av (7),Queens,1013
2021,2021-05-15,452,90 St-Elmhurst Av (7),Queens,1151
2021,2021-08-15,452,90 St-Elmhurst Av (7),Queens,1182
2021,2021-11-15,452,90 St-Elmhurst Av (7),Queens,1189
2022,2022-02-15,452,90 St-Elmhurst Av (7),Queens,1189
2022,2022-05-15,452,90 St-Elmhurst Av (7),Queens,1205
2022,2022-08-15,452,90 St-Elmhurst Av (7),Queens,1203
2022,2022-11-15,452,90 St-Elmhurst Av (7),Queens,1223
2023,2023-02-15,452,90 St-Elmhurst Av (7),Queens,1221
2023,2023-05-15,452,90 St-Elmhurst Av (7),Queens,1288
2023,2023-08-15,452,90 St-Elmhurst Av (7),Queens,1249
2023,2023-11-15,452,90 St-Elmhurst Av (7),Queens,1284
2024,2024-02-15,452,90 St-Elmhurst Av (7),Queens,1282
2024,2024-05-15,452,90 St-Elmhurst Av (7),Queens,1311
2024,2024-08-15,452,90 St-Elmhurst Av (7),Queens,1286
2024,2024-11-15,452,90 St-Elmhurst Av (7),Queens,1486
2020,2020-02-15,453,82 St-Jackson Hts (7),Queens,1057
2020,2020-05-15,453,82 St-Jackson Hts (7),Queens,849
2020,2020-08-15,453,82 St-Jackson Hts (7),Queens,980
2020,2020-11-15,453,82 St-Jackson Hts (7),Queens,1057
2021,2021-02-15,453,82 St-Jackson Hts (7),Queens,1040
2021,2021-05-15,453,82 St-Jackson Hts (7),Queens,1145
2021,2021-08-15,453,82 St-Jackson Hts (7),Queens,1200
2021,2021-11-15,453,82 St-Jackson Hts (7),Queens,1207
2022,2022-02-15,453,82 St-Jackson Hts (7),Queens,1208
2022,2022-05-15,453,82 St-Jackson Hts (7),Queens,1213
2022,2022-08-15,453,82 St-Jackson Hts (7),Queens,1226
2022,2022-11-15,453,82 St-Jackson Hts (7),Queens,1226
2023,2023-02-15,453,82 St-Jackson Hts (7),Queens,1285
2023,2023-05-15,453,82 St-Jackson Hts (7),Queens,1231
2023,2023-08-15,453,82 St-Jackson Hts (7),Queens,1187
2023,2023-11-15,453,82 St-Jackson Hts (7),Queens,1203
2024,2024-02-15,453,82 St-Jackson Hts (7),Queens,1203
2024,2024-05-15,453,82 St-Jackson Hts (7),Queens,1273
2024,2024-08-15,453,82 St-Jackson Hts (7),Queens,1269
2024,2024-11-15,453,82 St-Jackson Hts (7),Queens,1448
2020,2020-02-15,455,69 St (7),Queens,932
2020,2020-05-15,455,69 St (7),Queens,668
2020,2020-08-15,455,69 St (7),Queens,874
2020,2020-11-15,455,69 St (7),Queens,983
2021,2021-02-15,455,69 St (7),Queens,921
2021,2021-05-15,455,69 St (7),Queens,1060
2021,2021-08-15,455,69 St (7),Queens,1077
2021,2021-11-15,455,69 St (7),Queens,1068
2022,2022-02-15,455,69 St (7),Queens,1095
2022,2022-05-15,455,69 St (7),Queens,1130
2022,2022-08-15,455,69 St (7),Queens,1109
2022,2022-11-15,455,69 St (7),Queens,1115
2023,2023-02-15,455,69 St (7),Queens,1126
2023,2023-05-15,455,69 St (7),Queens,1176
2023,2023-08-15,455,69 St (7),Queens,1141
2023,2023-11-15,455,69 St (7),Queens,857
2024,2024-02-15,455,69 St (7),Queens,1157
2024,2024-05-15,455,69 St (7),Queens,1181
2024,2024-08-15,455,69 St (7),Queens,1167
2024,2024-11-15,455,69 St (7),Queens,1322
2020,2020-02-15,456,61 St-Woodside (7),Queens,1059
2020,2020-05-15,456,61 St-Woodside (7),Queens,977
2020,2020-08-15,456,61 St-Woodside (7),Queens,996
2020,2020-11-15,456,61 St-Woodside (7),Queens,1058
2021,2021-02-15,456,61 St-Woodside (7),Queens,1045
2021,2021-05-15,456,61 St-Woodside (7),Queens,1168
2021,2021-08-15,456,61 St-Woodside (7),Queens,1192
2021,2021-11-15,456,61 St-Woodside (7),Queens,1202
2022,2022-02-15,456,61 St-Woodside (7),Queens,1206
2022,2022-05-15,456,61 St-Woodside (7),Queens,1228
2022,2022-08-15,456,61 St-Woodside (7),Queens,1213
2022,2022-11-15,456,61 St-Woodside (7),Queens,1248
2023,2023-02-15,456,61 St-Woodside (7),Queens,1249
2023,2023-05-15,456,61 St-Woodside (7),Queens,1246
2023,2023-08-15,456,61 St-Woodside (7),Queens,1276
2023,2023-11-15,456,61 St-Woodside (7),Queens,959
2024,2024-02-15,456,61 St-Woodside (7),Queens,1280
2024,2024-05-15,456,61 St-Woodside (7),Queens,1325
2024,2024-08-15,456,61 St-Woodside (7),Queens,1294
2024,2024-11-15,456,61 St-Woodside (7),Queens,1480
2020,2020-02-15,457,52 St (7),Queens,994
2020,2020-05-15,457,52 St (7),Queens,695
2020,2020-08-15,457,52 St (7),Queens,887
2020,2020-11-15,457,52 St (7),Queens,971
2021,2021-02-15,457,52 St (7),Queens,928
2021,2021-05-15,457,52 St (7),Queens,1050
2021,2021-08-15,457,52 St (7),Queens,1061
2021,2021-11-15,457,52 St (7),Queens,1100
2022,2022-02-15,457,52 St (7),Queens,1091
2022,2022-05-15,457,52 St (7),Queens,1117
2022,2022-08-15,457,52 St (7),Queens,1105
2022,2022-11-15,457,52 St (7),Queens,1139
2023,2023-02-15,457,52 St (7),Queens,1129
2023,2023-05-15,457,52 St (7),Queens,1167
2023,2023-08-15,457,52 St (7),Queens,1181
2023,2023-11-15,457,52 St (7),Queens,866
2024,2024-02-15,457,52 St (7),Queens,1197
2024,2024-05-15,457,52 St (7),Queens,1206
2024,2024-08-15,457,52 St (7),Queens,1197
2024,2024-11-15,457,52 St (7),Queens,1354
2020,2020-02-15,458,46 St-Bliss St (7),Queens,1021
2020,2020-05-15,458,46 St-Bliss St (7),Queens,849
2020,2020-08-15,458,46 St-Bliss St (7),Queens,969
2020,2020-11-15,458,46 St-Bliss St (7),Queens,1058
2021,2021-02-15,458,46 St-Bliss St (7),Queens,1019
2021,2021-05-15,458,46 St-Bliss St (7),Queens,1148
2021,2021-08-15,458,46 St-Bliss St (7),Queens,1169
2021,2021-11-15,458,46 St-Bliss St (7),Queens,1190
2022,2022-02-15,458,46 St-Bliss St (7),Queens,1199
2022,2022-05-15,458,46 St-Bliss St (7),Queens,1203
2022,2022-08-15,458,46 St-Bliss St (7),Queens,1178
2022,2022-11-15,458,46 St-Bliss St (7),Queens,1227
2023,2023-02-15,458,46 St-Bliss St (7),Queens,1235
2023,2023-05-15,458,46 St-Bliss St (7),Queens,1265
2023,2023-08-15,458,46 St-Bliss St (7),Queens,1256
2023,2023-11-15,458,46 St-Bliss St (7),Queens,971
2024,2024-02-15,458,46 St-Bliss St (7),Queens,1256
2024,2024-05-15,458,46 St-Bliss St (7),Queens,1287
2024,2024-08-15,458,46 St-Bliss St (7),Queens,1277
2024,2024-11-15,458,46 St-Bliss St (7),Queens,1473
2020,2020-02-15,459,40 St-Lowery St (7),Queens,1014
2020,2020-05-15,459,40 St-Lowery St (7),Queens,774
2020,2020-08-15,459,40 St-Lowery St (7),Queens,912
2020,2020-11-15,459,40 St-Lowery St (7),Queens,1008
2021,2021-02-15,459,40 St-Lowery St (7),Queens,939
2021,2021-05-15,459,40 St-Lowery St (7),Queens,1086
2021,2021-08-15,459,40 St-Lowery St (7),Queens,1103
2021,2021-11-15,459,40 St-Lowery St (7),Queens,1102
2022,2022-02-15,459,40 St-Lowery St (7),Queens,1141
2022,2022-05-15,459,40 St-Lowery St (7),Queens,1156
2022,2022-08-15,459,40 St-Lowery St (7),Queens,1141
2022,2022-11-15,459,40 St-Lowery St (7),Queens,1170
2023,2023-02-15,459,40 St-Lowery St (7),Queens,1173
2023,2023-05-15,459,40 St-Lowery St (7),Queens,1227
2023,2023-08-15,459,40 St-Lowery St (7),Queens,1219
2023,2023-11-15,459,40 St-Lowery St (7),Queens,906
2024,2024-02-15,459,40 St-Lowery St (7),Queens,1217
2024,2024-05-15,459,40 St-Lowery St (7),Queens,1251
2024,2024-08-15,459,40 St-Lowery St (7),Queens,1245
2024,2024-11-15,459,40 St-Lowery St (7),Queens,1417
2020,2020-02-15,46,Cortelyou Rd (Q),Brooklyn,999
2020,2020-05-15,46,Cortelyou Rd (Q),Brooklyn,767
2020,2020-08-15,46,Cortelyou Rd (Q),Brooklyn,806
2020,2020-11-15,46,Cortelyou Rd (Q),Brooklyn,1005
2021,2021-02-15,46,Cortelyou Rd (Q),Brooklyn,980
2021,2021-05-15,46,Cortelyou Rd (Q),Brooklyn,1095
2021,2021-08-15,46,Cortelyou Rd (Q),Brooklyn,1094
2021,2021-11-15,46,Cortelyou Rd (Q),Brooklyn,1142
2022,2022-02-15,46,Cortelyou Rd (Q),Brooklyn,1120
2022,2022-05-15,46,Cortelyou Rd (Q),Brooklyn,1144
2022,2022-08-15,46,Cortelyou Rd (Q),Brooklyn,1097
2022,2022-11-15,46,Cortelyou Rd (Q),Brooklyn,1144
2023,2023-02-15,46,Cortelyou Rd (Q),Brooklyn,1137
2023,2023-05-15,46,Cortelyou Rd (Q),Brooklyn,1176
2023,2023-08-15,46,Cortelyou Rd (Q),Brooklyn,1152
2023,2023-11-15,46,Cortelyou Rd (Q),Brooklyn,1184
2024,2024-02-15,46,Cortelyou Rd (Q),Brooklyn,1146
2024,2024-05-15,46,Cortelyou Rd (Q),Brooklyn,1206
2024,2024-08-15,46,Cortelyou Rd (Q),Brooklyn,1194
2024,2024-11-15,46,Cortelyou Rd (Q),Brooklyn,1326
2020,2020-02-15,460,33 St-Rawson St (7),Queens,993
2020,2020-05-15,460,33 St-Rawson St (7),Queens,663
2020,2020-08-15,460,33 St-Rawson St (7),Queens,838
2020,2020-11-15,460,33 St-Rawson St (7),Queens,945
2021,2021-02-15,460,33 St-Rawson St (7),Queens,887
2021,2021-05-15,460,33 St-Rawson St (7),Queens,1032
2021,2021-08-15,460,33 St-Rawson St (7),Queens,1049
2021,2021-11-15,460,33 St-Rawson St (7),Queens,1110
2022,2022-02-15,460,33 St-Rawson St (7),Queens,1104
2022,2022-05-15,460,33 St-Rawson St (7),Queens,1137
2022,2022-08-15,460,33 St-Rawson St (7),Queens,1107
2022,2022-11-15,460,33 St-Rawson St (7),Queens,1142
2023,2023-02-15,460,33 St-Rawson St (7),Queens,1126
2023,2023-05-15,460,33 St-Rawson St (7),Queens,1190
2023,2023-08-15,460,33 St-Rawson St (7),Queens,1180
2023,2023-11-15,460,33 St-Rawson St (7),Queens,991
2024,2024-02-15,460,33 St-Rawson St (7),Queens,1191
2024,2024-05-15,460,33 St-Rawson St (7),Queens,1227
2024,2024-08-15,460,33 St-Rawson St (7),Queens,1186
2024,2024-11-15,460,33 St-Rawson St (7),Queens,1387
2020,2020-02-15,461,"Queensboro Plaza (7,N,W)",Queens,1049
2020,2020-05-15,461,"Queensboro Plaza (7,N,W)",Queens,854
2020,2020-08-15,461,"Queensboro Plaza (7,N,W)",Queens,973
2020,2020-11-15,461,"Queensboro Plaza (7,N,W)",Queens,1064
2021,2021-02-15,461,"Queensboro Plaza (7,N,W)",Queens,1038
2021,2021-05-15,461,"Queensboro Plaza (7,N,W)",Queens,1174
2021,2021-08-15,461,"Queensboro Plaza (7,N,W)",Queens,1171
2021,2021-11-15,461,"Queensboro Plaza (7,N,W)",Queens,1216
2022,2022-02-15,461,"Queensboro Plaza (7,N,W)",Queens,1204
2022,2022-05-15,461,"Queensboro Plaza (7,N,W)",Queens,1226
2022,2022-08-15,461,"Queensboro Plaza (7,N,W)",Queens,1209
2022,2022-11-15,461,"Queensboro Plaza (7,N,W)",Queens,1237
2023,2023-02-15,461,"Queensboro Plaza (7,N,W)",Queens,1234
2023,2023-05-15,461,"Queensboro Plaza (7,N,W)",Queens,1271
2023,2023-08-15,461,"Queensboro Plaza (7,N,W)",Queens,1246
2023,2023-11-15,461,"Queensboro Plaza (7,N,W)",Queens,953
2024,2024-02-15,461,"Queensboro Plaza (7,N,W)",Queens,1276
2024,2024-05-15,461,"Queensboro Plaza (7,N,W)",Queens,1302
2024,2024-08-15,461,"Queensboro Plaza (7,N,W)",Queens,1268
2024,2024-11-15,461,"Queensboro Plaza (7,N,W)",Queens,1449
2020,2020-02-15,463,Hunters Point Av (7),Queens,859
2020,2020-05-15,463,Hunters Point Av (7),Queens,621
2020,2020-08-15,463,Hunters Point Av (7),Queens,810
2020,2020-11-15,463,Hunters Point Av (7),Queens,887
2021,2021-02-15,463,Hunters Point Av (7),Queens,662
2021,2021-05-15,463,Hunters Point Av (7),Queens,921
2021,2021-08-15,463,Hunters Point Av (7),Queens,967
2021,2021-11-15,463,Hunters Point Av (7),Queens,733
2022,2022-02-15,463,Hunters Point Av (7),Queens,1016
2022,2022-05-15,463,Hunters Point Av (7),Queens,1055
2022,2022-08-15,463,Hunters Point Av (7),Queens,999
2022,2022-11-15,463,Hunters Point Av (7),Queens,808
2023,2023-02-15,463,Hunters Point Av (7),Queens,1023
2023,2023-05-15,463,Hunters Point Av (7),Queens,1090
2023,2023-08-15,463,Hunters Point Av (7),Queens,1042
2023,2023-11-15,463,Hunters Point Av (7),Queens,862
2024,2024-02-15,463,Hunters Point Av (7),Queens,1058
2024,2024-05-15,463,Hunters Point Av (7),Queens,1029
2024,2024-08-15,463,Hunters Point Av (7),Queens,1085
2024,2024-11-15,463,Hunters Point Av (7),Queens,1186
2020,2020-02-15,464,Vernon Blvd-Jackson Av (7),Queens,957
2020,2020-05-15,464,Vernon Blvd-Jackson Av (7),Queens,781
2020,2020-08-15,464,Vernon Blvd-Jackson Av (7),Queens,948
2020,2020-11-15,464,Vernon Blvd-Jackson Av (7),Queens,1008
2021,2021-02-15,464,Vernon Blvd-Jackson Av (7),Queens,790
2021,2021-05-15,464,Vernon Blvd-Jackson Av (7),Queens,1068
2021,2021-08-15,464,Vernon Blvd-Jackson Av (7),Queens,1113
2021,2021-11-15,464,Vernon Blvd-Jackson Av (7),Queens,821
2022,2022-02-15,464,Vernon Blvd-Jackson Av (7),Queens,1136
2022,2022-05-15,464,Vernon Blvd-Jackson Av (7),Queens,1149
2022,2022-08-15,464,Vernon Blvd-Jackson Av (7),Queens,1156
2022,2022-11-15,464,Vernon Blvd-Jackson Av (7),Queens,869
2023,2023-02-15,464,Vernon Blvd-Jackson Av (7),Queens,1207
2023,2023-05-15,464,Vernon Blvd-Jackson Av (7),Queens,1268
2023,2023-08-15,464,Vernon Blvd-Jackson Av (7),Queens,1220
2023,2023-11-15,464,Vernon Blvd-Jackson Av (7),Queens,949
2024,2024-02-15,464,Vernon Blvd-Jackson Av (7),Queens,1263
2024,2024-05-15,464,Vernon Blvd-Jackson Av (7),Queens,1222
2024,2024-08-15,464,Vernon Blvd-Jackson Av (7),Queens,1278
2024,2024-11-15,464,Vernon Blvd-Jackson Av (7),Queens,1428
2020,2020-02-15,47,"Newkirk Plaza (B,Q)",Brooklyn,1028
2020,2020-05-15,47,"Newkirk Plaza (B,Q)",Brooklyn,859
2020,2020-08-15,47,"Newkirk Plaza (B,Q)",Brooklyn,838
2020,2020-11-15,47,"Newkirk Plaza (B,Q)",Brooklyn,1042
2021,2021-02-15,47,"Newkirk Plaza (B,Q)",Brooklyn,1029
2021,2021-05-15,47,"Newkirk Plaza (B,Q)",Brooklyn,1111
2021,2021-08-15,47,"Newkirk Plaza (B,Q)",Brooklyn,1134
2021,2021-11-15,47,"Newkirk Plaza (B,Q)",Brooklyn,1169
2022,2022-02-15,47,"Newkirk Plaza (B,Q)",Brooklyn,1151
2022,2022-05-15,47,"Newkirk Plaza (B,Q)",Brooklyn,1169
2022,2022-08-15,47,"Newkirk Plaza (B,Q)",Brooklyn,1135
2022,2022-11-15,47,"Newkirk Plaza (B,Q)",Brooklyn,1181
2023,2023-02-15,47,"Newkirk Plaza (B,Q)",Brooklyn,1187
2023,2023-05-15,47,"Newkirk Plaza (B,Q)",Brooklyn,1233
2023,2023-08-15,47,"Newkirk Plaza (B,Q)",Brooklyn,1210
2023,2023-11-15,47,"Newkirk Plaza (B,Q)",Brooklyn,1237
2024,2024-02-15,47,"Newkirk Plaza (B,Q)",Brooklyn,1208
2024,2024-05-15,47,"Newkirk Plaza (B,Q)",Brooklyn,1256
2024,2024-08-15,47,"Newkirk Plaza (B,Q)",Brooklyn,1223
2024,2024-11-15,47,"Newkirk Plaza (B,Q)",Brooklyn,1404
2020,2020-02-15,471,34 St-Hudson Yards (7),Manhattan,992
2020,2020-05-15,471,34 St-Hudson Yards (7),Manhattan,880
2020,2020-08-15,471,34 St-Hudson Yards (7),Manhattan,938
2020,2020-11-15,471,34 St-Hudson Yards (7),Manhattan,1030
2021,2021-02-15,471,34 St-Hudson Yards (7),Manhattan,737
2021,2021-05-15,471,34 St-Hudson Yards (7),Manhattan,1065
2021,2021-08-15,471,34 St-Hudson Yards (7),Manhattan,1147
2021,2021-11-15,471,34 St-Hudson Yards (7),Manhattan,801
2022,2022-02-15,471,34 St-Hudson Yards (7),Manhattan,1192
2022,2022-05-15,471,34 St-Hudson Yards (7),Manhattan,1191
2022,2022-08-15,471,34 St-Hudson Yards (7),Manhattan,1176
2022,2022-11-15,471,34 St-Hudson Yards (7),Manhattan,927
2023,2023-02-15,471,34 St-Hudson Yards (7),Manhattan,1236
2023,2023-05-15,471,34 St-Hudson Yards (7),Manhattan,1291
2023,2023-08-15,471,34 St-Hudson Yards (7),Manhattan,1235
2023,2023-11-15,471,34 St-Hudson Yards (7),Manhattan,997
2024,2024-02-15,471,34 St-Hudson Yards (7),Manhattan,1321
2024,2024-05-15,471,34 St-Hudson Yards (7),Manhattan,1262
2024,2024-08-15,471,34 St-Hudson Yards (7),Manhattan,1307
2024,2024-11-15,471,34 St-Hudson Yards (7),Manhattan,1488
2020,2020-02-15,475,96 St (Q),Manhattan,1060
2020,2020-05-15,475,96 St (Q),Manhattan,912
2020,2020-08-15,475,96 St (Q),Manhattan,999
2020,2020-11-15,475,96 St (Q),Manhattan,1090
2021,2021-02-15,475,96 St (Q),Manhattan,1064
2021,2021-05-15,475,96 St (Q),Manhattan,1163
2021,2021-08-15,475,96 St (Q),Manhattan,1176
2021,2021-11-15,475,96 St (Q),Manhattan,1206
2022,2022-02-15,475,96 St (Q),Manhattan,1212
2022,2022-05-15,475,96 St (Q),Manhattan,1220
2022,2022-08-15,475,96 St (Q),Manhattan,1213
2022,2022-11-15,475,96 St (Q),Manhattan,1261
2023,2023-02-15,475,96 St (Q),Manhattan,1276
2023,2023-05-15,475,96 St (Q),Manhattan,1311
2023,2023-08-15,475,96 St (Q),Manhattan,1280
2023,2023-11-15,475,96 St (Q),Manhattan,1328
2024,2024-02-15,475,96 St (Q),Manhattan,1305
2024,2024-05-15,475,96 St (Q),Manhattan,1333
2024,2024-08-15,475,96 St (Q),Manhattan,1307
2024,2024-11-15,475,96 St (Q),Manhattan,1479
2020,2020-02-15,476,86 St (Q),Manhattan,1014
2020,2020-05-15,476,86 St (Q),Manhattan,833
2020,2020-08-15,476,86 St (Q),Manhattan,950
2020,2020-11-15,476,86 St (Q),Manhattan,1034
2021,2021-02-15,476,86 St (Q),Manhattan,1026
2021,2021-05-15,476,86 St (Q),Manhattan,1123
2021,2021-08-15,476,86 St (Q),Manhattan,1133
2021,2021-11-15,476,86 St (Q),Manhattan,1173
2022,2022-02-15,476,86 St (Q),Manhattan,1159
2022,2022-05-15,476,86 St (Q),Manhattan,1176
2022,2022-08-15,476,86 St (Q),Manhattan,1147
2022,2022-11-15,476,86 St (Q),Manhattan,1233
2023,2023-02-15,476,86 St (Q),Manhattan,1262
2023,2023-05-15,476,86 St (Q),Manhattan,1282
2023,2023-08-15,476,86 St (Q),Manhattan,1265
2023,2023-11-15,476,86 St (Q),Manhattan,1289
2024,2024-02-15,476,86 St (Q),Manhattan,1280
2024,2024-05-15,476,86 St (Q),Manhattan,1283
2024,2024-08-15,476,86 St (Q),Manhattan,1269
2024,2024-11-15,476,86 St (Q),Manhattan,1421
2020,2020-02-15,477,72 St (Q),Manhattan,1020
2020,2020-05-15,477,72 St (Q),Manhattan,845
2020,2020-08-15,477,72 St (Q),Manhattan,971
2020,2020-11-15,477,72 St (Q),Manhattan,1048
2021,2021-02-15,477,72 St (Q),Manhattan,1024
2021,2021-05-15,477,72 St (Q),Manhattan,1142
2021,2021-08-15,477,72 St (Q),Manhattan,1149
2021,2021-11-15,477,72 St (Q),Manhattan,1168
2022,2022-02-15,477,72 St (Q),Manhattan,1183
2022,2022-05-15,477,72 St (Q),Manhattan,1185
2022,2022-08-15,477,72 St (Q),Manhattan,1155
2022,2022-11-15,477,72 St (Q),Manhattan,1234
2023,2023-02-15,477,72 St (Q),Manhattan,1255
2023,2023-05-15,477,72 St (Q),Manhattan,1309
2023,2023-08-15,477,72 St (Q),Manhattan,1285
2023,2023-11-15,477,72 St (Q),Manhattan,1301
2024,2024-02-15,477,72 St (Q),Manhattan,1281
2024,2024-05-15,477,72 St (Q),Manhattan,1312
2024,2024-08-15,477,72 St (Q),Manhattan,1272
2024,2024-11-15,477,72 St (Q),Manhattan,1443
2020,2020-02-15,48,Avenue H (Q),Brooklyn,927
2020,2020-05-15,48,Avenue H (Q),Brooklyn,647
2020,2020-08-15,48,Avenue H (Q),Brooklyn,715
2020,2020-11-15,48,Avenue H (Q),Brooklyn,895
2021,2021-02-15,48,Avenue H (Q),Brooklyn,882
2021,2021-05-15,48,Avenue H (Q),Brooklyn,936
2021,2021-08-15,48,Avenue H (Q),Brooklyn,920
2021,2021-11-15,48,Avenue H (Q),Brooklyn,989
2022,2022-02-15,48,Avenue H (Q),Brooklyn,1015
2022,2022-05-15,48,Avenue H (Q),Brooklyn,1039
2022,2022-08-15,48,Avenue H (Q),Brooklyn,992
2022,2022-11-15,48,Avenue H (Q),Brooklyn,1043
2023,2023-02-15,48,Avenue H (Q),Brooklyn,1067
2023,2023-05-15,48,Avenue H (Q),Brooklyn,1086
2023,2023-08-15,48,Avenue H (Q),Brooklyn,1060
2023,2023-11-15,48,Avenue H (Q),Brooklyn,1083
2024,2024-02-15,48,Avenue H (Q),Brooklyn,1055
2024,2024-05-15,48,Avenue H (Q),Brooklyn,1093
2024,2024-08-15,48,Avenue H (Q),Brooklyn,1075
2024,2024-11-15,48,Avenue H (Q),Brooklyn,1218
2020,2020-02-15,49,Avenue J (Q),Brooklyn,999
2020,2020-05-15,49,Avenue J (Q),Brooklyn,784
2020,2020-08-15,49,Avenue J (Q),Brooklyn,800
2020,2020-11-15,49,Avenue J (Q),Brooklyn,1010
2021,2021-02-15,49,Avenue J (Q),Brooklyn,1005
2021,2021-05-15,49,Avenue J (Q),Brooklyn,1074
2021,2021-08-15,49,Avenue J (Q),Brooklyn,1065
2021,2021-11-15,49,Avenue J (Q),Brooklyn,1140
2022,2022-02-15,49,Avenue J (Q),Brooklyn,1125
2022,2022-05-15,49,Avenue J (Q),Brooklyn,1129
2022,2022-08-15,49,Avenue J (Q),Brooklyn,1088
2022,2022-11-15,49,Avenue J (Q),Brooklyn,1140
2023,2023-02-15,49,Avenue J (Q),Brooklyn,1145
2023,2023-05-15,49,Avenue J (Q),Brooklyn,1168
2023,2023-08-15,49,Avenue J (Q),Brooklyn,1127
2023,2023-11-15,49,Avenue J (Q),Brooklyn,1171
2024,2024-02-15,49,Avenue J (Q),Brooklyn,1155
2024,2024-05-15,49,Avenue J (Q),Brooklyn,1204
2024,2024-08-15,49,Avenue J (Q),Brooklyn,1153
2024,2024-11-15,49,Avenue J (Q),Brooklyn,1325
2020,2020-02-15,5,"36 Av (N,W)",Queens,978
2020,2020-05-15,5,"36 Av (N,W)",Queens,696
2020,2020-08-15,5,"36 Av (N,W)",Queens,885
2020,2020-11-15,5,"36 Av (N,W)",Queens,985
2021,2021-02-15,5,"36 Av (N,W)",Queens,936
2021,2021-05-15,5,"36 Av (N,W)",Queens,1043
2021,2021-08-15,5,"36 Av (N,W)",Queens,1056
2021,2021-11-15,5,"36 Av (N,W)",Queens,1127
2022,2022-02-15,5,"36 Av (N,W)",Queens,1114
2022,2022-05-15,5,"36 Av (N,W)",Queens,1123
2022,2022-08-15,5,"36 Av (N,W)",Queens,1091
2022,2022-11-15,5,"36 Av (N,W)",Queens,1122
2023,2023-02-15,5,"36 Av (N,W)",Queens,1061
2023,2023-05-15,5,"36 Av (N,W)",Queens,1170
2023,2023-08-15,5,"36 Av (N,W)",Queens,1156
2023,2023-11-15,5,"36 Av (N,W)",Queens,1141
2024,2024-02-15,5,"36 Av (N,W)",Queens,1156
2024,2024-05-15,5,"36 Av (N,W)",Queens,1204
2024,2024-08-15,5,"36 Av (N,W)",Queens,1174
2024,2024-11-15,5,"36 Av (N,W)",Queens,1334
2020,2020-02-15,50,Avenue M (Q),Brooklyn,972
2020,2020-05-15,50,Avenue M (Q),Brooklyn,735
2020,2020-08-15,50,Avenue M (Q),Brooklyn,767
2020,2020-11-15,50,Avenue M (Q),Brooklyn,1007
2021,2021-02-15,50,Avenue M (Q),Brooklyn,997
2021,2021-05-15,50,Avenue M (Q),Brooklyn,1021
2021,2021-08-15,50,Avenue M (Q),Brooklyn,1014
2021,2021-11-15,50,Avenue M (Q),Brooklyn,1096
2022,2022-02-15,50,Avenue M (Q),Brooklyn,1075
2022,2022-05-15,50,Avenue M (Q),Brooklyn,1104
2022,2022-08-15,50,Avenue M (Q),Brooklyn,1045
2022,2022-11-15,50,Avenue M (Q),Brooklyn,1093
2023,2023-02-15,50,Avenue M (Q),Brooklyn,1125
2023,2023-05-15,50,Avenue M (Q),Brooklyn,1159
2023,2023-08-15,50,Avenue M (Q),Brooklyn,1128
2023,2023-11-15,50,Avenue M (Q),Brooklyn,1130
2024,2024-02-15,50,Avenue M (Q),Brooklyn,1126
2024,2024-05-15,50,Avenue M (Q),Brooklyn,1160
2024,2024-08-15,50,Avenue M (Q),Brooklyn,1131
2024,2024-11-15,50,Avenue M (Q),Brooklyn,1296
2020,2020-02-15,501,St George (SIR),Staten Island,946
2020,2020-05-15,501,St George (SIR),Staten Island,904
2020,2020-08-15,501,St George (SIR),Staten Island,1014
2020,2020-11-15,501,St George (SIR),Staten Island,954
2021,2021-02-15,501,St George (SIR),Staten Island,1092
2021,2021-05-15,501,St George (SIR),Staten Island,888
2021,2021-08-15,501,St George (SIR),Staten Island,1045
2021,2021-11-15,501,St George (SIR),Staten Island,1225
2022,2022-02-15,501,St George (SIR),Staten Island,1198
2022,2022-05-15,501,St George (SIR),Staten Island,1063
2022,2022-08-15,501,St George (SIR),Staten Island,1176
2022,2022-11-15,501,St George (SIR),Staten Island,1200
2023,2023-02-15,501,St George (SIR),Staten Island,1192
2023,2023-05-15,501,St George (SIR),Staten Island,1260
2023,2023-08-15,501,St George (SIR),Staten Island,1251
2023,2023-11-15,501,St George (SIR),Staten Island,1279
2024,2024-02-15,501,St George (SIR),Staten Island,1272
2024,2024-05-15,501,St George (SIR),Staten Island,1296
2024,2024-08-15,501,St George (SIR),Staten Island,1265
2024,2024-11-15,501,St George (SIR),Staten Island,1459
2020,2020-02-15,502,Tompkinsville (SIR),Staten Island,551
2020,2020-05-15,502,Tompkinsville (SIR),Staten Island,302
2020,2020-08-15,502,Tompkinsville (SIR),Staten Island,332
2020,2020-11-15,502,Tompkinsville (SIR),Staten Island,490
2021,2021-02-15,502,Tompkinsville (SIR),Staten Island,501
2021,2021-05-15,502,Tompkinsville (SIR),Staten Island,469
2021,2021-08-15,502,Tompkinsville (SIR),Staten Island,531
2021,2021-11-15,502,Tompkinsville (SIR),Staten Island,704
2022,2022-02-15,502,Tompkinsville (SIR),Staten Island,635
2022,2022-05-15,502,Tompkinsville (SIR),Staten Island,586
2022,2022-08-15,502,Tompkinsville (SIR),Staten Island,651
2022,2022-11-15,502,Tompkinsville (SIR),Staten Island,686
2023,2023-02-15,502,Tompkinsville (SIR),Staten Island,642
2023,2023-05-15,502,Tompkinsville (SIR),Staten Island,733
2023,2023-08-15,502,Tompkinsville (SIR),Staten Island,666
2023,2023-11-15,502,Tompkinsville (SIR),Staten Island,726
2024,2024-02-15,502,Tompkinsville (SIR),Staten Island,700
2024,2024-05-15,502,Tompkinsville (SIR),Staten Island,712
2024,2024-08-15,502,Tompkinsville (SIR),Staten Island,723
2024,2024-11-15,502,Tompkinsville (SIR),Staten Island,726
2020,2020-02-15,51,"Kings Hwy (B,Q)",Brooklyn,1055
2020,2020-05-15,51,"Kings Hwy (B,Q)",Brooklyn,900
2020,2020-08-15,51,"Kings Hwy (B,Q)",Brooklyn,839
2020,2020-11-15,51,"Kings Hwy (B,Q)",Brooklyn,1071
2021,2021-02-15,51,"Kings Hwy (B,Q)",Brooklyn,1076
2021,2021-05-15,51,"Kings Hwy (B,Q)",Brooklyn,1153
2021,2021-08-15,51,"Kings Hwy (B,Q)",Brooklyn,1157
2021,2021-11-15,51,"Kings Hwy (B,Q)",Brooklyn,1196
2022,2022-02-15,51,"Kings Hwy (B,Q)",Brooklyn,1188
2022,2022-05-15,51,"Kings Hwy (B,Q)",Brooklyn,1229
2022,2022-08-15,51,"Kings Hwy (B,Q)",Brooklyn,1177
2022,2022-11-15,51,"Kings Hwy (B,Q)",Brooklyn,1220
2023,2023-02-15,51,"Kings Hwy (B,Q)",Brooklyn,1240
2023,2023-05-15,51,"Kings Hwy (B,Q)",Brooklyn,1293
2023,2023-08-15,51,"Kings Hwy (B,Q)",Brooklyn,1283
2023,2023-11-15,51,"Kings Hwy (B,Q)",Brooklyn,1314
2024,2024-02-15,51,"Kings Hwy (B,Q)",Brooklyn,1301
2024,2024-05-15,51,"Kings Hwy (B,Q)",Brooklyn,1326
2024,2024-08-15,51,"Kings Hwy (B,Q)",Brooklyn,1311
2024,2024-11-15,51,"Kings Hwy (B,Q)",Brooklyn,1466
2020,2020-02-15,52,Avenue U (Q),Brooklyn,1026
2020,2020-05-15,52,Avenue U (Q),Brooklyn,823
2020,2020-08-15,52,Avenue U (Q),Brooklyn,814
2020,2020-11-15,52,Avenue U (Q),Brooklyn,1011
2021,2021-02-15,52,Avenue U (Q),Brooklyn,1009
2021,2021-05-15,52,Avenue U (Q),Brooklyn,1069
2021,2021-08-15,52,Avenue U (Q),Brooklyn,1083
2021,2021-11-15,52,Avenue U (Q),Brooklyn,1139
2022,2022-02-15,52,Avenue U (Q),Brooklyn,1121
2022,2022-05-15,52,Avenue U (Q),Brooklyn,1138
2022,2022-08-15,52,Avenue U (Q),Brooklyn,1099
2022,2022-11-15,52,Avenue U (Q),Brooklyn,1157
2023,2023-02-15,52,Avenue U (Q),Brooklyn,1165
2023,2023-05-15,52,Avenue U (Q),Brooklyn,1210
2023,2023-08-15,52,Avenue U (Q),Brooklyn,1173
2023,2023-11-15,52,Avenue U (Q),Brooklyn,1203
2024,2024-02-15,52,Avenue U (Q),Brooklyn,1194
2024,2024-05-15,52,Avenue U (Q),Brooklyn,1238
2024,2024-08-15,52,Avenue U (Q),Brooklyn,1197
2024,2024-11-15,52,Avenue U (Q),Brooklyn,1366
2020,2020-02-15,53,Neck Rd (Q),Brooklyn,963
2020,2020-05-15,53,Neck Rd (Q),Brooklyn,660
2020,2020-08-15,53,Neck Rd (Q),Brooklyn,739
2020,2020-11-15,53,Neck Rd (Q),Brooklyn,975
2021,2021-02-15,53,Neck Rd (Q),Brooklyn,938
2021,2021-05-15,53,Neck Rd (Q),Brooklyn,1011
2021,2021-08-15,53,Neck Rd (Q),Brooklyn,1015
2021,2021-11-15,53,Neck Rd (Q),Brooklyn,1083
2022,2022-02-15,53,Neck Rd (Q),Brooklyn,1060
2022,2022-05-15,53,Neck Rd (Q),Brooklyn,1089
2022,2022-08-15,53,Neck Rd (Q),Brooklyn,1057
2022,2022-11-15,53,Neck Rd (Q),Brooklyn,1069
2023,2023-02-15,53,Neck Rd (Q),Brooklyn,1081
2023,2023-05-15,53,Neck Rd (Q),Brooklyn,1117
2023,2023-08-15,53,Neck Rd (Q),Brooklyn,1110
2023,2023-11-15,53,Neck Rd (Q),Brooklyn,1123
2024,2024-02-15,53,Neck Rd (Q),Brooklyn,1117
2024,2024-05-15,53,Neck Rd (Q),Brooklyn,1121
2024,2024-08-15,53,Neck Rd (Q),Brooklyn,1115
2024,2024-11-15,53,Neck Rd (Q),Brooklyn,1187
2020,2020-02-15,54,"Sheepshead Bay (B,Q)",Brooklyn,1043
2020,2020-05-15,54,"Sheepshead Bay (B,Q)",Brooklyn,888
2020,2020-08-15,54,"Sheepshead Bay (B,Q)",Brooklyn,865
2020,2020-11-15,54,"Sheepshead Bay (B,Q)",Brooklyn,1070
2021,2021-02-15,54,"Sheepshead Bay (B,Q)",Brooklyn,1034
2021,2021-05-15,54,"Sheepshead Bay (B,Q)",Brooklyn,1154
2021,2021-08-15,54,"Sheepshead Bay (B,Q)",Brooklyn,1154
2021,2021-11-15,54,"Sheepshead Bay (B,Q)",Brooklyn,1194
2022,2022-02-15,54,"Sheepshead Bay (B,Q)",Brooklyn,1179
2022,2022-05-15,54,"Sheepshead Bay (B,Q)",Brooklyn,1196
2022,2022-08-15,54,"Sheepshead Bay (B,Q)",Brooklyn,1183
2022,2022-11-15,54,"Sheepshead Bay (B,Q)",Brooklyn,1198
2023,2023-02-15,54,"Sheepshead Bay (B,Q)",Brooklyn,1225
2023,2023-05-15,54,"Sheepshead Bay (B,Q)",Brooklyn,1271
2023,2023-08-15,54,"Sheepshead Bay (B,Q)",Brooklyn,1259
2023,2023-11-15,54,"Sheepshead Bay (B,Q)",Brooklyn,1287
2024,2024-02-15,54,"Sheepshead Bay (B,Q)",Brooklyn,1257
2024,2024-05-15,54,"Sheepshead Bay (B,Q)",Brooklyn,1308
2024,2024-08-15,54,"Sheepshead Bay (B,Q)",Brooklyn,1293
2024,2024-11-15,54,"Sheepshead Bay (B,Q)",Brooklyn,1463
2020,2020-02-15,55,"Brighton Beach (B,Q)",Brooklyn,1038
2020,2020-05-15,55,"Brighton Beach (B,Q)",Brooklyn,852
2020,2020-08-15,55,"Brighton Beach (B,Q)",Brooklyn,837
2020,2020-11-15,55,"Brighton Beach (B,Q)",Brooklyn,1033
2021,2021-02-15,55,"Brighton Beach (B,Q)",Brooklyn,1022
2021,2021-05-15,55,"Brighton Beach (B,Q)",Brooklyn,1113
2021,2021-08-15,55,"Brighton Beach (B,Q)",Brooklyn,1148
2021,2021-11-15,55,"Brighton Beach (B,Q)",Brooklyn,1132
2022,2022-02-15,55,"Brighton Beach (B,Q)",Brooklyn,1134
2022,2022-05-15,55,"Brighton Beach (B,Q)",Brooklyn,1171
2022,2022-08-15,55,"Brighton Beach (B,Q)",Brooklyn,1159
2022,2022-11-15,55,"Brighton Beach (B,Q)",Brooklyn,1161
2023,2023-02-15,55,"Brighton Beach (B,Q)",Brooklyn,1178
2023,2023-05-15,55,"Brighton Beach (B,Q)",Brooklyn,1242
2023,2023-08-15,55,"Brighton Beach (B,Q)",Brooklyn,1243
2023,2023-11-15,55,"Brighton Beach (B,Q)",Brooklyn,1235
2024,2024-02-15,55,"Brighton Beach (B,Q)",Brooklyn,1283
2024,2024-05-15,55,"Brighton Beach (B,Q)",Brooklyn,1244
2024,2024-08-15,55,"Brighton Beach (B,Q)",Brooklyn,1242
2024,2024-11-15,55,"Brighton Beach (B,Q)",Brooklyn,1398
2020,2020-02-15,56,Ocean Pkwy (Q),Brooklyn,705
2020,2020-05-15,56,Ocean Pkwy (Q),Brooklyn,702
2020,2020-08-15,56,Ocean Pkwy (Q),Brooklyn,739
2020,2020-11-15,56,Ocean Pkwy (Q),Brooklyn,920
2021,2021-02-15,56,Ocean Pkwy (Q),Brooklyn,909
2021,2021-05-15,56,Ocean Pkwy (Q),Brooklyn,1031
2021,2021-08-15,56,Ocean Pkwy (Q),Brooklyn,1018
2021,2021-11-15,56,Ocean Pkwy (Q),Brooklyn,1018
2022,2022-02-15,56,Ocean Pkwy (Q),Brooklyn,1026
2022,2022-05-15,56,Ocean Pkwy (Q),Brooklyn,1058
2022,2022-08-15,56,Ocean Pkwy (Q),Brooklyn,1024
2022,2022-11-15,56,Ocean Pkwy (Q),Brooklyn,1049
2023,2023-02-15,56,Ocean Pkwy (Q),Brooklyn,1052
2023,2023-05-15,56,Ocean Pkwy (Q),Brooklyn,1096
2023,2023-08-15,56,Ocean Pkwy (Q),Brooklyn,1100
2023,2023-11-15,56,Ocean Pkwy (Q),Brooklyn,1079
2024,2024-02-15,56,Ocean Pkwy (Q),Brooklyn,350
2024,2024-05-15,56,Ocean Pkwy (Q),Brooklyn,1110
2024,2024-08-15,56,Ocean Pkwy (Q),Brooklyn,1080
2024,2024-11-15,56,Ocean Pkwy (Q),Brooklyn,1131
2020,2020-02-15,57,"W 8 St-NY Aquarium (F,Q)",Brooklyn,848
2020,2020-05-15,57,"W 8 St-NY Aquarium (F,Q)",Brooklyn,592
2020,2020-08-15,57,"W 8 St-NY Aquarium (F,Q)",Brooklyn,685
2020,2020-11-15,57,"W 8 St-NY Aquarium (F,Q)",Brooklyn,865
2021,2021-02-15,57,"W 8 St-NY Aquarium (F,Q)",Brooklyn,815
2021,2021-05-15,57,"W 8 St-NY Aquarium (F,Q)",Brooklyn,953
2021,2021-08-15,57,"W 8 St-NY Aquarium (F,Q)",Brooklyn,973
2021,2021-11-15,57,"W 8 St-NY Aquarium (F,Q)",Brooklyn,946
2022,2022-02-15,57,"W 8 St-NY Aquarium (F,Q)",Brooklyn,939
2022,2022-05-15,57,"W 8 St-NY Aquarium (F,Q)",Brooklyn,1019
2022,2022-08-15,57,"W 8 St-NY Aquarium (F,Q)",Brooklyn,1017
2022,2022-11-15,57,"W 8 St-NY Aquarium (F,Q)",Brooklyn,958
2023,2023-02-15,57,"W 8 St-NY Aquarium (F,Q)",Brooklyn,998
2023,2023-05-15,57,"W 8 St-NY Aquarium (F,Q)",Brooklyn,1060
2023,2023-08-15,57,"W 8 St-NY Aquarium (F,Q)",Brooklyn,1091
2023,2023-11-15,57,"W 8 St-NY Aquarium (F,Q)",Brooklyn,1030
2024,2024-02-15,57,"W 8 St-NY Aquarium (F,Q)",Brooklyn,466
2024,2024-05-15,57,"W 8 St-NY Aquarium (F,Q)",Brooklyn,1082
2024,2024-08-15,57,"W 8 St-NY Aquarium (F,Q)",Brooklyn,1068
2024,2024-11-15,57,"W 8 St-NY Aquarium (F,Q)",Brooklyn,1122
2020,2020-02-15,58,"Coney Island-Stillwell Av (D,F,N,Q)",Brooklyn,1068
2020,2020-05-15,58,"Coney Island-Stillwell Av (D,F,N,Q)",Brooklyn,937
2020,2020-08-15,58,"Coney Island-Stillwell Av (D,F,N,Q)",Brooklyn,871
2020,2020-11-15,58,"Coney Island-Stillwell Av (D,F,N,Q)",Brooklyn,1084
2021,2021-02-15,58,"Coney Island-Stillwell Av (D,F,N,Q)",Brooklyn,1035
2021,2021-05-15,58,"Coney Island-Stillwell Av (D,F,N,Q)",Brooklyn,1203
2021,2021-08-15,58,"Coney Island-Stillwell Av (D,F,N,Q)",Brooklyn,1213
2021,2021-11-15,58,"Coney Island-Stillwell Av (D,F,N,Q)",Brooklyn,1208
2022,2022-02-15,58,"Coney Island-Stillwell Av (D,F,N,Q)",Brooklyn,1205
2022,2022-05-15,58,"Coney Island-Stillwell Av (D,F,N,Q)",Brooklyn,1242
2022,2022-08-15,58,"Coney Island-Stillwell Av (D,F,N,Q)",Brooklyn,1236
2022,2022-11-15,58,"Coney Island-Stillwell Av (D,F,N,Q)",Brooklyn,1238
2023,2023-02-15,58,"Coney Island-Stillwell Av (D,F,N,Q)",Brooklyn,1257
2023,2023-05-15,58,"Coney Island-Stillwell Av (D,F,N,Q)",Brooklyn,1303
2023,2023-08-15,58,"Coney Island-Stillwell Av (D,F,N,Q)",Brooklyn,1293
2023,2023-11-15,58,"Coney Island-Stillwell Av (D,F,N,Q)",Brooklyn,1297
2024,2024-02-15,58,"Coney Island-Stillwell Av (D,F,N,Q)",Brooklyn,1291
2024,2024-05-15,58,"Coney Island-Stillwell Av (D,F,N,Q)",Brooklyn,1435
2024,2024-08-15,58,"Coney Island-Stillwell Av (D,F,N,Q)",Brooklyn,1473
2024,2024-11-15,58,"Coney Island-Stillwell Av (D,F,N,Q)",Brooklyn,1528
2020,2020-02-15,59,9 Av (D),Brooklyn,980
2020,2020-05-15,59,9 Av (D),Brooklyn,740
2020,2020-08-15,59,9 Av (D),Brooklyn,775
2020,2020-11-15,59,9 Av (D),Brooklyn,854
2021,2021-02-15,59,9 Av (D),Brooklyn,851
2021,2021-05-15,59,9 Av (D),Brooklyn,1027
2021,2021-08-15,59,9 Av (D),Brooklyn,1042
2021,2021-11-15,59,9 Av (D),Brooklyn,1105
2022,2022-02-15,59,9 Av (D),Brooklyn,1105
2022,2022-05-15,59,9 Av (D),Brooklyn,1106
2022,2022-08-15,59,9 Av (D),Brooklyn,1090
2022,2022-11-15,59,9 Av (D),Brooklyn,1110
2023,2023-02-15,59,9 Av (D),Brooklyn,1106
2023,2023-05-15,59,9 Av (D),Brooklyn,1147
2023,2023-08-15,59,9 Av (D),Brooklyn,1116
2023,2023-11-15,59,9 Av (D),Brooklyn,1110
2024,2024-02-15,59,9 Av (D),Brooklyn,1146
2024,2024-05-15,59,9 Av (D),Brooklyn,1146
2024,2024-08-15,59,9 Av (D),Brooklyn,1141
2024,2024-11-15,59,9 Av (D),Brooklyn,1256
2020,2020-02-15,6,"39 Av-Dutch Kills (N,W)",Queens,885
2020,2020-05-15,6,"39 Av-Dutch Kills (N,W)",Queens,501
2020,2020-08-15,6,"39 Av-Dutch Kills (N,W)",Queens,773
2020,2020-11-15,6,"39 Av-Dutch Kills (N,W)",Queens,872
2021,2021-02-15,6,"39 Av-Dutch Kills (N,W)",Queens,838
2021,2021-05-15,6,"39 Av-Dutch Kills (N,W)",Queens,870
2021,2021-08-15,6,"39 Av-Dutch Kills (N,W)",Queens,973
2021,2021-11-15,6,"39 Av-Dutch Kills (N,W)",Queens,1015
2022,2022-02-15,6,"39 Av-Dutch Kills (N,W)",Queens,998
2022,2022-05-15,6,"39 Av-Dutch Kills (N,W)",Queens,974
2022,2022-08-15,6,"39 Av-Dutch Kills (N,W)",Queens,913
2022,2022-11-15,6,"39 Av-Dutch Kills (N,W)",Queens,1024
2023,2023-02-15,6,"39 Av-Dutch Kills (N,W)",Queens,1017
2023,2023-05-15,6,"39 Av-Dutch Kills (N,W)",Queens,1068
2023,2023-08-15,6,"39 Av-Dutch Kills (N,W)",Queens,1034
2023,2023-11-15,6,"39 Av-Dutch Kills (N,W)",Queens,1109
2024,2024-02-15,6,"39 Av-Dutch Kills (N,W)",Queens,1046
2024,2024-05-15,6,"39 Av-Dutch Kills (N,W)",Queens,1093
2024,2024-08-15,6,"39 Av-Dutch Kills (N,W)",Queens,1023
2024,2024-11-15,6,"39 Av-Dutch Kills (N,W)",Queens,1157
2020,2020-02-15,60,Fort Hamilton Pkwy (D),Brooklyn,970
2020,2020-05-15,60,Fort Hamilton Pkwy (D),Brooklyn,755
2020,2020-08-15,60,Fort Hamilton Pkwy (D),Brooklyn,763
2020,2020-11-15,60,Fort Hamilton Pkwy (D),Brooklyn,849
2021,2021-02-15,60,Fort Hamilton Pkwy (D),Brooklyn,943
2021,2021-05-15,60,Fort Hamilton Pkwy (D),Brooklyn,1033
2021,2021-08-15,60,Fort Hamilton Pkwy (D),Brooklyn,1039
2021,2021-11-15,60,Fort Hamilton Pkwy (D),Brooklyn,1107
2022,2022-02-15,60,Fort Hamilton Pkwy (D),Brooklyn,1081
2022,2022-05-15,60,Fort Hamilton Pkwy (D),Brooklyn,1113
2022,2022-08-15,60,Fort Hamilton Pkwy (D),Brooklyn,1053
2022,2022-11-15,60,Fort Hamilton Pkwy (D),Brooklyn,1109
2023,2023-02-15,60,Fort Hamilton Pkwy (D),Brooklyn,1100
2023,2023-05-15,60,Fort Hamilton Pkwy (D),Brooklyn,1131
2023,2023-08-15,60,Fort Hamilton Pkwy (D),Brooklyn,1073
2023,2023-11-15,60,Fort Hamilton Pkwy (D),Brooklyn,1136
2024,2024-02-15,60,Fort Hamilton Pkwy (D),Brooklyn,1117
2024,2024-05-15,60,Fort Hamilton Pkwy (D),Brooklyn,1118
2024,2024-08-15,60,Fort Hamilton Pkwy (D),Brooklyn,1088
2024,2024-11-15,60,Fort Hamilton Pkwy (D),Brooklyn,1242
2020,2020-02-15,601,"14 St (F,M,1,2,3)/6 Av (L)",Manhattan,1253
2020,2020-05-15,601,"14 St (F,M,1,2,3)/6 Av (L)",Manhattan,1035
2020,2020-08-15,601,"14 St (F,M,1,2,3)/6 Av (L)",Manhattan,1008
2020,2020-11-15,601,"14 St (F,M,1,2,3)/6 Av (L)",Manhattan,1079
2021,2021-02-15,601,"14 St (F,M,1,2,3)/6 Av (L)",Manhattan,1082
2021,2021-05-15,601,"14 St (F,M,1,2,3)/6 Av (L)",Manhattan,1203
2021,2021-08-15,601,"14 St (F,M,1,2,3)/6 Av (L)",Manhattan,1220
2021,2021-11-15,601,"14 St (F,M,1,2,3)/6 Av (L)",Manhattan,1248
2022,2022-02-15,601,"14 St (F,M,1,2,3)/6 Av (L)",Manhattan,1258
2022,2022-05-15,601,"14 St (F,M,1,2,3)/6 Av (L)",Manhattan,1282
2022,2022-08-15,601,"14 St (F,M,1,2,3)/6 Av (L)",Manhattan,1251
2022,2022-11-15,601,"14 St (F,M,1,2,3)/6 Av (L)",Manhattan,1359
2023,2023-02-15,601,"14 St (F,M,1,2,3)/6 Av (L)",Manhattan,1386
2023,2023-05-15,601,"14 St (F,M,1,2,3)/6 Av (L)",Manhattan,1416
2023,2023-08-15,601,"14 St (F,M,1,2,3)/6 Av (L)",Manhattan,1402
2023,2023-11-15,601,"14 St (F,M,1,2,3)/6 Av (L)",Manhattan,1422
2024,2024-02-15,601,"14 St (F,M,1,2,3)/6 Av (L)",Manhattan,1401
2024,2024-05-15,601,"14 St (F,M,1,2,3)/6 Av (L)",Manhattan,1436
2024,2024-08-15,601,"14 St (F,M,1,2,3)/6 Av (L)",Manhattan,1403
2024,2024-11-15,601,"14 St (F,M,1,2,3)/6 Av (L)",Manhattan,1575
2020,2020-02-15,602,"14 St-Union Sq (L,N,Q,R,W,4,5,6)",Manhattan,1276
2020,2020-05-15,602,"14 St-Union Sq (L,N,Q,R,W,4,5,6)",Manhattan,1084
2020,2020-08-15,602,"14 St-Union Sq (L,N,Q,R,W,4,5,6)",Manhattan,1013
2020,2020-11-15,602,"14 St-Union Sq (L,N,Q,R,W,4,5,6)",Manhattan,1091
2021,2021-02-15,602,"14 St-Union Sq (L,N,Q,R,W,4,5,6)",Manhattan,1085
2021,2021-05-15,602,"14 St-Union Sq (L,N,Q,R,W,4,5,6)",Manhattan,1226
2021,2021-08-15,602,"14 St-Union Sq (L,N,Q,R,W,4,5,6)",Manhattan,1243
2021,2021-11-15,602,"14 St-Union Sq (L,N,Q,R,W,4,5,6)",Manhattan,1281
2022,2022-02-15,602,"14 St-Union Sq (L,N,Q,R,W,4,5,6)",Manhattan,1268
2022,2022-05-15,602,"14 St-Union Sq (L,N,Q,R,W,4,5,6)",Manhattan,1309
2022,2022-08-15,602,"14 St-Union Sq (L,N,Q,R,W,4,5,6)",Manhattan,1261
2022,2022-11-15,602,"14 St-Union Sq (L,N,Q,R,W,4,5,6)",Manhattan,1385
2023,2023-02-15,602,"14 St-Union Sq (L,N,Q,R,W,4,5,6)",Manhattan,1385
2023,2023-05-15,602,"14 St-Union Sq (L,N,Q,R,W,4,5,6)",Manhattan,1431
2023,2023-08-15,602,"14 St-Union Sq (L,N,Q,R,W,4,5,6)",Manhattan,1385
2023,2023-11-15,602,"14 St-Union Sq (L,N,Q,R,W,4,5,6)",Manhattan,1422
2024,2024-02-15,602,"14 St-Union Sq (L,N,Q,R,W,4,5,6)",Manhattan,1424
2024,2024-05-15,602,"14 St-Union Sq (L,N,Q,R,W,4,5,6)",Manhattan,1536
2024,2024-08-15,602,"14 St-Union Sq (L,N,Q,R,W,4,5,6)",Manhattan,1516
2024,2024-11-15,602,"14 St-Union Sq (L,N,Q,R,W,4,5,6)",Manhattan,1628
2020,2020-02-15,603,"149 St-Grand Concourse (2,4,5)",Bronx,1236
2020,2020-05-15,603,"149 St-Grand Concourse (2,4,5)",Bronx,1069
2020,2020-08-15,603,"149 St-Grand Concourse (2,4,5)",Bronx,1000
2020,2020-11-15,603,"149 St-Grand Concourse (2,4,5)",Bronx,1087
2021,2021-02-15,603,"149 St-Grand Concourse (2,4,5)",Bronx,1047
2021,2021-05-15,603,"149 St-Grand Concourse (2,4,5)",Bronx,1184
2021,2021-08-15,603,"149 St-Grand Concourse (2,4,5)",Bronx,1220
2021,2021-11-15,603,"149 St-Grand Concourse (2,4,5)",Bronx,1224
2022,2022-02-15,603,"149 St-Grand Concourse (2,4,5)",Bronx,1204
2022,2022-05-15,603,"149 St-Grand Concourse (2,4,5)",Bronx,1215
2022,2022-08-15,603,"149 St-Grand Concourse (2,4,5)",Bronx,1213
2022,2022-11-15,603,"149 St-Grand Concourse (2,4,5)",Bronx,1225
2023,2023-02-15,603,"149 St-Grand Concourse (2,4,5)",Bronx,1241
2023,2023-05-15,603,"149 St-Grand Concourse (2,4,5)",Bronx,1253
2023,2023-08-15,603,"149 St-Grand Concourse (2,4,5)",Bronx,1250
2023,2023-11-15,603,"149 St-Grand Concourse (2,4,5)",Bronx,1260
2024,2024-02-15,603,"149 St-Grand Concourse (2,4,5)",Bronx,1255
2024,2024-05-15,603,"149 St-Grand Concourse (2,4,5)",Bronx,1278
2024,2024-08-15,603,"149 St-Grand Concourse (2,4,5)",Bronx,1250
2024,2024-11-15,603,"149 St-Grand Concourse (2,4,5)",Bronx,1496
2020,2020-02-15,604,"161 St-Yankee Stadium (B,D,4)",Bronx,1261
2020,2020-05-15,604,"161 St-Yankee Stadium (B,D,4)",Bronx,1093
2020,2020-08-15,604,"161 St-Yankee Stadium (B,D,4)",Bronx,1028
2020,2020-11-15,604,"161 St-Yankee Stadium (B,D,4)",Bronx,1098
2021,2021-02-15,604,"161 St-Yankee Stadium (B,D,4)",Bronx,1065
2021,2021-05-15,604,"161 St-Yankee Stadium (B,D,4)",Bronx,1204
2021,2021-08-15,604,"161 St-Yankee Stadium (B,D,4)",Bronx,1232
2021,2021-11-15,604,"161 St-Yankee Stadium (B,D,4)",Bronx,1244
2022,2022-02-15,604,"161 St-Yankee Stadium (B,D,4)",Bronx,1238
2022,2022-05-15,604,"161 St-Yankee Stadium (B,D,4)",Bronx,1263
2022,2022-08-15,604,"161 St-Yankee Stadium (B,D,4)",Bronx,1246
2022,2022-11-15,604,"161 St-Yankee Stadium (B,D,4)",Bronx,1263
2023,2023-02-15,604,"161 St-Yankee Stadium (B,D,4)",Bronx,1258
2023,2023-05-15,604,"161 St-Yankee Stadium (B,D,4)",Bronx,1304
2023,2023-08-15,604,"161 St-Yankee Stadium (B,D,4)",Bronx,1312
2023,2023-11-15,604,"161 St-Yankee Stadium (B,D,4)",Bronx,1313
2024,2024-02-15,604,"161 St-Yankee Stadium (B,D,4)",Bronx,1303
2024,2024-05-15,604,"161 St-Yankee Stadium (B,D,4)",Bronx,1486
2024,2024-08-15,604,"161 St-Yankee Stadium (B,D,4)",Bronx,1457
2024,2024-11-15,604,"161 St-Yankee Stadium (B,D,4)",Bronx,1566
2020,2020-02-15,605,"168 St (A,C,1)",Manhattan,1237
2020,2020-05-15,605,"168 St (A,C,1)",Manhattan,1083
2020,2020-08-15,605,"168 St (A,C,1)",Manhattan,1020
2020,2020-11-15,605,"168 St (A,C,1)",Manhattan,1099
2021,2021-02-15,605,"168 St (A,C,1)",Manhattan,1078
2021,2021-05-15,605,"168 St (A,C,1)",Manhattan,1215
2021,2021-08-15,605,"168 St (A,C,1)",Manhattan,1220
2021,2021-11-15,605,"168 St (A,C,1)",Manhattan,1231
2022,2022-02-15,605,"168 St (A,C,1)",Manhattan,1239
2022,2022-05-15,605,"168 St (A,C,1)",Manhattan,1241
2022,2022-08-15,605,"168 St (A,C,1)",Manhattan,1225
2022,2022-11-15,605,"168 St (A,C,1)",Manhattan,1282
2023,2023-02-15,605,"168 St (A,C,1)",Manhattan,1290
2023,2023-05-15,605,"168 St (A,C,1)",Manhattan,1322
2023,2023-08-15,605,"168 St (A,C,1)",Manhattan,1314
2023,2023-11-15,605,"168 St (A,C,1)",Manhattan,1347
2024,2024-02-15,605,"168 St (A,C,1)",Manhattan,1351
2024,2024-05-15,605,"168 St (A,C,1)",Manhattan,1444
2024,2024-08-15,605,"168 St (A,C,1)",Manhattan,1452
2024,2024-11-15,605,"168 St (A,C,1)",Manhattan,1526
2020,2020-02-15,606,"Court Sq (E,G,M,7)",Queens,1050
2020,2020-05-15,606,"Court Sq (E,G,M,7)",Queens,864
2020,2020-08-15,606,"Court Sq (E,G,M,7)",Queens,972
2020,2020-11-15,606,"Court Sq (E,G,M,7)",Queens,1042
2021,2021-02-15,606,"Court Sq (E,G,M,7)",Queens,1014
2021,2021-05-15,606,"Court Sq (E,G,M,7)",Queens,1148
2021,2021-08-15,606,"Court Sq (E,G,M,7)",Queens,1163
2021,2021-11-15,606,"Court Sq (E,G,M,7)",Queens,1227
2022,2022-02-15,606,"Court Sq (E,G,M,7)",Queens,1199
2022,2022-05-15,606,"Court Sq (E,G,M,7)",Queens,1231
2022,2022-08-15,606,"Court Sq (E,G,M,7)",Queens,1205
2022,2022-11-15,606,"Court Sq (E,G,M,7)",Queens,1254
2023,2023-02-15,606,"Court Sq (E,G,M,7)",Queens,1265
2023,2023-05-15,606,"Court Sq (E,G,M,7)",Queens,1307
2023,2023-08-15,606,"Court Sq (E,G,M,7)",Queens,1285
2023,2023-11-15,606,"Court Sq (E,G,M,7)",Queens,1326
2024,2024-02-15,606,"Court Sq (E,G,M,7)",Queens,1311
2024,2024-05-15,606,"Court Sq (E,G,M,7)",Queens,1341
2024,2024-08-15,606,"Court Sq (E,G,M,7)",Queens,1374
2024,2024-11-15,606,"Court Sq (E,G,M,7)",Queens,1536
2020,2020-02-15,607,"34 St-Herald Sq (B,D,F,M,N,Q,R,W)",Manhattan,1280
2020,2020-05-15,607,"34 St-Herald Sq (B,D,F,M,N,Q,R,W)",Manhattan,1079
2020,2020-08-15,607,"34 St-Herald Sq (B,D,F,M,N,Q,R,W)",Manhattan,1029
2020,2020-11-15,607,"34 St-Herald Sq (B,D,F,M,N,Q,R,W)",Manhattan,1102
2021,2021-02-15,607,"34 St-Herald Sq (B,D,F,M,N,Q,R,W)",Manhattan,1104
2021,2021-05-15,607,"34 St-Herald Sq (B,D,F,M,N,Q,R,W)",Manhattan,1227
2021,2021-08-15,607,"34 St-Herald Sq (B,D,F,M,N,Q,R,W)",Manhattan,1238
2021,2021-11-15,607,"34 St-Herald Sq (B,D,F,M,N,Q,R,W)",Manhattan,1273
2022,2022-02-15,607,"34 St-Herald Sq (B,D,F,M,N,Q,R,W)",Manhattan,1291
2022,2022-05-15,607,"34 St-Herald Sq (B,D,F,M,N,Q,R,W)",Manhattan,1307
2022,2022-08-15,607,"34 St-Herald Sq (B,D,F,M,N,Q,R,W)",Manhattan,1259
2022,2022-11-15,607,"34 St-Herald Sq (B,D,F,M,N,Q,R,W)",Manhattan,1371
2023,2023-02-15,607,"34 St-Herald Sq (B,D,F,M,N,Q,R,W)",Manhattan,1388
2023,2023-05-15,607,"34 St-Herald Sq (B,D,F,M,N,Q,R,W)",Manhattan,1414
2023,2023-08-15,607,"34 St-Herald Sq (B,D,F,M,N,Q,R,W)",Manhattan,1372
2023,2023-11-15,607,"34 St-Herald Sq (B,D,F,M,N,Q,R,W)",Manhattan,1434
2024,2024-02-15,607,"34 St-Herald Sq (B,D,F,M,N,Q,R,W)",Manhattan,1426
2024,2024-05-15,607,"34 St-Herald Sq (B,D,F,M,N,Q,R,W)",Manhattan,1453
2024,2024-08-15,607,"34 St-Herald Sq (B,D,F,M,N,Q,R,W)",Manhattan,1545
2024,2024-11-15,607,"34 St-Herald Sq (B,D,F,M,N,Q,R,W)",Manhattan,1633
2020,2020-02-15,608,"4 Av (F,G)/9 St (R)",Brooklyn,1022
2020,2020-05-15,608,"4 Av (F,G)/9 St (R)",Brooklyn,838
2020,2020-08-15,608,"4 Av (F,G)/9 St (R)",Brooklyn,834
2020,2020-11-15,608,"4 Av (F,G)/9 St (R)",Brooklyn,1036
2021,2021-02-15,608,"4 Av (F,G)/9 St (R)",Brooklyn,1014
2021,2021-05-15,608,"4 Av (F,G)/9 St (R)",Brooklyn,1114
2021,2021-08-15,608,"4 Av (F,G)/9 St (R)",Brooklyn,1164
2021,2021-11-15,608,"4 Av (F,G)/9 St (R)",Brooklyn,1185
2022,2022-02-15,608,"4 Av (F,G)/9 St (R)",Brooklyn,1175
2022,2022-05-15,608,"4 Av (F,G)/9 St (R)",Brooklyn,1204
2022,2022-08-15,608,"4 Av (F,G)/9 St (R)",Brooklyn,1182
2022,2022-11-15,608,"4 Av (F,G)/9 St (R)",Brooklyn,1193
2023,2023-02-15,608,"4 Av (F,G)/9 St (R)",Brooklyn,1233
2023,2023-05-15,608,"4 Av (F,G)/9 St (R)",Brooklyn,1266
2023,2023-08-15,608,"4 Av (F,G)/9 St (R)",Brooklyn,1238
2023,2023-11-15,608,"4 Av (F,G)/9 St (R)",Brooklyn,1283
2024,2024-02-15,608,"4 Av (F,G)/9 St (R)",Brooklyn,1266
2024,2024-05-15,608,"4 Av (F,G)/9 St (R)",Brooklyn,1304
2024,2024-08-15,608,"4 Av (F,G)/9 St (R)",Brooklyn,1245
2024,2024-11-15,608,"4 Av (F,G)/9 St (R)",Brooklyn,1438
2020,2020-02-15,609,"Bryant Pk (B,D,F,M)/5 Av (7)",Manhattan,1244
2020,2020-05-15,609,"Bryant Pk (B,D,F,M)/5 Av (7)",Manhattan,1031
2020,2020-08-15,609,"Bryant Pk (B,D,F,M)/5 Av (7)",Manhattan,998
2020,2020-11-15,609,"Bryant Pk (B,D,F,M)/5 Av (7)",Manhattan,1067
2021,2021-02-15,609,"Bryant Pk (B,D,F,M)/5 Av (7)",Manhattan,1055
2021,2021-05-15,609,"Bryant Pk (B,D,F,M)/5 Av (7)",Manhattan,1113
2021,2021-08-15,609,"Bryant Pk (B,D,F,M)/5 Av (7)",Manhattan,1192
2021,2021-11-15,609,"Bryant Pk (B,D,F,M)/5 Av (7)",Manhattan,1229
2022,2022-02-15,609,"Bryant Pk (B,D,F,M)/5 Av (7)",Manhattan,1243
2022,2022-05-15,609,"Bryant Pk (B,D,F,M)/5 Av (7)",Manhattan,1261
2022,2022-08-15,609,"Bryant Pk (B,D,F,M)/5 Av (7)",Manhattan,1213
2022,2022-11-15,609,"Bryant Pk (B,D,F,M)/5 Av (7)",Manhattan,1283
2023,2023-02-15,609,"Bryant Pk (B,D,F,M)/5 Av (7)",Manhattan,1331
2023,2023-05-15,609,"Bryant Pk (B,D,F,M)/5 Av (7)",Manhattan,1354
2023,2023-08-15,609,"Bryant Pk (B,D,F,M)/5 Av (7)",Manhattan,1335
2023,2023-11-15,609,"Bryant Pk (B,D,F,M)/5 Av (7)",Manhattan,1375
2024,2024-02-15,609,"Bryant Pk (B,D,F,M)/5 Av (7)",Manhattan,1349
2024,2024-05-15,609,"Bryant Pk (B,D,F,M)/5 Av (7)",Manhattan,1484
2024,2024-08-15,609,"Bryant Pk (B,D,F,M)/5 Av (7)",Manhattan,1466
2024,2024-11-15,609,"Bryant Pk (B,D,F,M)/5 Av (7)",Manhattan,1588
2020,2020-02-15,61,50 St (D),Brooklyn,932
2020,2020-05-15,61,50 St (D),Brooklyn,716
2020,2020-08-15,61,50 St (D),Brooklyn,712
2020,2020-11-15,61,50 St (D),Brooklyn,823
2021,2021-02-15,61,50 St (D),Brooklyn,898
2021,2021-05-15,61,50 St (D),Brooklyn,965
2021,2021-08-15,61,50 St (D),Brooklyn,953
2021,2021-11-15,61,50 St (D),Brooklyn,1054
2022,2022-02-15,61,50 St (D),Brooklyn,1036
2022,2022-05-15,61,50 St (D),Brooklyn,1067
2022,2022-08-15,61,50 St (D),Brooklyn,1031
2022,2022-11-15,61,50 St (D),Brooklyn,1064
2023,2023-02-15,61,50 St (D),Brooklyn,1091
2023,2023-05-15,61,50 St (D),Brooklyn,1076
2023,2023-08-15,61,50 St (D),Brooklyn,1044
2023,2023-11-15,61,50 St (D),Brooklyn,1083
2024,2024-02-15,61,50 St (D),Brooklyn,1104
2024,2024-05-15,61,50 St (D),Brooklyn,1118
2024,2024-08-15,61,50 St (D),Brooklyn,1076
2024,2024-11-15,61,50 St (D),Brooklyn,1202
2020,2020-02-15,610,"Grand Central-42 St (S,4,5,6,7)",Manhattan,1263
2020,2020-05-15,610,"Grand Central-42 St (S,4,5,6,7)",Manhattan,1071
2020,2020-08-15,610,"Grand Central-42 St (S,4,5,6,7)",Manhattan,1021
2020,2020-11-15,610,"Grand Central-42 St (S,4,5,6,7)",Manhattan,1090
2021,2021-02-15,610,"Grand Central-42 St (S,4,5,6,7)",Manhattan,1082
2021,2021-05-15,610,"Grand Central-42 St (S,4,5,6,7)",Manhattan,1207
2021,2021-08-15,610,"Grand Central-42 St (S,4,5,6,7)",Manhattan,1231
2021,2021-11-15,610,"Grand Central-42 St (S,4,5,6,7)",Manhattan,1250
2022,2022-02-15,610,"Grand Central-42 St (S,4,5,6,7)",Manhattan,1254
2022,2022-05-15,610,"Grand Central-42 St (S,4,5,6,7)",Manhattan,1300
2022,2022-08-15,610,"Grand Central-42 St (S,4,5,6,7)",Manhattan,1258
2022,2022-11-15,610,"Grand Central-42 St (S,4,5,6,7)",Manhattan,1399
2023,2023-02-15,610,"Grand Central-42 St (S,4,5,6,7)",Manhattan,1409
2023,2023-05-15,610,"Grand Central-42 St (S,4,5,6,7)",Manhattan,1442
2023,2023-08-15,610,"Grand Central-42 St (S,4,5,6,7)",Manhattan,1414
2023,2023-11-15,610,"Grand Central-42 St (S,4,5,6,7)",Manhattan,1439
2024,2024-02-15,610,"Grand Central-42 St (S,4,5,6,7)",Manhattan,1434
2024,2024-05-15,610,"Grand Central-42 St (S,4,5,6,7)",Manhattan,1468
2024,2024-08-15,610,"Grand Central-42 St (S,4,5,6,7)",Manhattan,1534
2024,2024-11-15,610,"Grand Central-42 St (S,4,5,6,7)",Manhattan,1632
2020,2020-02-15,611,"Times Sq-42 St (N,Q,R,W,S,1,2,3,7)/42 St (A,C,E)",Manhattan,1289
2020,2020-05-15,611,"Times Sq-42 St (N,Q,R,W,S,1,2,3,7)/42 St (A,C,E)",Manhattan,1107
2020,2020-08-15,611,"Times Sq-42 St (N,Q,R,W,S,1,2,3,7)/42 St (A,C,E)",Manhattan,1048
2020,2020-11-15,611,"Times Sq-42 St (N,Q,R,W,S,1,2,3,7)/42 St (A,C,E)",Manhattan,1117
2021,2021-02-15,611,"Times Sq-42 St (N,Q,R,W,S,1,2,3,7)/42 St (A,C,E)",Manhattan,1107
2021,2021-05-15,611,"Times Sq-42 St (N,Q,R,W,S,1,2,3,7)/42 St (A,C,E)",Manhattan,1253
2021,2021-08-15,611,"Times Sq-42 St (N,Q,R,W,S,1,2,3,7)/42 St (A,C,E)",Manhattan,1254
2021,2021-11-15,611,"Times Sq-42 St (N,Q,R,W,S,1,2,3,7)/42 St (A,C,E)",Manhattan,1289
2022,2022-02-15,611,"Times Sq-42 St (N,Q,R,W,S,1,2,3,7)/42 St (A,C,E)",Manhattan,1292
2022,2022-05-15,611,"Times Sq-42 St (N,Q,R,W,S,1,2,3,7)/42 St (A,C,E)",Manhattan,1329
2022,2022-08-15,611,"Times Sq-42 St (N,Q,R,W,S,1,2,3,7)/42 St (A,C,E)",Manhattan,1303
2022,2022-11-15,611,"Times Sq-42 St (N,Q,R,W,S,1,2,3,7)/42 St (A,C,E)",Manhattan,1429
2023,2023-02-15,611,"Times Sq-42 St (N,Q,R,W,S,1,2,3,7)/42 St (A,C,E)",Manhattan,1445
2023,2023-05-15,611,"Times Sq-42 St (N,Q,R,W,S,1,2,3,7)/42 St (A,C,E)",Manhattan,1480
2023,2023-08-15,611,"Times Sq-42 St (N,Q,R,W,S,1,2,3,7)/42 St (A,C,E)",Manhattan,1433
2023,2023-11-15,611,"Times Sq-42 St (N,Q,R,W,S,1,2,3,7)/42 St (A,C,E)",Manhattan,1460
2024,2024-02-15,611,"Times Sq-42 St (N,Q,R,W,S,1,2,3,7)/42 St (A,C,E)",Manhattan,1470
2024,2024-05-15,611,"Times Sq-42 St (N,Q,R,W,S,1,2,3,7)/42 St (A,C,E)",Manhattan,1542
2024,2024-08-15,611,"Times Sq-42 St (N,Q,R,W,S,1,2,3,7)/42 St (A,C,E)",Manhattan,1581
2024,2024-11-15,611,"Times Sq-42 St (N,Q,R,W,S,1,2,3,7)/42 St (A,C,E)",Manhattan,1664
2020,2020-02-15,612,"Lexington Av-53 St (E,M)/51 St (6)",Manhattan,1225
2020,2020-05-15,612,"Lexington Av-53 St (E,M)/51 St (6)",Manhattan,1021
2020,2020-08-15,612,"Lexington Av-53 St (E,M)/51 St (6)",Manhattan,1002
2020,2020-11-15,612,"Lexington Av-53 St (E,M)/51 St (6)",Manhattan,1067
2021,2021-02-15,612,"Lexington Av-53 St (E,M)/51 St (6)",Manhattan,1054
2021,2021-05-15,612,"Lexington Av-53 St (E,M)/51 St (6)",Manhattan,1165
2021,2021-08-15,612,"Lexington Av-53 St (E,M)/51 St (6)",Manhattan,1181
2021,2021-11-15,612,"Lexington Av-53 St (E,M)/51 St (6)",Manhattan,1243
2022,2022-02-15,612,"Lexington Av-53 St (E,M)/51 St (6)",Manhattan,1215
2022,2022-05-15,612,"Lexington Av-53 St (E,M)/51 St (6)",Manhattan,1249
2022,2022-08-15,612,"Lexington Av-53 St (E,M)/51 St (6)",Manhattan,1208
2022,2022-11-15,612,"Lexington Av-53 St (E,M)/51 St (6)",Manhattan,1304
2023,2023-02-15,612,"Lexington Av-53 St (E,M)/51 St (6)",Manhattan,1329
2023,2023-05-15,612,"Lexington Av-53 St (E,M)/51 St (6)",Manhattan,1328
2023,2023-08-15,612,"Lexington Av-53 St (E,M)/51 St (6)",Manhattan,1333
2023,2023-11-15,612,"Lexington Av-53 St (E,M)/51 St (6)",Manhattan,1343
2024,2024-02-15,612,"Lexington Av-53 St (E,M)/51 St (6)",Manhattan,1364
2024,2024-05-15,612,"Lexington Av-53 St (E,M)/51 St (6)",Manhattan,1404
2024,2024-08-15,612,"Lexington Av-53 St (E,M)/51 St (6)",Manhattan,1440
2024,2024-11-15,612,"Lexington Av-53 St (E,M)/51 St (6)",Manhattan,1584
2020,2020-02-15,613,"Lexington Av (N,R,W)/59 St (4,5,6)",Manhattan,1251
2020,2020-05-15,613,"Lexington Av (N,R,W)/59 St (4,5,6)",Manhattan,1071
2020,2020-08-15,613,"Lexington Av (N,R,W)/59 St (4,5,6)",Manhattan,1012
2020,2020-11-15,613,"Lexington Av (N,R,W)/59 St (4,5,6)",Manhattan,1083
2021,2021-02-15,613,"Lexington Av (N,R,W)/59 St (4,5,6)",Manhattan,1077
2021,2021-05-15,613,"Lexington Av (N,R,W)/59 St (4,5,6)",Manhattan,1199
2021,2021-08-15,613,"Lexington Av (N,R,W)/59 St (4,5,6)",Manhattan,1223
2021,2021-11-15,613,"Lexington Av (N,R,W)/59 St (4,5,6)",Manhattan,1243
2022,2022-02-15,613,"Lexington Av (N,R,W)/59 St (4,5,6)",Manhattan,1238
2022,2022-05-15,613,"Lexington Av (N,R,W)/59 St (4,5,6)",Manhattan,1281
2022,2022-08-15,613,"Lexington Av (N,R,W)/59 St (4,5,6)",Manhattan,1258
2022,2022-11-15,613,"Lexington Av (N,R,W)/59 St (4,5,6)",Manhattan,1335
2023,2023-02-15,613,"Lexington Av (N,R,W)/59 St (4,5,6)",Manhattan,1343
2023,2023-05-15,613,"Lexington Av (N,R,W)/59 St (4,5,6)",Manhattan,1378
2023,2023-08-15,613,"Lexington Av (N,R,W)/59 St (4,5,6)",Manhattan,1355
2023,2023-11-15,613,"Lexington Av (N,R,W)/59 St (4,5,6)",Manhattan,1384
2024,2024-02-15,613,"Lexington Av (N,R,W)/59 St (4,5,6)",Manhattan,1375
2024,2024-05-15,613,"Lexington Av (N,R,W)/59 St (4,5,6)",Manhattan,1403
2024,2024-08-15,613,"Lexington Av (N,R,W)/59 St (4,5,6)",Manhattan,1373
2024,2024-11-15,613,"Lexington Av (N,R,W)/59 St (4,5,6)",Manhattan,1567
2020,2020-02-15,614,"59 St-Columbus Circle (A,B,C,D,1)",Manhattan,1257
2020,2020-05-15,614,"59 St-Columbus Circle (A,B,C,D,1)",Manhattan,1075
2020,2020-08-15,614,"59 St-Columbus Circle (A,B,C,D,1)",Manhattan,1024
2020,2020-11-15,614,"59 St-Columbus Circle (A,B,C,D,1)",Manhattan,1094
2021,2021-02-15,614,"59 St-Columbus Circle (A,B,C,D,1)",Manhattan,1085
2021,2021-05-15,614,"59 St-Columbus Circle (A,B,C,D,1)",Manhattan,1211
2021,2021-08-15,614,"59 St-Columbus Circle (A,B,C,D,1)",Manhattan,1232
2021,2021-11-15,614,"59 St-Columbus Circle (A,B,C,D,1)",Manhattan,1257
2022,2022-02-15,614,"59 St-Columbus Circle (A,B,C,D,1)",Manhattan,1258
2022,2022-05-15,614,"59 St-Columbus Circle (A,B,C,D,1)",Manhattan,1290
2022,2022-08-15,614,"59 St-Columbus Circle (A,B,C,D,1)",Manhattan,1253
2022,2022-11-15,614,"59 St-Columbus Circle (A,B,C,D,1)",Manhattan,1366
2023,2023-02-15,614,"59 St-Columbus Circle (A,B,C,D,1)",Manhattan,1368
2023,2023-05-15,614,"59 St-Columbus Circle (A,B,C,D,1)",Manhattan,1399
2023,2023-08-15,614,"59 St-Columbus Circle (A,B,C,D,1)",Manhattan,1378
2023,2023-11-15,614,"59 St-Columbus Circle (A,B,C,D,1)",Manhattan,1414
2024,2024-02-15,614,"59 St-Columbus Circle (A,B,C,D,1)",Manhattan,1409
2024,2024-05-15,614,"59 St-Columbus Circle (A,B,C,D,1)",Manhattan,1408
2024,2024-08-15,614,"59 St-Columbus Circle (A,B,C,D,1)",Manhattan,1396
2024,2024-11-15,614,"59 St-Columbus Circle (A,B,C,D,1)",Manhattan,1582
2020,2020-02-15,615,New Utrecht Av (N)/62 St (D),Brooklyn,998
2020,2020-05-15,615,New Utrecht Av (N)/62 St (D),Brooklyn,770
2020,2020-08-15,615,New Utrecht Av (N)/62 St (D),Brooklyn,778
2020,2020-11-15,615,New Utrecht Av (N)/62 St (D),Brooklyn,864
2021,2021-02-15,615,New Utrecht Av (N)/62 St (D),Brooklyn,1010
2021,2021-05-15,615,New Utrecht Av (N)/62 St (D),Brooklyn,1034
2021,2021-08-15,615,New Utrecht Av (N)/62 St (D),Brooklyn,1068
2021,2021-11-15,615,New Utrecht Av (N)/62 St (D),Brooklyn,1122
2022,2022-02-15,615,New Utrecht Av (N)/62 St (D),Brooklyn,1107
2022,2022-05-15,615,New Utrecht Av (N)/62 St (D),Brooklyn,1121
2022,2022-08-15,615,New Utrecht Av (N)/62 St (D),Brooklyn,1104
2022,2022-11-15,615,New Utrecht Av (N)/62 St (D),Brooklyn,1098
2023,2023-02-15,615,New Utrecht Av (N)/62 St (D),Brooklyn,1115
2023,2023-05-15,615,New Utrecht Av (N)/62 St (D),Brooklyn,1143
2023,2023-08-15,615,New Utrecht Av (N)/62 St (D),Brooklyn,1133
2023,2023-11-15,615,New Utrecht Av (N)/62 St (D),Brooklyn,1183
2024,2024-02-15,615,New Utrecht Av (N)/62 St (D),Brooklyn,1162
2024,2024-05-15,615,New Utrecht Av (N)/62 St (D),Brooklyn,1187
2024,2024-08-15,615,New Utrecht Av (N)/62 St (D),Brooklyn,1156
2024,2024-11-15,615,New Utrecht Av (N)/62 St (D),Brooklyn,1287
2020,2020-02-15,616,"74-Broadway (7)/Jackson Hts-Roosevelt Av (E,F,M,R)",Queens,1113
2020,2020-05-15,616,"74-Broadway (7)/Jackson Hts-Roosevelt Av (E,F,M,R)",Queens,976
2020,2020-08-15,616,"74-Broadway (7)/Jackson Hts-Roosevelt Av (E,F,M,R)",Queens,1028
2020,2020-11-15,616,"74-Broadway (7)/Jackson Hts-Roosevelt Av (E,F,M,R)",Queens,1105
2021,2021-02-15,616,"74-Broadway (7)/Jackson Hts-Roosevelt Av (E,F,M,R)",Queens,1109
2021,2021-05-15,616,"74-Broadway (7)/Jackson Hts-Roosevelt Av (E,F,M,R)",Queens,1235
2021,2021-08-15,616,"74-Broadway (7)/Jackson Hts-Roosevelt Av (E,F,M,R)",Queens,1249
2021,2021-11-15,616,"74-Broadway (7)/Jackson Hts-Roosevelt Av (E,F,M,R)",Queens,1272
2022,2022-02-15,616,"74-Broadway (7)/Jackson Hts-Roosevelt Av (E,F,M,R)",Queens,1312
2022,2022-05-15,616,"74-Broadway (7)/Jackson Hts-Roosevelt Av (E,F,M,R)",Queens,1313
2022,2022-08-15,616,"74-Broadway (7)/Jackson Hts-Roosevelt Av (E,F,M,R)",Queens,1321
2022,2022-11-15,616,"74-Broadway (7)/Jackson Hts-Roosevelt Av (E,F,M,R)",Queens,1407
2023,2023-02-15,616,"74-Broadway (7)/Jackson Hts-Roosevelt Av (E,F,M,R)",Queens,1434
2023,2023-05-15,616,"74-Broadway (7)/Jackson Hts-Roosevelt Av (E,F,M,R)",Queens,1436
2023,2023-08-15,616,"74-Broadway (7)/Jackson Hts-Roosevelt Av (E,F,M,R)",Queens,1429
2023,2023-11-15,616,"74-Broadway (7)/Jackson Hts-Roosevelt Av (E,F,M,R)",Queens,1466
2024,2024-02-15,616,"74-Broadway (7)/Jackson Hts-Roosevelt Av (E,F,M,R)",Queens,1462
2024,2024-05-15,616,"74-Broadway (7)/Jackson Hts-Roosevelt Av (E,F,M,R)",Queens,1474
2024,2024-08-15,616,"74-Broadway (7)/Jackson Hts-Roosevelt Av (E,F,M,R)",Queens,1452
2024,2024-11-15,616,"74-Broadway (7)/Jackson Hts-Roosevelt Av (E,F,M,R)",Queens,1630
2020,2020-02-15,617,"Atlantic Av-Barclays Ctr (B,D,N,Q,R,2,3,4,5)",Brooklyn,1263
2020,2020-05-15,617,"Atlantic Av-Barclays Ctr (B,D,N,Q,R,2,3,4,5)",Brooklyn,1078
2020,2020-08-15,617,"Atlantic Av-Barclays Ctr (B,D,N,Q,R,2,3,4,5)",Brooklyn,1025
2020,2020-11-15,617,"Atlantic Av-Barclays Ctr (B,D,N,Q,R,2,3,4,5)",Brooklyn,1104
2021,2021-02-15,617,"Atlantic Av-Barclays Ctr (B,D,N,Q,R,2,3,4,5)",Brooklyn,1101
2021,2021-05-15,617,"Atlantic Av-Barclays Ctr (B,D,N,Q,R,2,3,4,5)",Brooklyn,1217
2021,2021-08-15,617,"Atlantic Av-Barclays Ctr (B,D,N,Q,R,2,3,4,5)",Brooklyn,1222
2021,2021-11-15,617,"Atlantic Av-Barclays Ctr (B,D,N,Q,R,2,3,4,5)",Brooklyn,1261
2022,2022-02-15,617,"Atlantic Av-Barclays Ctr (B,D,N,Q,R,2,3,4,5)",Brooklyn,1274
2022,2022-05-15,617,"Atlantic Av-Barclays Ctr (B,D,N,Q,R,2,3,4,5)",Brooklyn,1304
2022,2022-08-15,617,"Atlantic Av-Barclays Ctr (B,D,N,Q,R,2,3,4,5)",Brooklyn,1266
2022,2022-11-15,617,"Atlantic Av-Barclays Ctr (B,D,N,Q,R,2,3,4,5)",Brooklyn,1382
2023,2023-02-15,617,"Atlantic Av-Barclays Ctr (B,D,N,Q,R,2,3,4,5)",Brooklyn,1408
2023,2023-05-15,617,"Atlantic Av-Barclays Ctr (B,D,N,Q,R,2,3,4,5)",Brooklyn,1436
2023,2023-08-15,617,"Atlantic Av-Barclays Ctr (B,D,N,Q,R,2,3,4,5)",Brooklyn,1417
2023,2023-11-15,617,"Atlantic Av-Barclays Ctr (B,D,N,Q,R,2,3,4,5)",Brooklyn,1513
2024,2024-02-15,617,"Atlantic Av-Barclays Ctr (B,D,N,Q,R,2,3,4,5)",Brooklyn,1475
2024,2024-05-15,617,"Atlantic Av-Barclays Ctr (B,D,N,Q,R,2,3,4,5)",Brooklyn,1510
2024,2024-08-15,617,"Atlantic Av-Barclays Ctr (B,D,N,Q,R,2,3,4,5)",Brooklyn,1513
2024,2024-11-15,617,"Atlantic Av-Barclays Ctr (B,D,N,Q,R,2,3,4,5)",Brooklyn,1604
2020,2020-02-15,618,"14 St (A,C,E)/8 Av (L)",Manhattan,1247
2020,2020-05-15,618,"14 St (A,C,E)/8 Av (L)",Manhattan,1034
2020,2020-08-15,618,"14 St (A,C,E)/8 Av (L)",Manhattan,1004
2020,2020-11-15,618,"14 St (A,C,E)/8 Av (L)",Manhattan,1073
2021,2021-02-15,618,"14 St (A,C,E)/8 Av (L)",Manhattan,1062
2021,2021-05-15,618,"14 St (A,C,E)/8 Av (L)",Manhattan,1214
2021,2021-08-15,618,"14 St (A,C,E)/8 Av (L)",Manhattan,1215
2021,2021-11-15,618,"14 St (A,C,E)/8 Av (L)",Manhattan,1253
2022,2022-02-15,618,"14 St (A,C,E)/8 Av (L)",Manhattan,1235
2022,2022-05-15,618,"14 St (A,C,E)/8 Av (L)",Manhattan,1266
2022,2022-08-15,618,"14 St (A,C,E)/8 Av (L)",Manhattan,1240
2022,2022-11-15,618,"14 St (A,C,E)/8 Av (L)",Manhattan,1345
2023,2023-02-15,618,"14 St (A,C,E)/8 Av (L)",Manhattan,1362
2023,2023-05-15,618,"14 St (A,C,E)/8 Av (L)",Manhattan,1381
2023,2023-08-15,618,"14 St (A,C,E)/8 Av (L)",Manhattan,1375
2023,2023-11-15,618,"14 St (A,C,E)/8 Av (L)",Manhattan,1396
2024,2024-02-15,618,"14 St (A,C,E)/8 Av (L)",Manhattan,1398
2024,2024-05-15,618,"14 St (A,C,E)/8 Av (L)",Manhattan,1431
2024,2024-08-15,618,"14 St (A,C,E)/8 Av (L)",Manhattan,1403
2024,2024-11-15,618,"14 St (A,C,E)/8 Av (L)",Manhattan,1573
2020,2020-02-15,619,"Broadway-Lafayette St (B,D,F,M)/Bleecker St (6)",Manhattan,1229
2020,2020-05-15,619,"Broadway-Lafayette St (B,D,F,M)/Bleecker St (6)",Manhattan,997
2020,2020-08-15,619,"Broadway-Lafayette St (B,D,F,M)/Bleecker St (6)",Manhattan,968
2020,2020-11-15,619,"Broadway-Lafayette St (B,D,F,M)/Bleecker St (6)",Manhattan,1064
2021,2021-02-15,619,"Broadway-Lafayette St (B,D,F,M)/Bleecker St (6)",Manhattan,1041
2021,2021-05-15,619,"Broadway-Lafayette St (B,D,F,M)/Bleecker St (6)",Manhattan,1166
2021,2021-08-15,619,"Broadway-Lafayette St (B,D,F,M)/Bleecker St (6)",Manhattan,1186
2021,2021-11-15,619,"Broadway-Lafayette St (B,D,F,M)/Bleecker St (6)",Manhattan,1235
2022,2022-02-15,619,"Broadway-Lafayette St (B,D,F,M)/Bleecker St (6)",Manhattan,1218
2022,2022-05-15,619,"Broadway-Lafayette St (B,D,F,M)/Bleecker St (6)",Manhattan,1255
2022,2022-08-15,619,"Broadway-Lafayette St (B,D,F,M)/Bleecker St (6)",Manhattan,1224
2022,2022-11-15,619,"Broadway-Lafayette St (B,D,F,M)/Bleecker St (6)",Manhattan,1295
2023,2023-02-15,619,"Broadway-Lafayette St (B,D,F,M)/Bleecker St (6)",Manhattan,1313
2023,2023-05-15,619,"Broadway-Lafayette St (B,D,F,M)/Bleecker St (6)",Manhattan,1346
2023,2023-08-15,619,"Broadway-Lafayette St (B,D,F,M)/Bleecker St (6)",Manhattan,1311
2023,2023-11-15,619,"Broadway-Lafayette St (B,D,F,M)/Bleecker St (6)",Manhattan,1339
2024,2024-02-15,619,"Broadway-Lafayette St (B,D,F,M)/Bleecker St (6)",Manhattan,1357
2024,2024-05-15,619,"Broadway-Lafayette St (B,D,F,M)/Bleecker St (6)",Manhattan,1412
2024,2024-08-15,619,"Broadway-Lafayette St (B,D,F,M)/Bleecker St (6)",Manhattan,1386
2024,2024-11-15,619,"Broadway-Lafayette St (B,D,F,M)/Bleecker St (6)",Manhattan,1565
2020,2020-02-15,62,55 St (D),Brooklyn,895
2020,2020-05-15,62,55 St (D),Brooklyn,620
2020,2020-08-15,62,55 St (D),Brooklyn,655
2020,2020-11-15,62,55 St (D),Brooklyn,777
2021,2021-02-15,62,55 St (D),Brooklyn,814
2021,2021-05-15,62,55 St (D),Brooklyn,854
2021,2021-08-15,62,55 St (D),Brooklyn,883
2021,2021-11-15,62,55 St (D),Brooklyn,951
2022,2022-02-15,62,55 St (D),Brooklyn,965
2022,2022-05-15,62,55 St (D),Brooklyn,1008
2022,2022-08-15,62,55 St (D),Brooklyn,931
2022,2022-11-15,62,55 St (D),Brooklyn,1009
2023,2023-02-15,62,55 St (D),Brooklyn,976
2023,2023-05-15,62,55 St (D),Brooklyn,1002
2023,2023-08-15,62,55 St (D),Brooklyn,943
2023,2023-11-15,62,55 St (D),Brooklyn,1014
2024,2024-02-15,62,55 St (D),Brooklyn,1010
2024,2024-05-15,62,55 St (D),Brooklyn,996
2024,2024-08-15,62,55 St (D),Brooklyn,936
2024,2024-11-15,62,55 St (D),Brooklyn,1084
2020,2020-02-15,620,"Court St (R)/Borough Hall (2,3,4,5)",Brooklyn,1197
2020,2020-05-15,620,"Court St (R)/Borough Hall (2,3,4,5)",Brooklyn,1033
2020,2020-08-15,620,"Court St (R)/Borough Hall (2,3,4,5)",Brooklyn,975
2020,2020-11-15,620,"Court St (R)/Borough Hall (2,3,4,5)",Brooklyn,1063
2021,2021-02-15,620,"Court St (R)/Borough Hall (2,3,4,5)",Brooklyn,1038
2021,2021-05-15,620,"Court St (R)/Borough Hall (2,3,4,5)",Brooklyn,1155
2021,2021-08-15,620,"Court St (R)/Borough Hall (2,3,4,5)",Brooklyn,1176
2021,2021-11-15,620,"Court St (R)/Borough Hall (2,3,4,5)",Brooklyn,1198
2022,2022-02-15,620,"Court St (R)/Borough Hall (2,3,4,5)",Brooklyn,1201
2022,2022-05-15,620,"Court St (R)/Borough Hall (2,3,4,5)",Brooklyn,1212
2022,2022-08-15,620,"Court St (R)/Borough Hall (2,3,4,5)",Brooklyn,1187
2022,2022-11-15,620,"Court St (R)/Borough Hall (2,3,4,5)",Brooklyn,1241
2023,2023-02-15,620,"Court St (R)/Borough Hall (2,3,4,5)",Brooklyn,1272
2023,2023-05-15,620,"Court St (R)/Borough Hall (2,3,4,5)",Brooklyn,1308
2023,2023-08-15,620,"Court St (R)/Borough Hall (2,3,4,5)",Brooklyn,1292
2023,2023-11-15,620,"Court St (R)/Borough Hall (2,3,4,5)",Brooklyn,1337
2024,2024-02-15,620,"Court St (R)/Borough Hall (2,3,4,5)",Brooklyn,1298
2024,2024-05-15,620,"Court St (R)/Borough Hall (2,3,4,5)",Brooklyn,1331
2024,2024-08-15,620,"Court St (R)/Borough Hall (2,3,4,5)",Brooklyn,1361
2024,2024-11-15,620,"Court St (R)/Borough Hall (2,3,4,5)",Brooklyn,1490
2020,2020-02-15,621,"Broadway Junction (A,C,J,L,Z)",Brooklyn,1078
2020,2020-05-15,621,"Broadway Junction (A,C,J,L,Z)",Brooklyn,1050
2020,2020-08-15,621,"Broadway Junction (A,C,J,L,Z)",Brooklyn,1010
2020,2020-11-15,621,"Broadway Junction (A,C,J,L,Z)",Brooklyn,1076
2021,2021-02-15,621,"Broadway Junction (A,C,J,L,Z)",Brooklyn,1037
2021,2021-05-15,621,"Broadway Junction (A,C,J,L,Z)",Brooklyn,1185
2021,2021-08-15,621,"Broadway Junction (A,C,J,L,Z)",Brooklyn,1192
2021,2021-11-15,621,"Broadway Junction (A,C,J,L,Z)",Brooklyn,1218
2022,2022-02-15,621,"Broadway Junction (A,C,J,L,Z)",Brooklyn,1211
2022,2022-05-15,621,"Broadway Junction (A,C,J,L,Z)",Brooklyn,1220
2022,2022-08-15,621,"Broadway Junction (A,C,J,L,Z)",Brooklyn,1217
2022,2022-11-15,621,"Broadway Junction (A,C,J,L,Z)",Brooklyn,1214
2023,2023-02-15,621,"Broadway Junction (A,C,J,L,Z)",Brooklyn,1220
2023,2023-05-15,621,"Broadway Junction (A,C,J,L,Z)",Brooklyn,1254
2023,2023-08-15,621,"Broadway Junction (A,C,J,L,Z)",Brooklyn,1243
2023,2023-11-15,621,"Broadway Junction (A,C,J,L,Z)",Brooklyn,1258
2024,2024-02-15,621,"Broadway Junction (A,C,J,L,Z)",Brooklyn,1250
2024,2024-05-15,621,"Broadway Junction (A,C,J,L,Z)",Brooklyn,1294
2024,2024-08-15,621,"Broadway Junction (A,C,J,L,Z)",Brooklyn,1247
2024,2024-11-15,621,"Broadway Junction (A,C,J,L,Z)",Brooklyn,1435
2020,2020-02-15,622,"Brooklyn Bridge-City Hall (4,5,6)/Chambers St (J,Z)",Manhattan,1196
2020,2020-05-15,622,"Brooklyn Bridge-City Hall (4,5,6)/Chambers St (J,Z)",Manhattan,1010
2020,2020-08-15,622,"Brooklyn Bridge-City Hall (4,5,6)/Chambers St (J,Z)",Manhattan,903
2020,2020-11-15,622,"Brooklyn Bridge-City Hall (4,5,6)/Chambers St (J,Z)",Manhattan,1051
2021,2021-02-15,622,"Brooklyn Bridge-City Hall (4,5,6)/Chambers St (J,Z)",Manhattan,1016
2021,2021-05-15,622,"Brooklyn Bridge-City Hall (4,5,6)/Chambers St (J,Z)",Manhattan,1148
2021,2021-08-15,622,"Brooklyn Bridge-City Hall (4,5,6)/Chambers St (J,Z)",Manhattan,1185
2021,2021-11-15,622,"Brooklyn Bridge-City Hall (4,5,6)/Chambers St (J,Z)",Manhattan,1213
2022,2022-02-15,622,"Brooklyn Bridge-City Hall (4,5,6)/Chambers St (J,Z)",Manhattan,1200
2022,2022-05-15,622,"Brooklyn Bridge-City Hall (4,5,6)/Chambers St (J,Z)",Manhattan,1219
2022,2022-08-15,622,"Brooklyn Bridge-City Hall (4,5,6)/Chambers St (J,Z)",Manhattan,1201
2022,2022-11-15,622,"Brooklyn Bridge-City Hall (4,5,6)/Chambers St (J,Z)",Manhattan,1256
2023,2023-02-15,622,"Brooklyn Bridge-City Hall (4,5,6)/Chambers St (J,Z)",Manhattan,1272
2023,2023-05-15,622,"Brooklyn Bridge-City Hall (4,5,6)/Chambers St (J,Z)",Manhattan,1301
2023,2023-08-15,622,"Brooklyn Bridge-City Hall (4,5,6)/Chambers St (J,Z)",Manhattan,1276
2023,2023-11-15,622,"Brooklyn Bridge-City Hall (4,5,6)/Chambers St (J,Z)",Manhattan,1307
2024,2024-02-15,622,"Brooklyn Bridge-City Hall (4,5,6)/Chambers St (J,Z)",Manhattan,1307
2024,2024-05-15,622,"Brooklyn Bridge-City Hall (4,5,6)/Chambers St (J,Z)",Manhattan,1331
2024,2024-08-15,622,"Brooklyn Bridge-City Hall (4,5,6)/Chambers St (J,Z)",Manhattan,1310
2024,2024-11-15,622,"Brooklyn Bridge-City Hall (4,5,6)/Chambers St (J,Z)",Manhattan,1495
2020,2020-02-15,623,"Canal St (J,N,Q,R,W,Z,6)",Manhattan,1231
2020,2020-05-15,623,"Canal St (J,N,Q,R,W,Z,6)",Manhattan,1007
2020,2020-08-15,623,"Canal St (J,N,Q,R,W,Z,6)",Manhattan,983
2020,2020-11-15,623,"Canal St (J,N,Q,R,W,Z,6)",Manhattan,1069
2021,2021-02-15,623,"Canal St (J,N,Q,R,W,Z,6)",Manhattan,1056
2021,2021-05-15,623,"Canal St (J,N,Q,R,W,Z,6)",Manhattan,1190
2021,2021-08-15,623,"Canal St (J,N,Q,R,W,Z,6)",Manhattan,1194
2021,2021-11-15,623,"Canal St (J,N,Q,R,W,Z,6)",Manhattan,1225
2022,2022-02-15,623,"Canal St (J,N,Q,R,W,Z,6)",Manhattan,1226
2022,2022-05-15,623,"Canal St (J,N,Q,R,W,Z,6)",Manhattan,1255
2022,2022-08-15,623,"Canal St (J,N,Q,R,W,Z,6)",Manhattan,1219
2022,2022-11-15,623,"Canal St (J,N,Q,R,W,Z,6)",Manhattan,1275
2023,2023-02-15,623,"Canal St (J,N,Q,R,W,Z,6)",Manhattan,1310
2023,2023-05-15,623,"Canal St (J,N,Q,R,W,Z,6)",Manhattan,1341
2023,2023-08-15,623,"Canal St (J,N,Q,R,W,Z,6)",Manhattan,1329
2023,2023-11-15,623,"Canal St (J,N,Q,R,W,Z,6)",Manhattan,1339
2024,2024-02-15,623,"Canal St (J,N,Q,R,W,Z,6)",Manhattan,1339
2024,2024-05-15,623,"Canal St (J,N,Q,R,W,Z,6)",Manhattan,1381
2024,2024-08-15,623,"Canal St (J,N,Q,R,W,Z,6)",Manhattan,1343
2024,2024-11-15,623,"Canal St (J,N,Q,R,W,Z,6)",Manhattan,1521
2020,2020-02-15,624,"Chambers St (A,C)/WTC (E)/Park Pl (2,3)/Cortlandt (R,W)",Manhattan,1227
2020,2020-05-15,624,"Chambers St (A,C)/WTC (E)/Park Pl (2,3)/Cortlandt (R,W)",Manhattan,1000
2020,2020-08-15,624,"Chambers St (A,C)/WTC (E)/Park Pl (2,3)/Cortlandt (R,W)",Manhattan,1010
2020,2020-11-15,624,"Chambers St (A,C)/WTC (E)/Park Pl (2,3)/Cortlandt (R,W)",Manhattan,1065
2021,2021-02-15,624,"Chambers St (A,C)/WTC (E)/Park Pl (2,3)/Cortlandt (R,W)",Manhattan,1048
2021,2021-05-15,624,"Chambers St (A,C)/WTC (E)/Park Pl (2,3)/Cortlandt (R,W)",Manhattan,1202
2021,2021-08-15,624,"Chambers St (A,C)/WTC (E)/Park Pl (2,3)/Cortlandt (R,W)",Manhattan,1200
2021,2021-11-15,624,"Chambers St (A,C)/WTC (E)/Park Pl (2,3)/Cortlandt (R,W)",Manhattan,1224
2022,2022-02-15,624,"Chambers St (A,C)/WTC (E)/Park Pl (2,3)/Cortlandt (R,W)",Manhattan,1194
2022,2022-05-15,624,"Chambers St (A,C)/WTC (E)/Park Pl (2,3)/Cortlandt (R,W)",Manhattan,1251
2022,2022-08-15,624,"Chambers St (A,C)/WTC (E)/Park Pl (2,3)/Cortlandt (R,W)",Manhattan,1232
2022,2022-11-15,624,"Chambers St (A,C)/WTC (E)/Park Pl (2,3)/Cortlandt (R,W)",Manhattan,1291
2023,2023-02-15,624,"Chambers St (A,C)/WTC (E)/Park Pl (2,3)/Cortlandt (R,W)",Manhattan,1289
2023,2023-05-15,624,"Chambers St (A,C)/WTC (E)/Park Pl (2,3)/Cortlandt (R,W)",Manhattan,1344
2023,2023-08-15,624,"Chambers St (A,C)/WTC (E)/Park Pl (2,3)/Cortlandt (R,W)",Manhattan,1330
2023,2023-11-15,624,"Chambers St (A,C)/WTC (E)/Park Pl (2,3)/Cortlandt (R,W)",Manhattan,1356
2024,2024-02-15,624,"Chambers St (A,C)/WTC (E)/Park Pl (2,3)/Cortlandt (R,W)",Manhattan,1363
2024,2024-05-15,624,"Chambers St (A,C)/WTC (E)/Park Pl (2,3)/Cortlandt (R,W)",Manhattan,1377
2024,2024-08-15,624,"Chambers St (A,C)/WTC (E)/Park Pl (2,3)/Cortlandt (R,W)",Manhattan,1404
2024,2024-11-15,624,"Chambers St (A,C)/WTC (E)/Park Pl (2,3)/Cortlandt (R,W)",Manhattan,1552
2020,2020-02-15,625,"Delancey St (F)/Essex St (J,M,Z)",Manhattan,1083
2020,2020-05-15,625,"Delancey St (F)/Essex St (J,M,Z)",Manhattan,927
2020,2020-08-15,625,"Delancey St (F)/Essex St (J,M,Z)",Manhattan,951
2020,2020-11-15,625,"Delancey St (F)/Essex St (J,M,Z)",Manhattan,1078
2021,2021-02-15,625,"Delancey St (F)/Essex St (J,M,Z)",Manhattan,1065
2021,2021-05-15,625,"Delancey St (F)/Essex St (J,M,Z)",Manhattan,1202
2021,2021-08-15,625,"Delancey St (F)/Essex St (J,M,Z)",Manhattan,1219
2021,2021-11-15,625,"Delancey St (F)/Essex St (J,M,Z)",Manhattan,1249
2022,2022-02-15,625,"Delancey St (F)/Essex St (J,M,Z)",Manhattan,1248
2022,2022-05-15,625,"Delancey St (F)/Essex St (J,M,Z)",Manhattan,1270
2022,2022-08-15,625,"Delancey St (F)/Essex St (J,M,Z)",Manhattan,1237
2022,2022-11-15,625,"Delancey St (F)/Essex St (J,M,Z)",Manhattan,1305
2023,2023-02-15,625,"Delancey St (F)/Essex St (J,M,Z)",Manhattan,1316
2023,2023-05-15,625,"Delancey St (F)/Essex St (J,M,Z)",Manhattan,1365
2023,2023-08-15,625,"Delancey St (F)/Essex St (J,M,Z)",Manhattan,1334
2023,2023-11-15,625,"Delancey St (F)/Essex St (J,M,Z)",Manhattan,1359
2024,2024-02-15,625,"Delancey St (F)/Essex St (J,M,Z)",Manhattan,1349
2024,2024-05-15,625,"Delancey St (F)/Essex St (J,M,Z)",Manhattan,1374
2024,2024-08-15,625,"Delancey St (F)/Essex St (J,M,Z)",Manhattan,1461
2024,2024-11-15,625,"Delancey St (F)/Essex St (J,M,Z)",Manhattan,1577
2020,2020-02-15,626,"Franklin Av (2,3,4,5)/Botanic Garden (S)",Brooklyn,1059
2020,2020-05-15,626,"Franklin Av (2,3,4,5)/Botanic Garden (S)",Brooklyn,902
2020,2020-08-15,626,"Franklin Av (2,3,4,5)/Botanic Garden (S)",Brooklyn,999
2020,2020-11-15,626,"Franklin Av (2,3,4,5)/Botanic Garden (S)",Brooklyn,1079
2021,2021-02-15,626,"Franklin Av (2,3,4,5)/Botanic Garden (S)",Brooklyn,1043
2021,2021-05-15,626,"Franklin Av (2,3,4,5)/Botanic Garden (S)",Brooklyn,1162
2021,2021-08-15,626,"Franklin Av (2,3,4,5)/Botanic Garden (S)",Brooklyn,1178
2021,2021-11-15,626,"Franklin Av (2,3,4,5)/Botanic Garden (S)",Brooklyn,1213
2022,2022-02-15,626,"Franklin Av (2,3,4,5)/Botanic Garden (S)",Brooklyn,1219
2022,2022-05-15,626,"Franklin Av (2,3,4,5)/Botanic Garden (S)",Brooklyn,1218
2022,2022-08-15,626,"Franklin Av (2,3,4,5)/Botanic Garden (S)",Brooklyn,1203
2022,2022-11-15,626,"Franklin Av (2,3,4,5)/Botanic Garden (S)",Brooklyn,1255
2023,2023-02-15,626,"Franklin Av (2,3,4,5)/Botanic Garden (S)",Brooklyn,1232
2023,2023-05-15,626,"Franklin Av (2,3,4,5)/Botanic Garden (S)",Brooklyn,1285
2023,2023-08-15,626,"Franklin Av (2,3,4,5)/Botanic Garden (S)",Brooklyn,1249
2023,2023-11-15,626,"Franklin Av (2,3,4,5)/Botanic Garden (S)",Brooklyn,1281
2024,2024-02-15,626,"Franklin Av (2,3,4,5)/Botanic Garden (S)",Brooklyn,1276
2024,2024-05-15,626,"Franklin Av (2,3,4,5)/Botanic Garden (S)",Brooklyn,1311
2024,2024-08-15,626,"Franklin Av (2,3,4,5)/Botanic Garden (S)",Brooklyn,1276
2024,2024-11-15,626,"Franklin Av (2,3,4,5)/Botanic Garden (S)",Brooklyn,1460
2020,2020-02-15,627,"Franklin Av (C,S)",Brooklyn,1021
2020,2020-05-15,627,"Franklin Av (C,S)",Brooklyn,900
2020,2020-08-15,627,"Franklin Av (C,S)",Brooklyn,928
2020,2020-11-15,627,"Franklin Av (C,S)",Brooklyn,1007
2021,2021-02-15,627,"Franklin Av (C,S)",Brooklyn,986
2021,2021-05-15,627,"Franklin Av (C,S)",Brooklyn,1095
2021,2021-08-15,627,"Franklin Av (C,S)",Brooklyn,1110
2021,2021-11-15,627,"Franklin Av (C,S)",Brooklyn,1155
2022,2022-02-15,627,"Franklin Av (C,S)",Brooklyn,1128
2022,2022-05-15,627,"Franklin Av (C,S)",Brooklyn,1164
2022,2022-08-15,627,"Franklin Av (C,S)",Brooklyn,1106
2022,2022-11-15,627,"Franklin Av (C,S)",Brooklyn,1133
2023,2023-02-15,627,"Franklin Av (C,S)",Brooklyn,1145
2023,2023-05-15,627,"Franklin Av (C,S)",Brooklyn,1170
2023,2023-08-15,627,"Franklin Av (C,S)",Brooklyn,1129
2023,2023-11-15,627,"Franklin Av (C,S)",Brooklyn,1171
2024,2024-02-15,627,"Franklin Av (C,S)",Brooklyn,1173
2024,2024-05-15,627,"Franklin Av (C,S)",Brooklyn,1209
2024,2024-08-15,627,"Franklin Av (C,S)",Brooklyn,1155
2024,2024-11-15,627,"Franklin Av (C,S)",Brooklyn,1304
2020,2020-02-15,628,"Fulton St (A,C,J,Z,2,3,4,5)",Manhattan,1250
2020,2020-05-15,628,"Fulton St (A,C,J,Z,2,3,4,5)",Manhattan,1068
2020,2020-08-15,628,"Fulton St (A,C,J,Z,2,3,4,5)",Manhattan,1037
2020,2020-11-15,628,"Fulton St (A,C,J,Z,2,3,4,5)",Manhattan,1093
2021,2021-02-15,628,"Fulton St (A,C,J,Z,2,3,4,5)",Manhattan,1079
2021,2021-05-15,628,"Fulton St (A,C,J,Z,2,3,4,5)",Manhattan,1214
2021,2021-08-15,628,"Fulton St (A,C,J,Z,2,3,4,5)",Manhattan,1225
2021,2021-11-15,628,"Fulton St (A,C,J,Z,2,3,4,5)",Manhattan,1247
2022,2022-02-15,628,"Fulton St (A,C,J,Z,2,3,4,5)",Manhattan,1239
2022,2022-05-15,628,"Fulton St (A,C,J,Z,2,3,4,5)",Manhattan,1281
2022,2022-08-15,628,"Fulton St (A,C,J,Z,2,3,4,5)",Manhattan,1256
2022,2022-11-15,628,"Fulton St (A,C,J,Z,2,3,4,5)",Manhattan,1356
2023,2023-02-15,628,"Fulton St (A,C,J,Z,2,3,4,5)",Manhattan,1365
2023,2023-05-15,628,"Fulton St (A,C,J,Z,2,3,4,5)",Manhattan,1388
2023,2023-08-15,628,"Fulton St (A,C,J,Z,2,3,4,5)",Manhattan,1358
2023,2023-11-15,628,"Fulton St (A,C,J,Z,2,3,4,5)",Manhattan,1399
2024,2024-02-15,628,"Fulton St (A,C,J,Z,2,3,4,5)",Manhattan,1400
2024,2024-05-15,628,"Fulton St (A,C,J,Z,2,3,4,5)",Manhattan,1400
2024,2024-08-15,628,"Fulton St (A,C,J,Z,2,3,4,5)",Manhattan,1469
2024,2024-11-15,628,"Fulton St (A,C,J,Z,2,3,4,5)",Manhattan,1599
2020,2020-02-15,629,Lorimer St (L)/Metropolitan Av (G),Brooklyn,1055
2020,2020-05-15,629,Lorimer St (L)/Metropolitan Av (G),Brooklyn,854
2020,2020-08-15,629,Lorimer St (L)/Metropolitan Av (G),Brooklyn,831
2020,2020-11-15,629,Lorimer St (L)/Metropolitan Av (G),Brooklyn,1048
2021,2021-02-15,629,Lorimer St (L)/Metropolitan Av (G),Brooklyn,994
2021,2021-05-15,629,Lorimer St (L)/Metropolitan Av (G),Brooklyn,1159
2021,2021-08-15,629,Lorimer St (L)/Metropolitan Av (G),Brooklyn,1182
2021,2021-11-15,629,Lorimer St (L)/Metropolitan Av (G),Brooklyn,1208
2022,2022-02-15,629,Lorimer St (L)/Metropolitan Av (G),Brooklyn,1209
2022,2022-05-15,629,Lorimer St (L)/Metropolitan Av (G),Brooklyn,1227
2022,2022-08-15,629,Lorimer St (L)/Metropolitan Av (G),Brooklyn,1211
2022,2022-11-15,629,Lorimer St (L)/Metropolitan Av (G),Brooklyn,1254
2023,2023-02-15,629,Lorimer St (L)/Metropolitan Av (G),Brooklyn,1258
2023,2023-05-15,629,Lorimer St (L)/Metropolitan Av (G),Brooklyn,1249
2023,2023-08-15,629,Lorimer St (L)/Metropolitan Av (G),Brooklyn,1262
2023,2023-11-15,629,Lorimer St (L)/Metropolitan Av (G),Brooklyn,1279
2024,2024-02-15,629,Lorimer St (L)/Metropolitan Av (G),Brooklyn,1276
2024,2024-05-15,629,Lorimer St (L)/Metropolitan Av (G),Brooklyn,1310
2024,2024-08-15,629,Lorimer St (L)/Metropolitan Av (G),Brooklyn,1321
2024,2024-11-15,629,Lorimer St (L)/Metropolitan Av (G),Brooklyn,1479
2020,2020-02-15,630,"Myrtle-Wyckoff Avs (L,M)",Brooklyn,1049
2020,2020-05-15,630,"Myrtle-Wyckoff Avs (L,M)",Brooklyn,921
2020,2020-08-15,630,"Myrtle-Wyckoff Avs (L,M)",Brooklyn,873
2020,2020-11-15,630,"Myrtle-Wyckoff Avs (L,M)",Brooklyn,1083
2021,2021-02-15,630,"Myrtle-Wyckoff Avs (L,M)",Brooklyn,1060
2021,2021-05-15,630,"Myrtle-Wyckoff Avs (L,M)",Brooklyn,1193
2021,2021-08-15,630,"Myrtle-Wyckoff Avs (L,M)",Brooklyn,1202
2021,2021-11-15,630,"Myrtle-Wyckoff Avs (L,M)",Brooklyn,1216
2022,2022-02-15,630,"Myrtle-Wyckoff Avs (L,M)",Brooklyn,1234
2022,2022-05-15,630,"Myrtle-Wyckoff Avs (L,M)",Brooklyn,1250
2022,2022-08-15,630,"Myrtle-Wyckoff Avs (L,M)",Brooklyn,1224
2022,2022-11-15,630,"Myrtle-Wyckoff Avs (L,M)",Brooklyn,1260
2023,2023-02-15,630,"Myrtle-Wyckoff Avs (L,M)",Brooklyn,1255
2023,2023-05-15,630,"Myrtle-Wyckoff Avs (L,M)",Brooklyn,1287
2023,2023-08-15,630,"Myrtle-Wyckoff Avs (L,M)",Brooklyn,1266
2023,2023-11-15,630,"Myrtle-Wyckoff Avs (L,M)",Brooklyn,1284
2024,2024-02-15,630,"Myrtle-Wyckoff Avs (L,M)",Brooklyn,1276
2024,2024-05-15,630,"Myrtle-Wyckoff Avs (L,M)",Brooklyn,1424
2024,2024-08-15,630,"Myrtle-Wyckoff Avs (L,M)",Brooklyn,1420
2024,2024-11-15,630,"Myrtle-Wyckoff Avs (L,M)",Brooklyn,1526
2020,2020-02-15,635,"South Ferry (1)/Whitehall St (R,W)",Manhattan,1249
2020,2020-05-15,635,"South Ferry (1)/Whitehall St (R,W)",Manhattan,1052
2020,2020-08-15,635,"South Ferry (1)/Whitehall St (R,W)",Manhattan,1026
2020,2020-11-15,635,"South Ferry (1)/Whitehall St (R,W)",Manhattan,1093
2021,2021-02-15,635,"South Ferry (1)/Whitehall St (R,W)",Manhattan,1046
2021,2021-05-15,635,"South Ferry (1)/Whitehall St (R,W)",Manhattan,1206
2021,2021-08-15,635,"South Ferry (1)/Whitehall St (R,W)",Manhattan,1219
2021,2021-11-15,635,"South Ferry (1)/Whitehall St (R,W)",Manhattan,1257
2022,2022-02-15,635,"South Ferry (1)/Whitehall St (R,W)",Manhattan,1253
2022,2022-05-15,635,"South Ferry (1)/Whitehall St (R,W)",Manhattan,1285
2022,2022-08-15,635,"South Ferry (1)/Whitehall St (R,W)",Manhattan,1269
2022,2022-11-15,635,"South Ferry (1)/Whitehall St (R,W)",Manhattan,1287
2023,2023-02-15,635,"South Ferry (1)/Whitehall St (R,W)",Manhattan,1296
2023,2023-05-15,635,"South Ferry (1)/Whitehall St (R,W)",Manhattan,1339
2023,2023-08-15,635,"South Ferry (1)/Whitehall St (R,W)",Manhattan,1352
2023,2023-11-15,635,"South Ferry (1)/Whitehall St (R,W)",Manhattan,1352
2024,2024-02-15,635,"South Ferry (1)/Whitehall St (R,W)",Manhattan,1359
2024,2024-05-15,635,"South Ferry (1)/Whitehall St (R,W)",Manhattan,1363
2024,2024-08-15,635,"South Ferry (1)/Whitehall St (R,W)",Manhattan,1376
2024,2024-11-15,635,"South Ferry (1)/Whitehall St (R,W)",Manhattan,1546
2020,2020-02-15,636,"Jay St-MetroTech (A,C,F,R)",Brooklyn,1245
2020,2020-05-15,636,"Jay St-MetroTech (A,C,F,R)",Brooklyn,1070
2020,2020-08-15,636,"Jay St-MetroTech (A,C,F,R)",Brooklyn,1014
2020,2020-11-15,636,"Jay St-MetroTech (A,C,F,R)",Brooklyn,1075
2021,2021-02-15,636,"Jay St-MetroTech (A,C,F,R)",Brooklyn,1059
2021,2021-05-15,636,"Jay St-MetroTech (A,C,F,R)",Brooklyn,1187
2021,2021-08-15,636,"Jay St-MetroTech (A,C,F,R)",Brooklyn,1222
2021,2021-11-15,636,"Jay St-MetroTech (A,C,F,R)",Brooklyn,1242
2022,2022-02-15,636,"Jay St-MetroTech (A,C,F,R)",Brooklyn,1237
2022,2022-05-15,636,"Jay St-MetroTech (A,C,F,R)",Brooklyn,1255
2022,2022-08-15,636,"Jay St-MetroTech (A,C,F,R)",Brooklyn,1235
2022,2022-11-15,636,"Jay St-MetroTech (A,C,F,R)",Brooklyn,1298
2023,2023-02-15,636,"Jay St-MetroTech (A,C,F,R)",Brooklyn,1306
2023,2023-05-15,636,"Jay St-MetroTech (A,C,F,R)",Brooklyn,1345
2023,2023-08-15,636,"Jay St-MetroTech (A,C,F,R)",Brooklyn,1329
2023,2023-11-15,636,"Jay St-MetroTech (A,C,F,R)",Brooklyn,1339
2024,2024-02-15,636,"Jay St-MetroTech (A,C,F,R)",Brooklyn,1334
2024,2024-05-15,636,"Jay St-MetroTech (A,C,F,R)",Brooklyn,1375
2024,2024-08-15,636,"Jay St-MetroTech (A,C,F,R)",Brooklyn,1345
2024,2024-11-15,636,"Jay St-MetroTech (A,C,F,R)",Brooklyn,1573
2020,2020-02-15,64,71 St (D),Brooklyn,980
2020,2020-05-15,64,71 St (D),Brooklyn,756
2020,2020-08-15,64,71 St (D),Brooklyn,730
2020,2020-11-15,64,71 St (D),Brooklyn,832
2021,2021-02-15,64,71 St (D),Brooklyn,766
2021,2021-05-15,64,71 St (D),Brooklyn,993
2021,2021-08-15,64,71 St (D),Brooklyn,965
2021,2021-11-15,64,71 St (D),Brooklyn,1047
2022,2022-02-15,64,71 St (D),Brooklyn,1034
2022,2022-05-15,64,71 St (D),Brooklyn,1066
2022,2022-08-15,64,71 St (D),Brooklyn,1054
2022,2022-11-15,64,71 St (D),Brooklyn,1070
2023,2023-02-15,64,71 St (D),Brooklyn,1081
2023,2023-05-15,64,71 St (D),Brooklyn,1096
2023,2023-08-15,64,71 St (D),Brooklyn,1087
2023,2023-11-15,64,71 St (D),Brooklyn,1061
2024,2024-02-15,64,71 St (D),Brooklyn,1118
2024,2024-05-15,64,71 St (D),Brooklyn,1144
2024,2024-08-15,64,71 St (D),Brooklyn,1125
2024,2024-11-15,64,71 St (D),Brooklyn,1242
2020,2020-02-15,65,79 St (D),Brooklyn,965
2020,2020-05-15,65,79 St (D),Brooklyn,704
2020,2020-08-15,65,79 St (D),Brooklyn,746
2020,2020-11-15,65,79 St (D),Brooklyn,818
2021,2021-02-15,65,79 St (D),Brooklyn,842
2021,2021-05-15,65,79 St (D),Brooklyn,1029
2021,2021-08-15,65,79 St (D),Brooklyn,1007
2021,2021-11-15,65,79 St (D),Brooklyn,1068
2022,2022-02-15,65,79 St (D),Brooklyn,1050
2022,2022-05-15,65,79 St (D),Brooklyn,1083
2022,2022-08-15,65,79 St (D),Brooklyn,1088
2022,2022-11-15,65,79 St (D),Brooklyn,1083
2023,2023-02-15,65,79 St (D),Brooklyn,1086
2023,2023-05-15,65,79 St (D),Brooklyn,1113
2023,2023-08-15,65,79 St (D),Brooklyn,1109
2023,2023-11-15,65,79 St (D),Brooklyn,1101
2024,2024-02-15,65,79 St (D),Brooklyn,1126
2024,2024-05-15,65,79 St (D),Brooklyn,1152
2024,2024-08-15,65,79 St (D),Brooklyn,1128
2024,2024-11-15,65,79 St (D),Brooklyn,1265
2020,2020-02-15,66,18 Av (D),Brooklyn,992
2020,2020-05-15,66,18 Av (D),Brooklyn,745
2020,2020-08-15,66,18 Av (D),Brooklyn,776
2020,2020-11-15,66,18 Av (D),Brooklyn,848
2021,2021-02-15,66,18 Av (D),Brooklyn,878
2021,2021-05-15,66,18 Av (D),Brooklyn,1038
2021,2021-08-15,66,18 Av (D),Brooklyn,1038
2021,2021-11-15,66,18 Av (D),Brooklyn,1090
2022,2022-02-15,66,18 Av (D),Brooklyn,1095
2022,2022-05-15,66,18 Av (D),Brooklyn,1117
2022,2022-08-15,66,18 Av (D),Brooklyn,1110
2022,2022-11-15,66,18 Av (D),Brooklyn,1120
2023,2023-02-15,66,18 Av (D),Brooklyn,1119
2023,2023-05-15,66,18 Av (D),Brooklyn,1147
2023,2023-08-15,66,18 Av (D),Brooklyn,1147
2023,2023-11-15,66,18 Av (D),Brooklyn,1131
2024,2024-02-15,66,18 Av (D),Brooklyn,1141
2024,2024-05-15,66,18 Av (D),Brooklyn,1187
2024,2024-08-15,66,18 Av (D),Brooklyn,1176
2024,2024-11-15,66,18 Av (D),Brooklyn,1303
2020,2020-02-15,67,20 Av (D),Brooklyn,968
2020,2020-05-15,67,20 Av (D),Brooklyn,676
2020,2020-08-15,67,20 Av (D),Brooklyn,729
2020,2020-11-15,67,20 Av (D),Brooklyn,832
2021,2021-02-15,67,20 Av (D),Brooklyn,853
2021,2021-05-15,67,20 Av (D),Brooklyn,1016
2021,2021-08-15,67,20 Av (D),Brooklyn,1021
2021,2021-11-15,67,20 Av (D),Brooklyn,1066
2022,2022-02-15,67,20 Av (D),Brooklyn,1048
2022,2022-05-15,67,20 Av (D),Brooklyn,1089
2022,2022-08-15,67,20 Av (D),Brooklyn,1049
2022,2022-11-15,67,20 Av (D),Brooklyn,1104
2023,2023-02-15,67,20 Av (D),Brooklyn,1104
2023,2023-05-15,67,20 Av (D),Brooklyn,1112
2023,2023-08-15,67,20 Av (D),Brooklyn,1105
2023,2023-11-15,67,20 Av (D),Brooklyn,1095
2024,2024-02-15,67,20 Av (D),Brooklyn,1142
2024,2024-05-15,67,20 Av (D),Brooklyn,1163
2024,2024-08-15,67,20 Av (D),Brooklyn,1142
2024,2024-11-15,67,20 Av (D),Brooklyn,1274
2020,2020-02-15,68,Bay Pkwy (D),Brooklyn,1023
2020,2020-05-15,68,Bay Pkwy (D),Brooklyn,835
2020,2020-08-15,68,Bay Pkwy (D),Brooklyn,808
2020,2020-11-15,68,Bay Pkwy (D),Brooklyn,880
2021,2021-02-15,68,Bay Pkwy (D),Brooklyn,954
2021,2021-05-15,68,Bay Pkwy (D),Brooklyn,1092
2021,2021-08-15,68,Bay Pkwy (D),Brooklyn,1088
2021,2021-11-15,68,Bay Pkwy (D),Brooklyn,1149
2022,2022-02-15,68,Bay Pkwy (D),Brooklyn,1124
2022,2022-05-15,68,Bay Pkwy (D),Brooklyn,1148
2022,2022-08-15,68,Bay Pkwy (D),Brooklyn,1143
2022,2022-11-15,68,Bay Pkwy (D),Brooklyn,1149
2023,2023-02-15,68,Bay Pkwy (D),Brooklyn,1161
2023,2023-05-15,68,Bay Pkwy (D),Brooklyn,1172
2023,2023-08-15,68,Bay Pkwy (D),Brooklyn,1174
2023,2023-11-15,68,Bay Pkwy (D),Brooklyn,1151
2024,2024-02-15,68,Bay Pkwy (D),Brooklyn,1176
2024,2024-05-15,68,Bay Pkwy (D),Brooklyn,1198
2024,2024-08-15,68,Bay Pkwy (D),Brooklyn,1189
2024,2024-11-15,68,Bay Pkwy (D),Brooklyn,1338
2020,2020-02-15,69,25 Av (D),Brooklyn,972
2020,2020-05-15,69,25 Av (D),Brooklyn,675
2020,2020-08-15,69,25 Av (D),Brooklyn,746
2020,2020-11-15,69,25 Av (D),Brooklyn,831
2021,2021-02-15,69,25 Av (D),Brooklyn,813
2021,2021-05-15,69,25 Av (D),Brooklyn,1022
2021,2021-08-15,69,25 Av (D),Brooklyn,998
2021,2021-11-15,69,25 Av (D),Brooklyn,1052
2022,2022-02-15,69,25 Av (D),Brooklyn,1042
2022,2022-05-15,69,25 Av (D),Brooklyn,1074
2022,2022-08-15,69,25 Av (D),Brooklyn,1115
2022,2022-11-15,69,25 Av (D),Brooklyn,1082
2023,2023-02-15,69,25 Av (D),Brooklyn,1122
2023,2023-05-15,69,25 Av (D),Brooklyn,1114
2023,2023-08-15,69,25 Av (D),Brooklyn,1121
2023,2023-11-15,69,25 Av (D),Brooklyn,1105
2024,2024-02-15,69,25 Av (D),Brooklyn,1122
2024,2024-05-15,69,25 Av (D),Brooklyn,1141
2024,2024-08-15,69,25 Av (D),Brooklyn,1122
2024,2024-11-15,69,25 Av (D),Brooklyn,1230
2020,2020-02-15,70,Bay 50 St (D),Brooklyn,926
2020,2020-05-15,70,Bay 50 St (D),Brooklyn,613
2020,2020-08-15,70,Bay 50 St (D),Brooklyn,690
2020,2020-11-15,70,Bay 50 St (D),Brooklyn,748
2021,2021-02-15,70,Bay 50 St (D),Brooklyn,743
2021,2021-05-15,70,Bay 50 St (D),Brooklyn,920
2021,2021-08-15,70,Bay 50 St (D),Brooklyn,913
2021,2021-11-15,70,Bay 50 St (D),Brooklyn,1020
2022,2022-02-15,70,Bay 50 St (D),Brooklyn,977
2022,2022-05-15,70,Bay 50 St (D),Brooklyn,1007
2022,2022-08-15,70,Bay 50 St (D),Brooklyn,984
2022,2022-11-15,70,Bay 50 St (D),Brooklyn,990
2023,2023-02-15,70,Bay 50 St (D),Brooklyn,1017
2023,2023-05-15,70,Bay 50 St (D),Brooklyn,1041
2023,2023-08-15,70,Bay 50 St (D),Brooklyn,1013
2023,2023-11-15,70,Bay 50 St (D),Brooklyn,989
2024,2024-02-15,70,Bay 50 St (D),Brooklyn,971
2024,2024-05-15,70,Bay 50 St (D),Brooklyn,1071
2024,2024-08-15,70,Bay 50 St (D),Brooklyn,1029
2024,2024-11-15,70,Bay 50 St (D),Brooklyn,1162
2020,2020-02-15,71,8 Av (N),Brooklyn,1062
2020,2020-05-15,71,8 Av (N),Brooklyn,715
2020,2020-08-15,71,8 Av (N),Brooklyn,803
2020,2020-11-15,71,8 Av (N),Brooklyn,874
2021,2021-02-15,71,8 Av (N),Brooklyn,931
2021,2021-05-15,71,8 Av (N),Brooklyn,1071
2021,2021-08-15,71,8 Av (N),Brooklyn,1118
2021,2021-11-15,71,8 Av (N),Brooklyn,1135
2022,2022-02-15,71,8 Av (N),Brooklyn,1136
2022,2022-05-15,71,8 Av (N),Brooklyn,1163
2022,2022-08-15,71,8 Av (N),Brooklyn,1118
2022,2022-11-15,71,8 Av (N),Brooklyn,1164
2023,2023-02-15,71,8 Av (N),Brooklyn,1156
2023,2023-05-15,71,8 Av (N),Brooklyn,1199
2023,2023-08-15,71,8 Av (N),Brooklyn,1198
2023,2023-11-15,71,8 Av (N),Brooklyn,1225
2024,2024-02-15,71,8 Av (N),Brooklyn,1221
2024,2024-05-15,71,8 Av (N),Brooklyn,1254
2024,2024-08-15,71,8 Av (N),Brooklyn,1230
2024,2024-11-15,71,8 Av (N),Brooklyn,1396
2020,2020-02-15,72,Fort Hamilton Pkwy (N),Brooklyn,1000
2020,2020-05-15,72,Fort Hamilton Pkwy (N),Brooklyn,674
2020,2020-08-15,72,Fort Hamilton Pkwy (N),Brooklyn,740
2020,2020-11-15,72,Fort Hamilton Pkwy (N),Brooklyn,817
2021,2021-02-15,72,Fort Hamilton Pkwy (N),Brooklyn,929
2021,2021-05-15,72,Fort Hamilton Pkwy (N),Brooklyn,1027
2021,2021-08-15,72,Fort Hamilton Pkwy (N),Brooklyn,1063
2021,2021-11-15,72,Fort Hamilton Pkwy (N),Brooklyn,1116
2022,2022-02-15,72,Fort Hamilton Pkwy (N),Brooklyn,1106
2022,2022-05-15,72,Fort Hamilton Pkwy (N),Brooklyn,1139
2022,2022-08-15,72,Fort Hamilton Pkwy (N),Brooklyn,1101
2022,2022-11-15,72,Fort Hamilton Pkwy (N),Brooklyn,1111
2023,2023-02-15,72,Fort Hamilton Pkwy (N),Brooklyn,1148
2023,2023-05-15,72,Fort Hamilton Pkwy (N),Brooklyn,1157
2023,2023-08-15,72,Fort Hamilton Pkwy (N),Brooklyn,1147
2023,2023-11-15,72,Fort Hamilton Pkwy (N),Brooklyn,1183
2024,2024-02-15,72,Fort Hamilton Pkwy (N),Brooklyn,1171
2024,2024-05-15,72,Fort Hamilton Pkwy (N),Brooklyn,1194
2024,2024-08-15,72,Fort Hamilton Pkwy (N),Brooklyn,1179
2024,2024-11-15,72,Fort Hamilton Pkwy (N),Brooklyn,1328
2020,2020-02-15,74,18 Av (N),Brooklyn,957
2020,2020-05-15,74,18 Av (N),Brooklyn,701
2020,2020-08-15,74,18 Av (N),Brooklyn,755
2020,2020-11-15,74,18 Av (N),Brooklyn,827
2021,2021-02-15,74,18 Av (N),Brooklyn,945
2021,2021-05-15,74,18 Av (N),Brooklyn,1029
2021,2021-08-15,74,18 Av (N),Brooklyn,1069
2021,2021-11-15,74,18 Av (N),Brooklyn,1078
2022,2022-02-15,74,18 Av (N),Brooklyn,1065
2022,2022-05-15,74,18 Av (N),Brooklyn,1088
2022,2022-08-15,74,18 Av (N),Brooklyn,1074
2022,2022-11-15,74,18 Av (N),Brooklyn,1094
2023,2023-02-15,74,18 Av (N),Brooklyn,1088
2023,2023-05-15,74,18 Av (N),Brooklyn,1122
2023,2023-08-15,74,18 Av (N),Brooklyn,1122
2023,2023-11-15,74,18 Av (N),Brooklyn,1155
2024,2024-02-15,74,18 Av (N),Brooklyn,1125
2024,2024-05-15,74,18 Av (N),Brooklyn,1146
2024,2024-08-15,74,18 Av (N),Brooklyn,1168
2024,2024-11-15,74,18 Av (N),Brooklyn,1287
2020,2020-02-15,75,20 Av (N),Brooklyn,890
2020,2020-05-15,75,20 Av (N),Brooklyn,532
2020,2020-08-15,75,20 Av (N),Brooklyn,676
2020,2020-11-15,75,20 Av (N),Brooklyn,755
2021,2021-02-15,75,20 Av (N),Brooklyn,812
2021,2021-05-15,75,20 Av (N),Brooklyn,933
2021,2021-08-15,75,20 Av (N),Brooklyn,962
2021,2021-11-15,75,20 Av (N),Brooklyn,1009
2022,2022-02-15,75,20 Av (N),Brooklyn,988
2022,2022-05-15,75,20 Av (N),Brooklyn,1026
2022,2022-08-15,75,20 Av (N),Brooklyn,1001
2022,2022-11-15,75,20 Av (N),Brooklyn,973
2023,2023-02-15,75,20 Av (N),Brooklyn,1019
2023,2023-05-15,75,20 Av (N),Brooklyn,1057
2023,2023-08-15,75,20 Av (N),Brooklyn,1029
2023,2023-11-15,75,20 Av (N),Brooklyn,1075
2024,2024-02-15,75,20 Av (N),Brooklyn,1059
2024,2024-05-15,75,20 Av (N),Brooklyn,1089
2024,2024-08-15,75,20 Av (N),Brooklyn,1023
2024,2024-11-15,75,20 Av (N),Brooklyn,1166
2020,2020-02-15,76,Bay Pkwy (N),Brooklyn,975
2020,2020-05-15,76,Bay Pkwy (N),Brooklyn,754
2020,2020-08-15,76,Bay Pkwy (N),Brooklyn,799
2020,2020-11-15,76,Bay Pkwy (N),Brooklyn,868
2021,2021-02-15,76,Bay Pkwy (N),Brooklyn,973
2021,2021-05-15,76,Bay Pkwy (N),Brooklyn,1078
2021,2021-08-15,76,Bay Pkwy (N),Brooklyn,1077
2021,2021-11-15,76,Bay Pkwy (N),Brooklyn,1120
2022,2022-02-15,76,Bay Pkwy (N),Brooklyn,1104
2022,2022-05-15,76,Bay Pkwy (N),Brooklyn,1138
2022,2022-08-15,76,Bay Pkwy (N),Brooklyn,1085
2022,2022-11-15,76,Bay Pkwy (N),Brooklyn,1109
2023,2023-02-15,76,Bay Pkwy (N),Brooklyn,1101
2023,2023-05-15,76,Bay Pkwy (N),Brooklyn,1175
2023,2023-08-15,76,Bay Pkwy (N),Brooklyn,1154
2023,2023-11-15,76,Bay Pkwy (N),Brooklyn,1202
2024,2024-02-15,76,Bay Pkwy (N),Brooklyn,1184
2024,2024-05-15,76,Bay Pkwy (N),Brooklyn,1196
2024,2024-08-15,76,Bay Pkwy (N),Brooklyn,1175
2024,2024-11-15,76,Bay Pkwy (N),Brooklyn,1298
2020,2020-02-15,77,Kings Hwy (N),Brooklyn,984
2020,2020-05-15,77,Kings Hwy (N),Brooklyn,705
2020,2020-08-15,77,Kings Hwy (N),Brooklyn,766
2020,2020-11-15,77,Kings Hwy (N),Brooklyn,845
2021,2021-02-15,77,Kings Hwy (N),Brooklyn,956
2021,2021-05-15,77,Kings Hwy (N),Brooklyn,1046
2021,2021-08-15,77,Kings Hwy (N),Brooklyn,1063
2021,2021-11-15,77,Kings Hwy (N),Brooklyn,1110
2022,2022-02-15,77,Kings Hwy (N),Brooklyn,1100
2022,2022-05-15,77,Kings Hwy (N),Brooklyn,1126
2022,2022-08-15,77,Kings Hwy (N),Brooklyn,1064
2022,2022-11-15,77,Kings Hwy (N),Brooklyn,1119
2023,2023-02-15,77,Kings Hwy (N),Brooklyn,1161
2023,2023-05-15,77,Kings Hwy (N),Brooklyn,1171
2023,2023-08-15,77,Kings Hwy (N),Brooklyn,1145
2023,2023-11-15,77,Kings Hwy (N),Brooklyn,1177
2024,2024-02-15,77,Kings Hwy (N),Brooklyn,1176
2024,2024-05-15,77,Kings Hwy (N),Brooklyn,1197
2024,2024-08-15,77,Kings Hwy (N),Brooklyn,1176
2024,2024-11-15,77,Kings Hwy (N),Brooklyn,1294
2020,2020-02-15,78,Avenue U (N),Brooklyn,953
2020,2020-05-15,78,Avenue U (N),Brooklyn,616
2020,2020-08-15,78,Avenue U (N),Brooklyn,744
2020,2020-11-15,78,Avenue U (N),Brooklyn,819
2021,2021-02-15,78,Avenue U (N),Brooklyn,922
2021,2021-05-15,78,Avenue U (N),Brooklyn,1019
2021,2021-08-15,78,Avenue U (N),Brooklyn,1023
2021,2021-11-15,78,Avenue U (N),Brooklyn,1085
2022,2022-02-15,78,Avenue U (N),Brooklyn,1060
2022,2022-05-15,78,Avenue U (N),Brooklyn,1089
2022,2022-08-15,78,Avenue U (N),Brooklyn,1033
2022,2022-11-15,78,Avenue U (N),Brooklyn,1053
2023,2023-02-15,78,Avenue U (N),Brooklyn,628
2023,2023-05-15,78,Avenue U (N),Brooklyn,1123
2023,2023-08-15,78,Avenue U (N),Brooklyn,1086
2023,2023-11-15,78,Avenue U (N),Brooklyn,1134
2024,2024-02-15,78,Avenue U (N),Brooklyn,1123
2024,2024-05-15,78,Avenue U (N),Brooklyn,1139
2024,2024-08-15,78,Avenue U (N),Brooklyn,1113
2024,2024-11-15,78,Avenue U (N),Brooklyn,1221
2020,2020-02-15,79,86 St (N),Brooklyn,945
2020,2020-05-15,79,86 St (N),Brooklyn,638
2020,2020-08-15,79,86 St (N),Brooklyn,742
2020,2020-11-15,79,86 St (N),Brooklyn,792
2021,2021-02-15,79,86 St (N),Brooklyn,894
2021,2021-05-15,79,86 St (N),Brooklyn,1001
2021,2021-08-15,79,86 St (N),Brooklyn,1000
2021,2021-11-15,79,86 St (N),Brooklyn,1056
2022,2022-02-15,79,86 St (N),Brooklyn,1020
2022,2022-05-15,79,86 St (N),Brooklyn,1068
2022,2022-08-15,79,86 St (N),Brooklyn,1003
2022,2022-11-15,79,86 St (N),Brooklyn,1047
2023,2023-02-15,79,86 St (N),Brooklyn,582
2023,2023-05-15,79,86 St (N),Brooklyn,1082
2023,2023-08-15,79,86 St (N),Brooklyn,1036
2023,2023-11-15,79,86 St (N),Brooklyn,1081
2024,2024-02-15,79,86 St (N),Brooklyn,1085
2024,2024-05-15,79,86 St (N),Brooklyn,1105
2024,2024-08-15,79,86 St (N),Brooklyn,1071
2024,2024-11-15,79,86 St (N),Brooklyn,1160
2020,2020-02-15,8,"5 Av/59 St (N,R,W)",Manhattan,963
2020,2020-05-15,8,"5 Av/59 St (N,R,W)",Manhattan,673
2020,2020-08-15,8,"5 Av/59 St (N,R,W)",Manhattan,887
2020,2020-11-15,8,"5 Av/59 St (N,R,W)",Manhattan,972
2021,2021-02-15,8,"5 Av/59 St (N,R,W)",Manhattan,938
2021,2021-05-15,8,"5 Av/59 St (N,R,W)",Manhattan,1057
2021,2021-08-15,8,"5 Av/59 St (N,R,W)",Manhattan,1044
2021,2021-11-15,8,"5 Av/59 St (N,R,W)",Manhattan,1151
2022,2022-02-15,8,"5 Av/59 St (N,R,W)",Manhattan,1075
2022,2022-05-15,8,"5 Av/59 St (N,R,W)",Manhattan,1140
2022,2022-08-15,8,"5 Av/59 St (N,R,W)",Manhattan,1088
2022,2022-11-15,8,"5 Av/59 St (N,R,W)",Manhattan,1081
2023,2023-02-15,8,"5 Av/59 St (N,R,W)",Manhattan,1155
2023,2023-05-15,8,"5 Av/59 St (N,R,W)",Manhattan,1193
2023,2023-08-15,8,"5 Av/59 St (N,R,W)",Manhattan,1156
2023,2023-11-15,8,"5 Av/59 St (N,R,W)",Manhattan,1237
2024,2024-02-15,8,"5 Av/59 St (N,R,W)",Manhattan,1178
2024,2024-05-15,8,"5 Av/59 St (N,R,W)",Manhattan,1244
2024,2024-08-15,8,"5 Av/59 St (N,R,W)",Manhattan,1199
2024,2024-11-15,8,"5 Av/59 St (N,R,W)",Manhattan,1357
2020,2020-02-15,80,"121 St (J,Z)",Queens,926
2020,2020-05-15,80,"121 St (J,Z)",Queens,599
2020,2020-08-15,80,"121 St (J,Z)",Queens,666
2020,2020-11-15,80,"121 St (J,Z)",Queens,844
2021,2021-02-15,80,"121 St (J,Z)",Queens,807
2021,2021-05-15,80,"121 St (J,Z)",Queens,968
2021,2021-08-15,80,"121 St (J,Z)",Queens,877
2021,2021-11-15,80,"121 St (J,Z)",Queens,1058
2022,2022-02-15,80,"121 St (J,Z)",Queens,656
2022,2022-05-15,80,"121 St (J,Z)",Queens,1080
2022,2022-08-15,80,"121 St (J,Z)",Queens,802
2022,2022-11-15,80,"121 St (J,Z)",Queens,1082
2023,2023-02-15,80,"121 St (J,Z)",Queens,1081
2023,2023-05-15,80,"121 St (J,Z)",Queens,1101
2023,2023-08-15,80,"121 St (J,Z)",Queens,806
2023,2023-11-15,80,"121 St (J,Z)",Queens,1120
2024,2024-02-15,80,"121 St (J,Z)",Queens,1057
2024,2024-05-15,80,"121 St (J,Z)",Queens,847
2024,2024-08-15,80,"121 St (J,Z)",Queens,811
2024,2024-11-15,80,"121 St (J,Z)",Queens,1219
2020,2020-02-15,81,111 St (J),Queens,891
2020,2020-05-15,81,111 St (J),Queens,528
2020,2020-08-15,81,111 St (J),Queens,619
2020,2020-11-15,81,111 St (J),Queens,842
2021,2021-02-15,81,111 St (J),Queens,818
2021,2021-05-15,81,111 St (J),Queens,964
2021,2021-08-15,81,111 St (J),Queens,864
2021,2021-11-15,81,111 St (J),Queens,1038
2022,2022-02-15,81,111 St (J),Queens,631
2022,2022-05-15,81,111 St (J),Queens,1062
2022,2022-08-15,81,111 St (J),Queens,688
2022,2022-11-15,81,111 St (J),Queens,1004
2023,2023-02-15,81,111 St (J),Queens,1030
2023,2023-05-15,81,111 St (J),Queens,1035
2023,2023-08-15,81,111 St (J),Queens,749
2023,2023-11-15,81,111 St (J),Queens,1045
2024,2024-02-15,81,111 St (J),Queens,1051
2024,2024-05-15,81,111 St (J),Queens,827
2024,2024-08-15,81,111 St (J),Queens,793
2024,2024-11-15,81,111 St (J),Queens,1203
2020,2020-02-15,82,"104 St (J,Z)",Queens,889
2020,2020-05-15,82,"104 St (J,Z)",Queens,627
2020,2020-08-15,82,"104 St (J,Z)",Queens,651
2020,2020-11-15,82,"104 St (J,Z)",Queens,832
2021,2021-02-15,82,"104 St (J,Z)",Queens,810
2021,2021-05-15,82,"104 St (J,Z)",Queens,944
2021,2021-08-15,82,"104 St (J,Z)",Queens,822
2021,2021-11-15,82,"104 St (J,Z)",Queens,1007
2022,2022-02-15,82,"104 St (J,Z)",Queens,626
2022,2022-05-15,82,"104 St (J,Z)",Queens,1053
2022,2022-08-15,82,"104 St (J,Z)",Queens,723
2022,2022-11-15,82,"104 St (J,Z)",Queens,1020
2023,2023-02-15,82,"104 St (J,Z)",Queens,1052
2023,2023-05-15,82,"104 St (J,Z)",Queens,1091
2023,2023-08-15,82,"104 St (J,Z)",Queens,784
2023,2023-11-15,82,"104 St (J,Z)",Queens,1094
2024,2024-02-15,82,"104 St (J,Z)",Queens,1085
2024,2024-05-15,82,"104 St (J,Z)",Queens,790
2024,2024-08-15,82,"104 St (J,Z)",Queens,757
2024,2024-11-15,82,"104 St (J,Z)",Queens,1190
2020,2020-02-15,83,"Woodhaven Blvd (J,Z)",Queens,993
2020,2020-05-15,83,"Woodhaven Blvd (J,Z)",Queens,751
2020,2020-08-15,83,"Woodhaven Blvd (J,Z)",Queens,764
2020,2020-11-15,83,"Woodhaven Blvd (J,Z)",Queens,994
2021,2021-02-15,83,"Woodhaven Blvd (J,Z)",Queens,929
2021,2021-05-15,83,"Woodhaven Blvd (J,Z)",Queens,1096
2021,2021-08-15,83,"Woodhaven Blvd (J,Z)",Queens,1023
2021,2021-11-15,83,"Woodhaven Blvd (J,Z)",Queens,1107
2022,2022-02-15,83,"Woodhaven Blvd (J,Z)",Queens,749
2022,2022-05-15,83,"Woodhaven Blvd (J,Z)",Queens,1147
2022,2022-08-15,83,"Woodhaven Blvd (J,Z)",Queens,863
2022,2022-11-15,83,"Woodhaven Blvd (J,Z)",Queens,1140
2023,2023-02-15,83,"Woodhaven Blvd (J,Z)",Queens,1143
2023,2023-05-15,83,"Woodhaven Blvd (J,Z)",Queens,1070
2023,2023-08-15,83,"Woodhaven Blvd (J,Z)",Queens,767
2023,2023-11-15,83,"Woodhaven Blvd (J,Z)",Queens,1040
2024,2024-02-15,83,"Woodhaven Blvd (J,Z)",Queens,994
2024,2024-05-15,83,"Woodhaven Blvd (J,Z)",Queens,770
2024,2024-08-15,83,"Woodhaven Blvd (J,Z)",Queens,824
2024,2024-11-15,83,"Woodhaven Blvd (J,Z)",Queens,1334
2020,2020-02-15,84,85 St-Forest Pkwy (J),Queens,953
2020,2020-05-15,84,85 St-Forest Pkwy (J),Queens,705
2020,2020-08-15,84,85 St-Forest Pkwy (J),Queens,730
2020,2020-11-15,84,85 St-Forest Pkwy (J),Queens,814
2021,2021-02-15,84,85 St-Forest Pkwy (J),Queens,875
2021,2021-05-15,84,85 St-Forest Pkwy (J),Queens,994
2021,2021-08-15,84,85 St-Forest Pkwy (J),Queens,897
2021,2021-11-15,84,85 St-Forest Pkwy (J),Queens,1061
2022,2022-02-15,84,85 St-Forest Pkwy (J),Queens,644
2022,2022-05-15,84,85 St-Forest Pkwy (J),Queens,1071
2022,2022-08-15,84,85 St-Forest Pkwy (J),Queens,746
2022,2022-11-15,84,85 St-Forest Pkwy (J),Queens,1059
2023,2023-02-15,84,85 St-Forest Pkwy (J),Queens,1073
2023,2023-05-15,84,85 St-Forest Pkwy (J),Queens,1118
2023,2023-08-15,84,85 St-Forest Pkwy (J),Queens,802
2023,2023-11-15,84,85 St-Forest Pkwy (J),Queens,1145
2024,2024-02-15,84,85 St-Forest Pkwy (J),Queens,1132
2024,2024-05-15,84,85 St-Forest Pkwy (J),Queens,838
2024,2024-08-15,84,85 St-Forest Pkwy (J),Queens,759
2024,2024-11-15,84,85 St-Forest Pkwy (J),Queens,1096
2020,2020-02-15,85,"75 St-Elderts Ln (J,Z)",Queens,955
2020,2020-05-15,85,"75 St-Elderts Ln (J,Z)",Queens,689
2020,2020-08-15,85,"75 St-Elderts Ln (J,Z)",Queens,706
2020,2020-11-15,85,"75 St-Elderts Ln (J,Z)",Queens,783
2021,2021-02-15,85,"75 St-Elderts Ln (J,Z)",Queens,870
2021,2021-05-15,85,"75 St-Elderts Ln (J,Z)",Queens,991
2021,2021-08-15,85,"75 St-Elderts Ln (J,Z)",Queens,911
2021,2021-11-15,85,"75 St-Elderts Ln (J,Z)",Queens,1064
2022,2022-02-15,85,"75 St-Elderts Ln (J,Z)",Queens,656
2022,2022-05-15,85,"75 St-Elderts Ln (J,Z)",Queens,1075
2022,2022-08-15,85,"75 St-Elderts Ln (J,Z)",Queens,798
2022,2022-11-15,85,"75 St-Elderts Ln (J,Z)",Queens,1072
2023,2023-02-15,85,"75 St-Elderts Ln (J,Z)",Queens,1075
2023,2023-05-15,85,"75 St-Elderts Ln (J,Z)",Queens,970
2023,2023-08-15,85,"75 St-Elderts Ln (J,Z)",Queens,731
2023,2023-11-15,85,"75 St-Elderts Ln (J,Z)",Queens,938
2024,2024-02-15,85,"75 St-Elderts Ln (J,Z)",Queens,898
2024,2024-05-15,85,"75 St-Elderts Ln (J,Z)",Queens,694
2024,2024-08-15,85,"75 St-Elderts Ln (J,Z)",Queens,793
2024,2024-11-15,85,"75 St-Elderts Ln (J,Z)",Queens,1220
2020,2020-02-15,86,Cypress Hills (J),Brooklyn,834
2020,2020-05-15,86,Cypress Hills (J),Brooklyn,551
2020,2020-08-15,86,Cypress Hills (J),Brooklyn,585
2020,2020-11-15,86,Cypress Hills (J),Brooklyn,776
2021,2021-02-15,86,Cypress Hills (J),Brooklyn,757
2021,2021-05-15,86,Cypress Hills (J),Brooklyn,879
2021,2021-08-15,86,Cypress Hills (J),Brooklyn,747
2021,2021-11-15,86,Cypress Hills (J),Brooklyn,909
2022,2022-02-15,86,Cypress Hills (J),Brooklyn,550
2022,2022-05-15,86,Cypress Hills (J),Brooklyn,926
2022,2022-08-15,86,Cypress Hills (J),Brooklyn,680
2022,2022-11-15,86,Cypress Hills (J),Brooklyn,929
2023,2023-02-15,86,Cypress Hills (J),Brooklyn,893
2023,2023-05-15,86,Cypress Hills (J),Brooklyn,955
2023,2023-08-15,86,Cypress Hills (J),Brooklyn,695
2023,2023-11-15,86,Cypress Hills (J),Brooklyn,938
2024,2024-02-15,86,Cypress Hills (J),Brooklyn,966
2024,2024-05-15,86,Cypress Hills (J),Brooklyn,758
2024,2024-08-15,86,Cypress Hills (J),Brooklyn,543
2024,2024-11-15,86,Cypress Hills (J),Brooklyn,830
2020,2020-02-15,87,"Crescent St (J,Z)",Brooklyn,987
2020,2020-05-15,87,"Crescent St (J,Z)",Brooklyn,767
2020,2020-08-15,87,"Crescent St (J,Z)",Brooklyn,786
2020,2020-11-15,87,"Crescent St (J,Z)",Brooklyn,991
2021,2021-02-15,87,"Crescent St (J,Z)",Brooklyn,934
2021,2021-05-15,87,"Crescent St (J,Z)",Brooklyn,1073
2021,2021-08-15,87,"Crescent St (J,Z)",Brooklyn,1095
2021,2021-11-15,87,"Crescent St (J,Z)",Brooklyn,1094
2022,2022-02-15,87,"Crescent St (J,Z)",Brooklyn,1098
2022,2022-05-15,87,"Crescent St (J,Z)",Brooklyn,1115
2022,2022-08-15,87,"Crescent St (J,Z)",Brooklyn,1098
2022,2022-11-15,87,"Crescent St (J,Z)",Brooklyn,1116
2023,2023-02-15,87,"Crescent St (J,Z)",Brooklyn,1120
2023,2023-05-15,87,"Crescent St (J,Z)",Brooklyn,1131
2023,2023-08-15,87,"Crescent St (J,Z)",Brooklyn,1125
2023,2023-11-15,87,"Crescent St (J,Z)",Brooklyn,1123
2024,2024-02-15,87,"Crescent St (J,Z)",Brooklyn,1122
2024,2024-05-15,87,"Crescent St (J,Z)",Brooklyn,1169
2024,2024-08-15,87,"Crescent St (J,Z)",Brooklyn,1146
2024,2024-11-15,87,"Crescent St (J,Z)",Brooklyn,1297
2020,2020-02-15,88,"Norwood Av (J,Z)",Brooklyn,969
2020,2020-05-15,88,"Norwood Av (J,Z)",Brooklyn,722
2020,2020-08-15,88,"Norwood Av (J,Z)",Brooklyn,722
2020,2020-11-15,88,"Norwood Av (J,Z)",Brooklyn,951
2021,2021-02-15,88,"Norwood Av (J,Z)",Brooklyn,885
2021,2021-05-15,88,"Norwood Av (J,Z)",Brooklyn,1018
2021,2021-08-15,88,"Norwood Av (J,Z)",Brooklyn,1022
2021,2021-11-15,88,"Norwood Av (J,Z)",Brooklyn,1050
2022,2022-02-15,88,"Norwood Av (J,Z)",Brooklyn,1031
2022,2022-05-15,88,"Norwood Av (J,Z)",Brooklyn,1062
2022,2022-08-15,88,"Norwood Av (J,Z)",Brooklyn,1032
2022,2022-11-15,88,"Norwood Av (J,Z)",Brooklyn,1049
2023,2023-02-15,88,"Norwood Av (J,Z)",Brooklyn,1044
2023,2023-05-15,88,"Norwood Av (J,Z)",Brooklyn,991
2023,2023-08-15,88,"Norwood Av (J,Z)",Brooklyn,1017
2023,2023-11-15,88,"Norwood Av (J,Z)",Brooklyn,982
2024,2024-02-15,88,"Norwood Av (J,Z)",Brooklyn,1055
2024,2024-05-15,88,"Norwood Av (J,Z)",Brooklyn,1067
2024,2024-08-15,88,"Norwood Av (J,Z)",Brooklyn,1034
2024,2024-11-15,88,"Norwood Av (J,Z)",Brooklyn,1200
2020,2020-02-15,89,Cleveland St (J),Brooklyn,938
2020,2020-05-15,89,Cleveland St (J),Brooklyn,723
2020,2020-08-15,89,Cleveland St (J),Brooklyn,726
2020,2020-11-15,89,Cleveland St (J),Brooklyn,933
2021,2021-02-15,89,Cleveland St (J),Brooklyn,852
2021,2021-05-15,89,Cleveland St (J),Brooklyn,1017
2021,2021-08-15,89,Cleveland St (J),Brooklyn,998
2021,2021-11-15,89,Cleveland St (J),Brooklyn,1018
2022,2022-02-15,89,Cleveland St (J),Brooklyn,1007
2022,2022-05-15,89,Cleveland St (J),Brooklyn,1059
2022,2022-08-15,89,Cleveland St (J),Brooklyn,1012
2022,2022-11-15,89,Cleveland St (J),Brooklyn,1020
2023,2023-02-15,89,Cleveland St (J),Brooklyn,1016
2023,2023-05-15,89,Cleveland St (J),Brooklyn,1034
2023,2023-08-15,89,Cleveland St (J),Brooklyn,996
2023,2023-11-15,89,Cleveland St (J),Brooklyn,945
2024,2024-02-15,89,Cleveland St (J),Brooklyn,999
2024,2024-05-15,89,Cleveland St (J),Brooklyn,1036
2024,2024-08-15,89,Cleveland St (J),Brooklyn,991
2024,2024-11-15,89,Cleveland St (J),Brooklyn,1129
2020,2020-02-15,9,"57 St-7 Av (N,Q,R,W)",Manhattan,1051
2020,2020-05-15,9,"57 St-7 Av (N,Q,R,W)",Manhattan,877
2020,2020-08-15,9,"57 St-7 Av (N,Q,R,W)",Manhattan,970
2020,2020-11-15,9,"57 St-7 Av (N,Q,R,W)",Manhattan,1046
2021,2021-02-15,9,"57 St-7 Av (N,Q,R,W)",Manhattan,1042
2021,2021-05-15,9,"57 St-7 Av (N,Q,R,W)",Manhattan,1172
2021,2021-08-15,9,"57 St-7 Av (N,Q,R,W)",Manhattan,1188
2021,2021-11-15,9,"57 St-7 Av (N,Q,R,W)",Manhattan,1218
2022,2022-02-15,9,"57 St-7 Av (N,Q,R,W)",Manhattan,1212
2022,2022-05-15,9,"57 St-7 Av (N,Q,R,W)",Manhattan,1234
2022,2022-08-15,9,"57 St-7 Av (N,Q,R,W)",Manhattan,1212
2022,2022-11-15,9,"57 St-7 Av (N,Q,R,W)",Manhattan,1303
2023,2023-02-15,9,"57 St-7 Av (N,Q,R,W)",Manhattan,1329
2023,2023-05-15,9,"57 St-7 Av (N,Q,R,W)",Manhattan,1352
2023,2023-08-15,9,"57 St-7 Av (N,Q,R,W)",Manhattan,1329
2023,2023-11-15,9,"57 St-7 Av (N,Q,R,W)",Manhattan,1373
2024,2024-02-15,9,"57 St-7 Av (N,Q,R,W)",Manhattan,1345
2024,2024-05-15,9,"57 St-7 Av (N,Q,R,W)",Manhattan,1385
2024,2024-08-15,9,"57 St-7 Av (N,Q,R,W)",Manhattan,1394
2024,2024-11-15,9,"57 St-7 Av (N,Q,R,W)",Manhattan,1562
2020,2020-02-15,90,"Van Siclen Av (J,Z)",Brooklyn,941
2020,2020-05-15,90,"Van Siclen Av (J,Z)",Brooklyn,688
2020,2020-08-15,90,"Van Siclen Av (J,Z)",Brooklyn,717
2020,2020-11-15,90,"Van Siclen Av (J,Z)",Brooklyn,925
2021,2021-02-15,90,"Van Siclen Av (J,Z)",Brooklyn,836
2021,2021-05-15,90,"Van Siclen Av (J,Z)",Brooklyn,953
2021,2021-08-15,90,"Van Siclen Av (J,Z)",Brooklyn,992
2021,2021-11-15,90,"Van Siclen Av (J,Z)",Brooklyn,1055
2022,2022-02-15,90,"Van Siclen Av (J,Z)",Brooklyn,996
2022,2022-05-15,90,"Van Siclen Av (J,Z)",Brooklyn,1041
2022,2022-08-15,90,"Van Siclen Av (J,Z)",Brooklyn,996
2022,2022-11-15,90,"Van Siclen Av (J,Z)",Brooklyn,1012
2023,2023-02-15,90,"Van Siclen Av (J,Z)",Brooklyn,1028
2023,2023-05-15,90,"Van Siclen Av (J,Z)",Brooklyn,1054
2023,2023-08-15,90,"Van Siclen Av (J,Z)",Brooklyn,981
2023,2023-11-15,90,"Van Siclen Av (J,Z)",Brooklyn,960
2024,2024-02-15,90,"Van Siclen Av (J,Z)",Brooklyn,1017
2024,2024-05-15,90,"Van Siclen Av (J,Z)",Brooklyn,1052
2024,2024-08-15,90,"Van Siclen Av (J,Z)",Brooklyn,1032
2024,2024-11-15,90,"Van Siclen Av (J,Z)",Brooklyn,1173
2020,2020-02-15,91,Alabama Av (J),Brooklyn,954
2020,2020-05-15,91,Alabama Av (J),Brooklyn,736
2020,2020-08-15,91,Alabama Av (J),Brooklyn,728
2020,2020-11-15,91,Alabama Av (J),Brooklyn,919
2021,2021-02-15,91,Alabama Av (J),Brooklyn,887
2021,2021-05-15,91,Alabama Av (J),Brooklyn,1020
2021,2021-08-15,91,Alabama Av (J),Brooklyn,1031
2021,2021-11-15,91,Alabama Av (J),Brooklyn,1084
2022,2022-02-15,91,Alabama Av (J),Brooklyn,1037
2022,2022-05-15,91,Alabama Av (J),Brooklyn,1103
2022,2022-08-15,91,Alabama Av (J),Brooklyn,1003
2022,2022-11-15,91,Alabama Av (J),Brooklyn,1075
2023,2023-02-15,91,Alabama Av (J),Brooklyn,1071
2023,2023-05-15,91,Alabama Av (J),Brooklyn,1096
2023,2023-08-15,91,Alabama Av (J),Brooklyn,1054
2023,2023-11-15,91,Alabama Av (J),Brooklyn,1013
2024,2024-02-15,91,Alabama Av (J),Brooklyn,1085
2024,2024-05-15,91,Alabama Av (J),Brooklyn,1088
2024,2024-08-15,91,Alabama Av (J),Brooklyn,1031
2024,2024-11-15,91,Alabama Av (J),Brooklyn,1203
2020,2020-02-15,93,"Chauncey St (J,Z)",Brooklyn,993
2020,2020-05-15,93,"Chauncey St (J,Z)",Brooklyn,751
2020,2020-08-15,93,"Chauncey St (J,Z)",Brooklyn,739
2020,2020-11-15,93,"Chauncey St (J,Z)",Brooklyn,944
2021,2021-02-15,93,"Chauncey St (J,Z)",Brooklyn,911
2021,2021-05-15,93,"Chauncey St (J,Z)",Brooklyn,1022
2021,2021-08-15,93,"Chauncey St (J,Z)",Brooklyn,1055
2021,2021-11-15,93,"Chauncey St (J,Z)",Brooklyn,1081
2022,2022-02-15,93,"Chauncey St (J,Z)",Brooklyn,1042
2022,2022-05-15,93,"Chauncey St (J,Z)",Brooklyn,1083
2022,2022-08-15,93,"Chauncey St (J,Z)",Brooklyn,1031
2022,2022-11-15,93,"Chauncey St (J,Z)",Brooklyn,1072
2023,2023-02-15,93,"Chauncey St (J,Z)",Brooklyn,1079
2023,2023-05-15,93,"Chauncey St (J,Z)",Brooklyn,1062
2023,2023-08-15,93,"Chauncey St (J,Z)",Brooklyn,1013
2023,2023-11-15,93,"Chauncey St (J,Z)",Brooklyn,1056
2024,2024-02-15,93,"Chauncey St (J,Z)",Brooklyn,1040
2024,2024-05-15,93,"Chauncey St (J,Z)",Brooklyn,1086
2024,2024-08-15,93,"Chauncey St (J,Z)",Brooklyn,1006
2024,2024-11-15,93,"Chauncey St (J,Z)",Brooklyn,1129
2020,2020-02-15,94,Halsey St (J),Brooklyn,1006
2020,2020-05-15,94,Halsey St (J),Brooklyn,807
2020,2020-08-15,94,Halsey St (J),Brooklyn,791
2020,2020-11-15,94,Halsey St (J),Brooklyn,969
2021,2021-02-15,94,Halsey St (J),Brooklyn,937
2021,2021-05-15,94,Halsey St (J),Brooklyn,1071
2021,2021-08-15,94,Halsey St (J),Brooklyn,1096
2021,2021-11-15,94,Halsey St (J),Brooklyn,1117
2022,2022-02-15,94,Halsey St (J),Brooklyn,1113
2022,2022-05-15,94,Halsey St (J),Brooklyn,1132
2022,2022-08-15,94,Halsey St (J),Brooklyn,1092
2022,2022-11-15,94,Halsey St (J),Brooklyn,1113
2023,2023-02-15,94,Halsey St (J),Brooklyn,1127
2023,2023-05-15,94,Halsey St (J),Brooklyn,1168
2023,2023-08-15,94,Halsey St (J),Brooklyn,1140
2023,2023-11-15,94,Halsey St (J),Brooklyn,1145
2024,2024-02-15,94,Halsey St (J),Brooklyn,1127
2024,2024-05-15,94,Halsey St (J),Brooklyn,1143
2024,2024-08-15,94,Halsey St (J),Brooklyn,1107
2024,2024-11-15,94,Halsey St (J),Brooklyn,1240
2020,2020-02-15,95,"Gates Av (J,Z)",Brooklyn,1019
2020,2020-05-15,95,"Gates Av (J,Z)",Brooklyn,825
2020,2020-08-15,95,"Gates Av (J,Z)",Brooklyn,786
2020,2020-11-15,95,"Gates Av (J,Z)",Brooklyn,1001
2021,2021-02-15,95,"Gates Av (J,Z)",Brooklyn,959
2021,2021-05-15,95,"Gates Av (J,Z)",Brooklyn,1081
2021,2021-08-15,95,"Gates Av (J,Z)",Brooklyn,1091
2021,2021-11-15,95,"Gates Av (J,Z)",Brooklyn,1131
2022,2022-02-15,95,"Gates Av (J,Z)",Brooklyn,1117
2022,2022-05-15,95,"Gates Av (J,Z)",Brooklyn,1142
2022,2022-08-15,95,"Gates Av (J,Z)",Brooklyn,1127
2022,2022-11-15,95,"Gates Av (J,Z)",Brooklyn,1145
2023,2023-02-15,95,"Gates Av (J,Z)",Brooklyn,1130
2023,2023-05-15,95,"Gates Av (J,Z)",Brooklyn,1167
2023,2023-08-15,95,"Gates Av (J,Z)",Brooklyn,1120
2023,2023-11-15,95,"Gates Av (J,Z)",Brooklyn,1139
2024,2024-02-15,95,"Gates Av (J,Z)",Brooklyn,1104
2024,2024-05-15,95,"Gates Av (J,Z)",Brooklyn,1180
2024,2024-08-15,95,"Gates Av (J,Z)",Brooklyn,1112
2024,2024-11-15,95,"Gates Av (J,Z)",Brooklyn,1266
2020,2020-02-15,96,Kosciuszko St (J),Brooklyn,977
2020,2020-05-15,96,Kosciuszko St (J),Brooklyn,743
2020,2020-08-15,96,Kosciuszko St (J),Brooklyn,762
2020,2020-11-15,96,Kosciuszko St (J),Brooklyn,972
2021,2021-02-15,96,Kosciuszko St (J),Brooklyn,916
2021,2021-05-15,96,Kosciuszko St (J),Brooklyn,1051
2021,2021-08-15,96,Kosciuszko St (J),Brooklyn,1089
2021,2021-11-15,96,Kosciuszko St (J),Brooklyn,1103
2022,2022-02-15,96,Kosciuszko St (J),Brooklyn,1110
2022,2022-05-15,96,Kosciuszko St (J),Brooklyn,1134
2022,2022-08-15,96,Kosciuszko St (J),Brooklyn,1091
2022,2022-11-15,96,Kosciuszko St (J),Brooklyn,1109
2023,2023-02-15,96,Kosciuszko St (J),Brooklyn,1100
2023,2023-05-15,96,Kosciuszko St (J),Brooklyn,1139
2023,2023-08-15,96,Kosciuszko St (J),Brooklyn,1114
2023,2023-11-15,96,Kosciuszko St (J),Brooklyn,1138
2024,2024-02-15,96,Kosciuszko St (J),Brooklyn,1105
2024,2024-05-15,96,Kosciuszko St (J),Brooklyn,1148
2024,2024-08-15,96,Kosciuszko St (J),Brooklyn,1148
2024,2024-11-15,96,Kosciuszko St (J),Brooklyn,1270
2020,2020-02-15,97,"Myrtle Av (M,J,Z)",Brooklyn,1046
2020,2020-05-15,97,"Myrtle Av (M,J,Z)",Brooklyn,871
2020,2020-08-15,97,"Myrtle Av (M,J,Z)",Brooklyn,834
2020,2020-11-15,97,"Myrtle Av (M,J,Z)",Brooklyn,1059
2021,2021-02-15,97,"Myrtle Av (M,J,Z)",Brooklyn,1011
2021,2021-05-15,97,"Myrtle Av (M,J,Z)",Brooklyn,1146
2021,2021-08-15,97,"Myrtle Av (M,J,Z)",Brooklyn,1178
2021,2021-11-15,97,"Myrtle Av (M,J,Z)",Brooklyn,1189
2022,2022-02-15,97,"Myrtle Av (M,J,Z)",Brooklyn,1201
2022,2022-05-15,97,"Myrtle Av (M,J,Z)",Brooklyn,1204
2022,2022-08-15,97,"Myrtle Av (M,J,Z)",Brooklyn,1185
2022,2022-11-15,97,"Myrtle Av (M,J,Z)",Brooklyn,1203
2023,2023-02-15,97,"Myrtle Av (M,J,Z)",Brooklyn,1206
2023,2023-05-15,97,"Myrtle Av (M,J,Z)",Brooklyn,1224
2023,2023-08-15,97,"Myrtle Av (M,J,Z)",Brooklyn,1214
2023,2023-11-15,97,"Myrtle Av (M,J,Z)",Brooklyn,1237
2024,2024-02-15,97,"Myrtle Av (M,J,Z)",Brooklyn,1214
2024,2024-05-15,97,"Myrtle Av (M,J,Z)",Brooklyn,1256
2024,2024-08-15,97,"Myrtle Av (M,J,Z)",Brooklyn,1228
2024,2024-11-15,97,"Myrtle Av (M,J,Z)",Brooklyn,1396
2020,2020-02-15,98,"Flushing Av (M,J)",Brooklyn,1048
2020,2020-05-15,98,"Flushing Av (M,J)",Brooklyn,896
2020,2020-08-15,98,"Flushing Av (M,J)",Brooklyn,853
2020,2020-11-15,98,"Flushing Av (M,J)",Brooklyn,1040
2021,2021-02-15,98,"Flushing Av (M,J)",Brooklyn,1021
2021,2021-05-15,98,"Flushing Av (M,J)",Brooklyn,1130
2021,2021-08-15,98,"Flushing Av (M,J)",Brooklyn,1161
2021,2021-11-15,98,"Flushing Av (M,J)",Brooklyn,1188
2022,2022-02-15,98,"Flushing Av (M,J)",Brooklyn,1156
2022,2022-05-15,98,"Flushing Av (M,J)",Brooklyn,1198
2022,2022-08-15,98,"Flushing Av (M,J)",Brooklyn,1178
2022,2022-11-15,98,"Flushing Av (M,J)",Brooklyn,1192
2023,2023-02-15,98,"Flushing Av (M,J)",Brooklyn,1184
2023,2023-05-15,98,"Flushing Av (M,J)",Brooklyn,1199
2023,2023-08-15,98,"Flushing Av (M,J)",Brooklyn,1203
2023,2023-11-15,98,"Flushing Av (M,J)",Brooklyn,1189
2024,2024-02-15,98,"Flushing Av (M,J)",Brooklyn,1184
2024,2024-05-15,98,"Flushing Av (M,J)",Brooklyn,1229
2024,2024-08-15,98,"Flushing Av (M,J)",Brooklyn,1220
2024,2024-11-15,98,"Flushing Av (M,J)",Brooklyn,1376
2020,2020-02-15,99,"Lorimer St (M,J)",Brooklyn,989
2020,2020-05-15,99,"Lorimer St (M,J)",Brooklyn,799
2020,2020-08-15,99,"Lorimer St (M,J)",Brooklyn,801
2020,2020-11-15,99,"Lorimer St (M,J)",Brooklyn,997
2021,2021-02-15,99,"Lorimer St (M,J)",Brooklyn,946
2021,2021-05-15,99,"Lorimer St (M,J)",Brooklyn,1051
2021,2021-08-15,99,"Lorimer St (M,J)",Brooklyn,1064
2021,2021-11-15,99,"Lorimer St (M,J)",Brooklyn,1108
2022,2022-02-15,99,"Lorimer St (M,J)",Brooklyn,1080
2022,2022-05-15,99,"Lorimer St (M,J)",Brooklyn,1121
2022,2022-08-15,99,"Lorimer St (M,J)",Brooklyn,1081
2022,2022-11-15,99,"Lorimer St (M,J)",Brooklyn,1127
2023,2023-02-15,99,"Lorimer St (M,J)",Brooklyn,1103
2023,2023-05-15,99,"Lorimer St (M,J)",Brooklyn,1139
2023,2023-08-15,99,"Lorimer St (M,J)",Brooklyn,1098
2023,2023-11-15,99,"Lorimer St (M,J)",Brooklyn,1113
2024,2024-02-15,99,"Lorimer St (M,J)",Brooklyn,1096
2024,2024-05-15,99,"Lorimer St (M,J)",Brooklyn,1149
2024,2024-08-15,99,"Lorimer St (M,J)",Brooklyn,1107
2024,2024-11-15,99,"Lorimer St (M,J)",Brooklyn,1225
2020,2020-02-15,TRAM1,RI Tramway (Manhattan),Manhattan,798
2020,2020-05-15,TRAM1,RI Tramway (Manhattan),Manhattan,635
2020,2020-08-15,TRAM1,RI Tramway (Manhattan),Manhattan,693
2020,2020-11-15,TRAM1,RI Tramway (Manhattan),Manhattan,731
2021,2021-02-15,TRAM1,RI Tramway (Manhattan),Manhattan,671
2021,2021-05-15,TRAM1,RI Tramway (Manhattan),Manhattan,822
2021,2021-08-15,TRAM1,RI Tramway (Manhattan),Manhattan,786
2021,2021-11-15,TRAM1,RI Tramway (Manhattan),Manhattan,820
2022,2022-02-15,TRAM1,RI Tramway (Manhattan),Manhattan,791
2022,2022-05-15,TRAM1,RI Tramway (Manhattan),Manhattan,858
2022,2022-08-15,TRAM1,RI Tramway (Manhattan),Manhattan,848
2022,2022-11-15,TRAM1,RI Tramway (Manhattan),Manhattan,820
2023,2023-02-15,TRAM1,RI Tramway (Manhattan),Manhattan,883
2023,2023-05-15,TRAM1,RI Tramway (Manhattan),Manhattan,863
2023,2023-08-15,TRAM1,RI Tramway (Manhattan),Manhattan,845
2023,2023-11-15,TRAM1,RI Tramway (Manhattan),Manhattan,1127
2024,2024-02-15,TRAM1,RI Tramway (Manhattan),Manhattan,1143
2024,2024-05-15,TRAM1,RI Tramway (Manhattan),Manhattan,1113
2024,2024-08-15,TRAM1,RI Tramway (Manhattan),Manhattan,1072
2024,2024-11-15,TRAM1,RI Tramway (Manhattan),Manhattan,1097
2020,2020-02-15,TRAM2,RI Tramway (Roosevelt),Manhattan,764
2020,2020-05-15,TRAM2,RI Tramway (Roosevelt),Manhattan,639
2020,2020-08-15,TRAM2,RI Tramway (Roosevelt),Manhattan,690
2020,2020-11-15,TRAM2,RI Tramway (Roosevelt),Manhattan,733
2021,2021-02-15,TRAM2,RI Tramway (Roosevelt),Manhattan,688
2021,2021-05-15,TRAM2,RI Tramway (Roosevelt),Manhattan,826
2021,2021-08-15,TRAM2,RI Tramway (Roosevelt),Manhattan,774
2021,2021-11-15,TRAM2,RI Tramway (Roosevelt),Manhattan,790
2022,2022-02-15,TRAM2,RI Tramway (Roosevelt),Manhattan,789
2022,2022-05-15,TRAM2,RI Tramway (Roosevelt),Manhattan,867
2022,2022-08-15,TRAM2,RI Tramway (Roosevelt),Manhattan,815
2022,2022-11-15,TRAM2,RI Tramway (Roosevelt),Manhattan,782
2023,2023-02-15,TRAM2,RI Tramway (Roosevelt),Manhattan,866
2023,2023-05-15,TRAM2,RI Tramway (Roosevelt),Manhattan,854
2023,2023-08-15,TRAM2,RI Tramway (Roosevelt),Manhattan,844
2023,2023-11-15,TRAM2,RI Tramway (Roosevelt),Manhattan,1081
2024,2024-02-15,TRAM2,RI Tramway (Roosevelt),Manhattan,1089
2024,2024-05-15,TRAM2,RI Tramway (Roosevelt),Manhattan,1067
2024,2024-08-15,TRAM2,RI Tramway (Roosevelt),Manhattan,1026
2024,2024-11-15,TRAM2,RI Tramway (Roosevelt),Manhattan,1065
